date,cdi_daily_pct,selic_daily_pct,r_annual,r_cc
2000-01-03,0.068318,0.069186,0.18779966928359082,0.1721025781718935
2000-01-04,0.068218,0.069186,0.1875005856315055,0.1718507500898885
2000-01-05,0.068184,0.06922,0.18739891427782518,0.17176512848467945
2000-01-06,0.068218,0.069286,0.1875005856315055,0.1718507500898885
2000-01-07,0.068218,0.069286,0.1875005856315055,0.1718507500898885
2000-01-10,0.068218,0.06912,0.1875005856315055,0.1718507500898885
2000-01-11,0.068285,0.068986,0.1877009633849529,0.1720194749326525
2000-01-12,0.068184,0.068819,0.18739891427782518,0.17176512848467945
2000-01-13,0.068184,0.068786,0.18739891427782518,0.17176512848467945
2000-01-14,0.068251,0.068719,0.1875992749434905,0.1719338533847708
2000-01-17,0.068184,0.068752,0.18739891427782518,0.17176512848467945
2000-01-18,0.068151,0.068686,0.18730024154971692,0.17168202513415598
2000-01-19,0.067984,0.068619,0.18680102297464907,0.17126147139457254
2000-01-20,0.06795,0.068619,0.18669941127848322,0.17117584958914503
2000-01-21,0.068251,0.068619,0.1875992749434905,0.1719338533847708
2000-01-24,0.068251,0.068619,0.1875992749434905,0.1719338533847708
2000-01-25,0.068285,0.068619,0.1877009633849529,0.1720194749326525
2000-01-26,0.068117,0.068619,0.1871985872810915,0.17159640347161947
2000-01-27,0.068017,0.068619,0.18689965437890654,0.17134457488378432
2000-01-28,0.068017,0.068652,0.18689965437890654,0.17134457488378432
2000-01-31,0.067984,0.068719,0.18680102297464907,0.17126147139457254
2000-02-01,0.068084,0.068619,0.18709993113408419,0.17151330006545462
2000-02-02,0.068051,0.068585,0.1870012831528678,0.17143019663188427
2000-02-03,0.068051,0.068619,0.1870012831528678,0.17143019663188427
2000-02-04,0.068117,0.068652,0.1871985872810915,0.17159640347161947
2000-02-07,0.068017,0.068619,0.18689965437890654,0.17134457488378432
2000-02-08,0.068117,0.068619,0.1871985872810915,0.17159640347161947
2000-02-09,0.068017,0.068619,0.18689965437890654,0.17134457488378432
2000-02-10,0.068084,0.068619,0.18709993113408419,0.17151330006545462
2000-02-11,0.068051,0.068585,0.1870012831528678,0.17143019663188427
2000-02-14,0.068051,0.068619,0.1870012831528678,0.17143019663188427
2000-02-15,0.068084,0.068619,0.18709993113408419,0.17151330006545462
2000-02-16,0.068151,0.068619,0.18730024154971692,0.17168202513415598
2000-02-17,0.068051,0.068619,0.1870012831528678,0.17143019663188427
2000-02-18,0.068184,0.068619,0.18739891427782518,0.17176512848467945
2000-02-21,0.068318,0.068619,0.18779966928359082,0.1721025781718935
2000-02-22,0.068251,0.068619,0.1875992749434905,0.1719338533847708
2000-02-23,0.068251,0.068619,0.1875992749434905,0.1719338533847708
2000-02-24,0.068218,0.068619,0.1875005856315055,0.1718507500898885
2000-02-25,0.068184,0.068619,0.18739891427782518,0.17176512848467945
2000-02-28,0.068151,0.068619,0.18730024154971692,0.17168202513415598
2000-02-29,0.068251,0.068619,0.1875992749434905,0.1719338533847708
2000-03-01,0.068218,0.068652,0.1875005856315055,0.1718507500898885
2000-03-02,0.068251,0.068686,0.1875992749434905,0.1719338533847708
2000-03-03,0.068218,0.068652,0.1875005856315055,0.1718507500898885
2000-03-08,0.068218,0.068619,0.1875005856315055,0.1718507500898885
2000-03-09,0.068251,0.068619,0.1875992749434905,0.1719338533847708
2000-03-10,0.068251,0.068686,0.1875992749434905,0.1719338533847708
2000-03-13,0.068251,0.068652,0.1875992749434905,0.1719338533847708
2000-03-14,0.068318,0.068652,0.18779966928359082,0.1721025781718935
2000-03-15,0.068318,0.068652,0.18779966928359082,0.1721025781718935
2000-03-16,0.068318,0.068652,0.18779966928359082,0.1721025781718935
2000-03-17,0.068251,0.068652,0.1875992749434905,0.1719338533847708
2000-03-20,0.068251,0.068652,0.1875992749434905,0.1719338533847708
2000-03-21,0.068285,0.068619,0.1877009633849529,0.1720194749326525
2000-03-22,0.067682,0.068652,0.18589877531255583,0.170500947280894
2000-03-23,0.068084,0.068752,0.18709993113408419,0.17151330006545462
2000-03-24,0.068352,0.068853,0.18790137481576208,0.17218819966244794
2000-03-27,0.068318,0.069153,0.18779966928359082,0.1721025781718935
2000-03-28,0.068251,0.068619,0.1875992749434905,0.1719338533847708
2000-03-29,0.067079,0.067716,0.18409931100060795,0.16898241047857948
2000-03-30,0.066979,0.067716,0.1838011553940988,0.16873057927851454
2000-03-31,0.066945,0.067448,0.1836997995231906,0.16864495661316373
2000-04-03,0.066878,0.067347,0.18350009413453572,0.1684762295109987
2000-04-04,0.066912,0.067481,0.1836014329732587,0.16856185223367837
2000-04-05,0.067046,0.067883,0.18400091138266395,0.1688993062103793
2000-04-06,0.067079,0.067917,0.18409931100060795,0.16898241047857948
2000-04-07,0.067046,0.06785,0.18400091138266395,0.1688993062103793
2000-04-10,0.067012,0.067682,0.18389953847671925,0.1688136836023573
2000-04-11,0.067046,0.067883,0.18400091138266395,0.1688993062103793
2000-04-12,0.067079,0.06785,0.18409931100060795,0.16898241047857948
2000-04-13,0.06718,0.067883,0.18440052408511587,0.16923675973519528
2000-04-14,0.067314,0.06785,0.1848002711257124,0.16957421280812737
2000-04-17,0.067314,0.067883,0.1848002711257124,0.16957421280812737
2000-04-18,0.067314,0.067816,0.1848002711257124,0.16957421280812737
2000-04-19,0.067146,0.067515,0.1842991171005428,0.1691511372418305
2000-04-20,0.06728,0.067883,0.18469883005110033,0.1694885904294196
2000-04-24,0.06728,0.067783,0.18469883005110033,0.1694885904294196
2000-04-25,0.06728,0.067749,0.18469883005110033,0.1694885904294196
2000-04-26,0.06728,0.06785,0.18469883005110033,0.1694885904294196
2000-04-27,0.06728,0.067883,0.18469883005110033,0.1694885904294196
2000-04-28,0.06728,0.067783,0.18469883005110033,0.1694885904294196
2000-05-02,0.067347,0.067716,0.18489873691290093,0.16965731685375793
2000-05-03,0.067347,0.06785,0.18489873691290093,0.16965731685375793
2000-05-04,0.067414,0.06785,0.18509867737330232,0.16982604316512573
2000-05-05,0.067414,0.06785,0.18509867737330232,0.16982604316512573
2000-05-08,0.067314,0.067682,0.1848002711257124,0.16957421280812737
2000-05-09,0.06718,0.06728,0.18440052408511587,0.16923675973519528
2000-05-10,0.06718,0.06728,0.18440052408511587,0.16923675973519528
2000-05-11,0.06718,0.067347,0.18440052408511587,0.16923675973519528
2000-05-12,0.067113,0.067247,0.18420070094444085,0.16906803302927287
2000-05-15,0.067113,0.06728,0.18420070094444085,0.16906803302927287
2000-05-16,0.067113,0.067381,0.18420070094444085,0.16906803302927287
2000-05-17,0.067079,0.067347,0.18409931100060795,0.16898241047857948
2000-05-18,0.067079,0.067314,0.18409931100060795,0.16898241047857948
2000-05-19,0.067079,0.067314,0.18409931100060795,0.16898241047857948
2000-05-22,0.067079,0.067347,0.18409931100060795,0.16898241047857948
2000-05-23,0.067079,0.067347,0.18409931100060795,0.16898241047857948
2000-05-24,0.067113,0.067347,0.18420070094444085,0.16906803302927287
2000-05-25,0.067113,0.067381,0.18420070094444085,0.16906803302927287
2000-05-26,0.067146,0.067381,0.1842991171005428,0.1691511372418305
2000-05-29,0.067113,0.067347,0.18420070094444085,0.16906803302927287
2000-05-30,0.067046,0.067247,0.18400091138266395,0.1688993062103793
2000-05-31,0.067012,0.06718,0.18389953847671925,0.1688136836023573
2000-06-01,0.066979,0.06718,0.1838011553940988,0.16873057927851454
2000-06-02,0.066945,0.067146,0.1836997995231906,0.16864495661316373
2000-06-05,0.066878,0.067079,0.18350009413453572,0.1684762295109987
2000-06-06,0.066777,0.067012,0.18319910913627746,0.16822187948676112
2000-06-07,0.066643,0.066945,0.18279990017967496,0.16788442460291406
2000-06-08,0.066576,0.066878,0.18260034601335384,0.16771569699153235
2000-06-09,0.066576,0.066811,0.18260034601335384,0.16771569699153235
2000-06-12,0.066542,0.066777,0.18249909254678287,0.1676300739813517
2000-06-13,0.066509,0.066777,0.18240082538097746,0.16754696926717835
2000-06-14,0.066475,0.066777,0.18229958892945186,0.1674613461996684
2000-06-15,0.066509,0.066777,0.18240082538097746,0.16754696926717835
2000-06-16,0.066542,0.066811,0.18249909254678287,0.1676300739813517
2000-06-19,0.066509,0.066811,0.18240082538097746,0.16754696926717835
2000-06-20,0.066206,0.066777,0.1814989342469404,0.16678391561050798
2000-06-21,0.063779,0.06405,0.1742995568273369,0.16067184799575268
2000-06-23,0.063678,0.064016,0.17400090244043942,0.16041749009422793
2000-06-26,0.063509,0.063881,0.17350134300718434,0.15999188075410353
2000-06-27,0.063407,0.063678,0.17319993622714458,0.15973500376310448
2000-06-28,0.062967,0.063644,0.17190063359458407,0.15862690393813905
2000-06-29,0.063102,0.063475,0.17229913077995818,0.1589668896298583
2000-06-30,0.063035,0.063305,0.17210134123550125,0.1587981560475976
2000-07-03,0.062899,0.063204,0.17169996018603606,0.15845565171230233
2000-07-04,0.062933,0.063068,0.17180029261163554,0.158541277839768
2000-07-05,0.063001,0.063102,0.1720009831356739,0.15871253000741561
2000-07-06,0.063068,0.063272,0.1721987558121265,0.15888126364700958
2000-07-07,0.062967,0.063272,0.17190063359458407,0.15862690393813905
2000-07-10,0.062119,0.062356,0.16940056465918585,0.15649127962164255
2000-07-11,0.061983,0.062187,0.1690001048137355,0.15614877215095316
2000-07-12,0.061949,0.062255,0.1689000111968575,0.15606314521054301
2000-07-13,0.061915,0.062119,0.16879992611625094,0.15597751824103775
2000-07-14,0.061949,0.062153,0.1689000111968575,0.15606314521054301
2000-07-17,0.061949,0.062153,0.1689000111968575,0.15606314521054301
2000-07-18,0.061915,0.062119,0.16879992611625094,0.15597751824103775
2000-07-19,0.061745,0.062017,0.16829962873315552,0.15554938295708376
2000-07-20,0.060588,0.060895,0.16490032481867734,0.15263552526181845
2000-07-21,0.06052,0.06069,0.1647008453837191,0.1524642689643568
2000-07-24,0.060452,0.060724,0.16450139997235103,0.15229301255051125
2000-07-25,0.060383,0.060588,0.16429905631216446,0.1521192375410276
2000-07-26,0.060349,0.060588,0.16419936362042575,0.152033609231413
2000-07-27,0.060315,0.06052,0.16409967943096748,0.1519479808927023
2000-07-28,0.060281,0.060417,0.16400000374300228,0.15186235252489555
2000-07-31,0.060213,0.060247,0.16380067786898844,0.15169109570199363
2000-08-01,0.060179,0.060281,0.1637010276813653,0.15160546724689844
2000-08-02,0.060179,0.060417,0.1637010276813653,0.15160546724689844
2000-08-03,0.060179,0.060383,0.1637010276813653,0.15160546724689844
2000-08-04,0.060179,0.060417,0.1637010276813653,0.15160546724689844
2000-08-07,0.060213,0.060554,0.16380067786898844,0.15169109570199363
2000-08-08,0.060247,0.060588,0.1639003365559384,0.15177672412799265
2000-08-09,0.060213,0.060758,0.16380067786898844,0.15169109570199363
2000-08-10,0.060281,0.060826,0.16400000374300228,0.15186235252489555
2000-08-11,0.060383,0.060963,0.16429905631216446,0.1521192375410276
2000-08-14,0.060452,0.060963,0.16450139997235103,0.15229301255051125
2000-08-15,0.060315,0.06052,0.16409967943096748,0.1519479808927023
2000-08-16,0.060247,0.060417,0.1639003365559384,0.15177672412799265
2000-08-17,0.060315,0.060724,0.16409967943096748,0.1519479808927023
2000-08-18,0.060349,0.060963,0.16419936362042575,0.152033609231413
2000-08-21,0.060554,0.06086,0.16480058084788007,0.15254989712763561
2000-08-22,0.060315,0.060929,0.16409967943096748,0.1519479808927023
2000-08-23,0.059427,0.060826,0.16149917142333003,0.14971155986032395
2000-08-24,0.060213,0.060963,0.16380067786898844,0.15169109570199363
2000-08-25,0.060315,0.060963,0.16409967943096748,0.1519479808927023
2000-08-28,0.060349,0.060963,0.16419936362042575,0.152033609231413
2000-08-29,0.060383,0.060963,0.16429905631216446,0.1521192375410276
2000-08-30,0.060315,0.06052,0.16409967943096748,0.1519479808927023
2000-08-31,0.060179,0.060315,0.1637010276813653,0.15160546724689844
2000-09-01,0.060145,0.060281,0.1636013859924772,0.1515198387627071
2000-09-04,0.060247,0.060281,0.1639003365559384,0.15177672412799265
2000-09-05,0.060281,0.060247,0.16400000374300228,0.15186235252489555
2000-09-06,0.060417,0.060724,0.1643987575069059,0.1522048658215462
2000-09-08,0.060452,0.060792,0.16450139997235103,0.15229301255051125
2000-09-11,0.060588,0.060895,0.16490032481867734,0.15263552526181845
2000-09-12,0.060588,0.060929,0.16490032481867734,0.15263552526181845
2000-09-13,0.060622,0.060963,0.1650000772968987,0.15272115336690537
2000-09-14,0.060656,0.060963,0.1650998382831368,0.15280678144289636
2000-09-15,0.060622,0.060963,0.1650000772968987,0.15272115336690537
2000-09-18,0.060622,0.060963,0.1650000772968987,0.15272115336690537
2000-09-19,0.060588,0.060929,0.16490032481867734,0.15263552526181845
2000-09-20,0.060588,0.060963,0.16490032481867734,0.15263552526181845
2000-09-21,0.060622,0.060963,0.1650000772968987,0.15272115336690537
2000-09-22,0.060588,0.060963,0.16490032481867734,0.15263552526181845
2000-09-25,0.060554,0.060963,0.16480058084788007,0.15254989712763561
2000-09-26,0.060486,0.060963,0.1646011184254068,0.15237864077198204
2000-09-27,0.060383,0.060929,0.16429905631216446,0.1521192375410276
2000-09-28,0.060417,0.060929,0.1643987575069059,0.1522048658215462
2000-09-29,0.060588,0.060963,0.16490032481867734,0.15263552526181845
2000-10-02,0.060622,0.060929,0.1650000772968987,0.15272115336690537
2000-10-03,0.060588,0.06086,0.16490032481867734,0.15263552526181845
2000-10-04,0.060656,0.060963,0.1650998382831368,0.15280678144289636
2000-10-05,0.060656,0.060929,0.1650998382831368,0.15280678144289636
2000-10-06,0.060554,0.060963,0.16480058084788007,0.15254989712763561
2000-10-09,0.060554,0.060929,0.16480058084788007,0.15254989712763561
2000-10-10,0.06052,0.060929,0.1647008453837191,0.1524642689643568
2000-10-11,0.060452,0.060963,0.16450139997235103,0.15229301255051125
2000-10-13,0.06052,0.060963,0.1647008453837191,0.1524642689643568
2000-10-16,0.060554,0.060963,0.16480058084788007,0.15254989712763561
2000-10-17,0.060554,0.060963,0.16480058084788007,0.15254989712763561
2000-10-18,0.060554,0.060963,0.16480058084788007,0.15254989712763561
2000-10-19,0.060554,0.060963,0.16480058084788007,0.15254989712763561
2000-10-20,0.060588,0.060963,0.16490032481867734,0.15263552526181845
2000-10-23,0.060554,0.060963,0.16480058084788007,0.15254989712763561
2000-10-24,0.06052,0.060963,0.1647008453837191,0.1524642689643568
2000-10-25,0.06052,0.060963,0.1647008453837191,0.1524642689643568
2000-10-26,0.060554,0.060963,0.16480058084788007,0.15254989712763561
2000-10-27,0.060554,0.060963,0.16480058084788007,0.15254989712763561
2000-10-30,0.060554,0.060963,0.16480058084788007,0.15254989712763561
2000-10-31,0.060588,0.060929,0.16490032481867734,0.15263552526181845
2000-11-01,0.06052,0.060724,0.1647008453837191,0.1524642689643568
2000-11-03,0.060417,0.060452,0.1643987575069059,0.1522048658215462
2000-11-06,0.060281,0.060281,0.16400000374300228,0.15186235252489555
2000-11-07,0.060349,0.060417,0.16419936362042575,0.152033609231413
2000-11-08,0.060486,0.060622,0.1646011184254068,0.15237864077198204
2000-11-09,0.06052,0.060758,0.1647008453837191,0.1524642689643568
2000-11-10,0.060554,0.060963,0.16480058084788007,0.15254989712763561
2000-11-13,0.060554,0.060963,0.16480058084788007,0.15254989712763561
2000-11-14,0.060588,0.060963,0.16490032481867734,0.15263552526181845
2000-11-16,0.060588,0.060963,0.16490032481867734,0.15263552526181845
2000-11-17,0.060622,0.060963,0.1650000772968987,0.15272115336690537
2000-11-20,0.060588,0.060963,0.16490032481867734,0.15263552526181845
2000-11-21,0.060588,0.060929,0.16490032481867734,0.15263552526181845
2000-11-22,0.060349,0.060452,0.16419936362042575,0.152033609231413
2000-11-23,0.060349,0.060486,0.16419936362042575,0.152033609231413
2000-11-24,0.060315,0.060383,0.16409967943096748,0.1519479808927023
2000-11-27,0.060281,0.060452,0.16400000374300228,0.15186235252489555
2000-11-28,0.060315,0.06052,0.16409967943096748,0.1519479808927023
2000-11-29,0.060213,0.060349,0.16380067786898844,0.15169109570199363
2000-11-30,0.060145,0.060281,0.1636013859924772,0.1515198387627071
2000-12-01,0.060179,0.060281,0.1637010276813653,0.15160546724689844
2000-12-04,0.060145,0.060213,0.1636013859924772,0.1515198387627071
2000-12-05,0.060145,0.060179,0.1636013859924772,0.1515198387627071
2000-12-06,0.06011,0.060179,0.16349882254215853,0.15143169176329416
2000-12-07,0.060076,0.060145,0.16339919809835224,0.15134606322005467
2000-12-08,0.060076,0.060145,0.16339919809835224,0.15134606322005467
2000-12-11,0.060042,0.06011,0.16329958215102902,0.1512604346477189
2000-12-12,0.060008,0.060076,0.16319997469940195,0.15117480604628694
2000-12-13,0.059974,0.06011,0.16310037574287994,0.15108917741575864
2000-12-14,0.05994,0.060076,0.16300078528067585,0.15100354875613411
2000-12-15,0.05994,0.060042,0.16300078528067585,0.15100354875613411
2000-12-18,0.059871,0.060008,0.16279870133321017,0.1508297728574551
2000-12-19,0.059803,0.059974,0.16259958035691535,0.1506585153328201
2000-12-20,0.058983,0.059974,0.1602010880957523,0.14859334190126472
2000-12-21,0.058023,0.058298,0.15739935905601454,0.14617555637831067
2000-12-22,0.057989,0.058298,0.15730025481104537,0.14608992604903948
2000-12-26,0.057955,0.058332,0.15720115901837017,0.14600429569067083
2000-12-27,0.057886,0.058229,0.15700007882990108,0.145830516344537
2000-12-28,0.057955,0.058366,0.15720115901837017,0.14600429569067083
2000-12-29,0.057955,0.058366,0.15720115901837017,0.14600429569067083
2001-01-02,0.057989,0.0584,0.15730025481104537,0.14608992604903948
2001-01-03,0.057886,0.058195,0.15700007882990108,0.145830516344537
2001-01-04,0.057852,0.058332,0.15690100863825873,0.1457448858980201
2001-01-05,0.057886,0.058229,0.15700007882990108,0.145830516344537
2001-01-08,0.057852,0.058229,0.15690100863825873,0.1457448858980201
2001-01-09,0.057852,0.058229,0.15690100863825873,0.1457448858980201
2001-01-10,0.057646,0.057749,0.15630094048719312,0.14522606551160488
2001-01-11,0.057577,0.057714,0.15610001610407642,0.14505228562880207
2001-01-12,0.057508,0.057714,0.1558991264960199,0.14487850562616003
2001-01-15,0.057474,0.057714,0.15580015020154803,0.14479287485614606
2001-01-16,0.057508,0.057714,0.1558991264960199,0.14487850562616003
2001-01-17,0.056442,0.057508,0.15279994187839674,0.14219371528543123
2001-01-18,0.056166,0.056545,0.1519988761058364,0.14149858667064608
2001-01-19,0.056166,0.056511,0.1519988761058364,0.14149858667064608
2001-01-22,0.056097,0.056476,0.15179869630930964,0.14132480421734386
2001-01-23,0.055994,0.056304,0.15149994165230507,0.14106538960755896
2001-01-24,0.056063,0.056063,0.1517000697320372,0.14123917223975688
2001-01-25,0.056097,0.056028,0.15179869630930964,0.14132480421734386
2001-01-26,0.055891,0.055994,0.1512012641791458,0.14080597473072642
2001-01-29,0.055787,0.055994,0.15089976521595028,0.14054404099190682
2001-01-30,0.055753,0.05596,0.15080121530730883,0.14045840874900867
2001-01-31,0.055615,0.055891,0.15040130490321735,0.14011084228791681
2001-02-01,0.05558,0.055891,0.1502999003585599,0.14002269129766362
2001-02-02,0.055546,0.055822,0.15020140161165774,0.13993705887760519
2001-02-05,0.055615,0.055822,0.15040130490321735,0.14011084228791681
2001-02-06,0.055649,0.055994,0.1504998207010495,0.14019647464892174
2001-02-07,0.055753,0.056201,0.15080121530730883,0.14045840874900867
2001-02-08,0.055822,0.056373,0.15100122243177494,0.14063219179978925
2001-02-09,0.055891,0.056442,0.1512012641791458,0.14080597473072642
2001-02-12,0.055822,0.056304,0.15100122243177494,0.14063219179978925
2001-02-13,0.055753,0.055994,0.15080121530730883,0.14045840874900867
2001-02-14,0.055442,0.055718,0.14990016347341473,0.13967512423561537
2001-02-15,0.056063,0.056373,0.1517000697320372,0.14123917223975688
2001-02-16,0.056063,0.05627,0.1517000697320372,0.14123917223975688
2001-02-19,0.05596,0.056063,0.15140134055539134,0.14097975754182043
2001-02-20,0.055994,0.056545,0.15149994165230507,0.14106538960755896
2001-02-21,0.055994,0.056373,0.15149994165230507,0.14106538960755896
2001-02-22,0.055994,0.056373,0.15149994165230507,0.14106538960755896
2001-02-23,0.05596,0.056476,0.15140134055539134,0.14097975754182043
2001-02-28,0.055891,0.05596,0.1512012641791458,0.14080597473072642
2001-03-01,0.055787,0.055891,0.15089976521595028,0.14054404099190682
2001-03-02,0.055787,0.055856,0.15089976521595028,0.14054404099190682
2001-03-05,0.055787,0.056063,0.15089976521595028,0.14054404099190682
2001-03-06,0.055753,0.055891,0.15080121530730883,0.14045840874900867
2001-03-07,0.055718,0.056132,0.15069977565154535,0.14037025788033608
2001-03-08,0.055718,0.056201,0.15069977565154535,0.14037025788033608
2001-03-09,0.055649,0.055856,0.1504998207010495,0.14019647464892174
2001-03-12,0.055649,0.055787,0.1504998207010495,0.14019647464892174
2001-03-13,0.055684,0.055925,0.1506012427997787,0.1402846255783846
2001-03-14,0.055684,0.055925,0.1506012427997787,0.1402846255783846
2001-03-15,0.055684,0.055856,0.1506012427997787,0.1402846255783846
2001-03-16,0.055891,0.056304,0.1512012641791458,0.14080597473072642
2001-03-19,0.05596,0.05658,0.15140134055539134,0.14097975754182043
2001-03-20,0.056097,0.056683,0.15179869630930964,0.14132480421734386
2001-03-21,0.056097,0.056683,0.15179869630930964,0.14132480421734386
2001-03-22,0.057955,0.0584,0.15720115901837017,0.14600429569067083
2001-03-23,0.057989,0.0584,0.15730025481104537,0.14608992604903948
2001-03-26,0.057955,0.0584,0.15720115901837017,0.14600429569067083
2001-03-27,0.057955,0.0584,0.15720115901837017,0.14600429569067083
2001-03-28,0.05792,0.0584,0.15709915747159808,0.14591614676195638
2001-03-29,0.05792,0.058366,0.15709915747159808,0.14591614676195638
2001-03-30,0.057955,0.058366,0.15720115901837017,0.14600429569067083
2001-04-02,0.057955,0.058332,0.15720115901837017,0.14600429569067083
2001-04-03,0.057989,0.058263,0.15730025481104537,0.14608992604903948
2001-04-04,0.057955,0.058263,0.15720115901837017,0.14600429569067083
2001-04-05,0.05792,0.058298,0.15709915747159808,0.14591614676195638
2001-04-06,0.057955,0.058332,0.15720115901837017,0.14600429569067083
2001-04-09,0.05792,0.058263,0.15709915747159808,0.14591614676195638
2001-04-10,0.058023,0.058366,0.15739935905601454,0.14617555637831067
2001-04-11,0.057989,0.058298,0.15730025481104537,0.14608992604903948
2001-04-12,0.057989,0.0584,0.15730025481104537,0.14608992604903948
2001-04-16,0.058058,0.0584,0.15750138696136862,0.1462637052162844
2001-04-17,0.058058,0.0584,0.15750138696136862,0.1462637052162844
2001-04-18,0.058298,0.058469,0.15820124825159065,0.14686815356032706
2001-04-19,0.059701,0.06011,0.16230096257087556,0.15040162882764466
2001-04-20,0.059701,0.05994,0.16230096257087556,0.15040162882764466
2001-04-23,0.059701,0.05994,0.16230096257087556,0.15040162882764466
2001-04-24,0.059701,0.059974,0.16230096257087556,0.15040162882764466
2001-04-25,0.059701,0.05994,0.16230096257087556,0.15040162882764466
2001-04-26,0.059701,0.059974,0.16230096257087556,0.15040162882764466
2001-04-27,0.059769,0.059906,0.16250003260519552,0.15057288652685805
2001-04-30,0.059701,0.059871,0.16230096257087556,0.15040162882764466
2001-05-02,0.059667,0.059769,0.16220144028689787,0.1503159999343933
2001-05-03,0.059632,0.059803,0.1620989997428688,0.1502278525138889
2001-05-04,0.059701,0.059906,0.16230096257087556,0.15040162882764466
2001-05-07,0.059701,0.059871,0.16230096257087556,0.15040162882764466
2001-05-08,0.059735,0.05994,0.16240049334344442,0.15048725769179958
2001-05-09,0.059769,0.059871,0.16250003260519552,0.15057288652685805
2001-05-10,0.059769,0.05994,0.16250003260519552,0.15057288652685805
2001-05-11,0.059769,0.059871,0.16250003260519552,0.15057288652685805
2001-05-14,0.059735,0.05994,0.16240049334344442,0.15048725769179958
2001-05-15,0.059769,0.05994,0.16250003260519552,0.15057288652685805
2001-05-16,0.059735,0.05994,0.16240049334344442,0.15048725769179958
2001-05-17,0.059769,0.059906,0.16250003260519552,0.15057288652685805
2001-05-18,0.059769,0.05994,0.16250003260519552,0.15057288652685805
2001-05-21,0.059735,0.05994,0.16240049334344442,0.15048725769179958
2001-05-22,0.059769,0.05994,0.16250003260519552,0.15057288652685805
2001-05-23,0.060997,0.060042,0.1661008530283501,0.15366557906636075
2001-05-24,0.061371,0.061541,0.16719972517763937,0.1546074827719986
2001-05-25,0.061473,0.061643,0.16749959654576552,0.15486436498980277
2001-05-28,0.061507,0.061643,0.16759957071995557,0.15494999233754667
2001-05-29,0.061541,0.061643,0.16769955342099574,0.15503561965619514
2001-05-30,0.061541,0.061643,0.16769955342099574,0.15503561965619514
2001-05-31,0.061507,0.061643,0.16759957071995557,0.15494999233754667
2001-06-01,0.061541,0.061677,0.16769955342099574,0.15503561965619514
2001-06-04,0.061507,0.061643,0.16759957071995557,0.15494999233754667
2001-06-05,0.061473,0.061575,0.16749959654576552,0.15486436498980277
2001-06-06,0.061405,0.061473,0.16729967377536425,0.15469311020702878
2001-06-07,0.061337,0.061405,0.16709978510386736,0.15452185530787294
2001-06-08,0.061201,0.061269,0.16670011003467877,0.15417934516041512
2001-06-11,0.061099,0.061133,0.16640044319949032,0.1539224622443183
2001-06-12,0.061167,0.061065,0.1666002125702042,0.15409371755081178
2001-06-13,0.061099,0.061201,0.16640044319949032,0.1539224622443183
2001-06-15,0.061201,0.061133,0.16670011003467877,0.15417934516041512
2001-06-18,0.061473,0.061609,0.16749959654576552,0.15486436498980277
2001-06-19,0.061575,0.061643,0.1677995446496754,0.15512124694574822
2001-06-20,0.063068,0.061881,0.1721987558121265,0.15888126364700958
2001-06-21,0.066576,0.066677,0.18260034601335384,0.16771569699153235
2001-06-22,0.066609,0.066609,0.18269862969514428,0.16779880165006264
2001-06-25,0.066609,0.06671,0.18269862969514428,0.16779880165006264
2001-06-26,0.066576,0.06671,0.18260034601335384,0.16771569699153235
2001-06-27,0.066643,0.066744,0.18279990017967496,0.16788442460291406
2001-06-28,0.066643,0.066744,0.18279990017967496,0.16788442460291406
2001-06-29,0.066643,0.066777,0.18279990017967496,0.16788442460291406
2001-07-02,0.066677,0.066777,0.18290117930117544,0.16797004752667308
2001-07-03,0.06671,0.066744,0.18299948788542264,0.1680531521013236
2001-07-04,0.06671,0.066777,0.18299948788542264,0.1680531521013236
2001-07-05,0.06671,0.066744,0.18299948788542264,0.1680531521013236
2001-07-06,0.066777,0.066777,0.18319910913627746,0.16822187948676112
2001-07-09,0.066744,0.06671,0.18310078402911145,0.1681387749677535
2001-07-10,0.066811,0.066777,0.18330042230507027,0.16830750229586197
2001-07-11,0.067146,0.066811,0.1842991171005428,0.1691511372418305
2001-07-12,0.067314,0.066777,0.1848002711257124,0.16957421280812737
2001-07-13,0.06718,0.066777,0.18440052408511587,0.16923675973519528
2001-07-16,0.067046,0.066811,0.18400091138266395,0.1688993062103793
2001-07-17,0.066945,0.06671,0.1836997995231906,0.16864495661316373
2001-07-18,0.068051,0.066945,0.1870012831528678,0.17143019663188427
2001-07-19,0.068886,0.069053,0.18949988835660414,0.1735329569034799
2001-07-20,0.068953,0.069053,0.1897006021306491,0.17370168061993815
2001-07-23,0.068853,0.068886,0.1894010417311669,0.1734498541359404
2001-07-24,0.068886,0.068719,0.18949988835660414,0.1735329569034799
2001-07-25,0.068886,0.068819,0.18949988835660414,0.1735329569034799
2001-07-26,0.068786,0.068686,0.1892003782953604,0.17328113025087447
2001-07-27,0.068919,0.068652,0.18959874316420988,0.17361605964361437
2001-07-30,0.068919,0.068719,0.18959874316420988,0.17361605964361437
2001-07-31,0.068919,0.068652,0.18959874316420988,0.17361605964361437
2001-08-01,0.068953,0.068652,0.1897006021306491,0.17370168061993815
2001-08-02,0.068919,0.068652,0.18959874316420988,0.17361605964361437
2001-08-03,0.068953,0.068686,0.1897006021306491,0.17370168061993815
2001-08-06,0.068986,0.068786,0.18979947355261162,0.1737847833044322
2001-08-07,0.069053,0.06912,0.19000023767733953,0.17395350685228309
2001-08-08,0.069053,0.069053,0.19000023767733953,0.17395350685228309
2001-08-09,0.069053,0.069053,0.19000023767733953,0.17395350685228309
2001-08-10,0.06902,0.069053,0.18990134963823913,0.17387040422342945
2001-08-13,0.069086,0.06902,0.19009913390202282,0.17403660945373176
2001-08-14,0.069086,0.06902,0.19009913390202282,0.17403660945373176
2001-08-15,0.069086,0.068953,0.19009913390202282,0.17403660945373176
2001-08-16,0.06912,0.069153,0.1902010355441075,0.17412223028716722
2001-08-17,0.069153,0.069186,0.19029994839014708,0.17420533283297568
2001-08-20,0.069153,0.06922,0.19029994839014708,0.17420533283297568
2001-08-21,0.069186,0.069253,0.1903988694237484,0.1742884353513792
2001-08-22,0.069253,0.069153,0.1905997342877197,0.17445715856201638
2001-08-23,0.069153,0.069153,0.19029994839014708,0.17420533283297568
2001-08-24,0.069186,0.069153,0.1903988694237484,0.1742884353513792
2001-08-27,0.069153,0.069153,0.19029994839014708,0.17420533283297568
2001-08-28,0.06912,0.069086,0.1902010355441075,0.17412223028716722
2001-08-29,0.069053,0.06902,0.19000023767733953,0.17395350685228309
2001-08-30,0.06912,0.069086,0.1902010355441075,0.17412223028716722
2001-08-31,0.069186,0.06922,0.1903988694237484,0.1742884353513792
2001-09-03,0.069186,0.06922,0.1903988694237484,0.1742884353513792
2001-09-04,0.06912,0.06922,0.1902010355441075,0.17412223028716722
2001-09-05,0.06912,0.069253,0.1902010355441075,0.17412223028716722
2001-09-06,0.06912,0.069253,0.1902010355441075,0.17412223028716722
2001-09-10,0.069186,0.069286,0.1903988694237484,0.1742884353513792
2001-09-11,0.069153,0.06922,0.19029994839014708,0.17420533283297568
2001-09-12,0.069153,0.06922,0.19029994839014708,0.17420533283297568
2001-09-13,0.06912,0.069253,0.1902010355441075,0.17412223028716722
2001-09-14,0.069186,0.069253,0.1903988694237484,0.1742884353513792
2001-09-17,0.069186,0.069253,0.1903988694237484,0.1742884353513792
2001-09-18,0.069186,0.069253,0.1903988694237484,0.1742884353513792
2001-09-19,0.069153,0.069253,0.19029994839014708,0.17420533283297568
2001-09-20,0.069153,0.069253,0.19029994839014708,0.17420533283297568
2001-09-21,0.06922,0.069253,0.19050079662867558,0.17437405609925305
2001-09-24,0.069186,0.069286,0.1903988694237484,0.1742884353513792
2001-09-25,0.069253,0.069286,0.1905997342877197,0.17445715856201638
2001-09-26,0.06932,0.06932,0.1908006329105949,0.17462588165968734
2001-09-27,0.069353,0.069353,0.19089959538890966,0.1747089840394058
2001-09-28,0.069353,0.069386,0.19089959538890966,0.1747089840394058
2001-10-01,0.069386,0.069386,0.1909985660589446,0.17479208639171956
2001-10-02,0.06942,0.06942,0.19110054440878677,0.17487770696847063
2001-10-03,0.06942,0.06942,0.19110054440878677,0.17487770696847063
2001-10-04,0.069353,0.069386,0.19089959538890966,0.1747089840394058
2001-10-05,0.06932,0.069353,0.1908006329105949,0.17462588165968734
2001-10-08,0.069286,0.069286,0.19069868013643765,0.17454026099737494
2001-10-09,0.069253,0.069253,0.1905997342877197,0.17445715856201638
2001-10-10,0.069186,0.06922,0.1903988694237484,0.1742884353513792
2001-10-11,0.069186,0.06922,0.1903988694237484,0.1742884353513792
2001-10-15,0.069186,0.06922,0.1903988694237484,0.1742884353513792
2001-10-16,0.069153,0.06922,0.19029994839014708,0.17420533283297568
2001-10-17,0.06912,0.06922,0.1902010355441075,0.17412223028716722
2001-10-18,0.069186,0.06922,0.1903988694237484,0.1742884353513792
2001-10-19,0.069153,0.06922,0.19029994839014708,0.17420533283297568
2001-10-22,0.069153,0.06922,0.19029994839014708,0.17420533283297568
2001-10-23,0.069186,0.06922,0.1903988694237484,0.1742884353513792
2001-10-24,0.069186,0.06922,0.1903988694237484,0.1742884353513792
2001-10-25,0.069153,0.06922,0.19029994839014708,0.17420533283297568
2001-10-26,0.06912,0.06922,0.1902010355441075,0.17412223028716722
2001-10-29,0.069186,0.06922,0.1903988694237484,0.1742884353513792
2001-10-30,0.069153,0.06922,0.19029994839014708,0.17420533283297568
2001-10-31,0.069153,0.06922,0.19029994839014708,0.17420533283297568
2001-11-01,0.069153,0.06922,0.19029994839014708,0.17420533283297568
2001-11-05,0.069186,0.06922,0.1903988694237484,0.1742884353513792
2001-11-06,0.069186,0.069186,0.1903988694237484,0.1742884353513792
2001-11-07,0.06922,0.06922,0.19050079662867558,0.17437405609925305
2001-11-08,0.069186,0.069186,0.1903988694237484,0.1742884353513792
2001-11-09,0.06922,0.069186,0.19050079662867558,0.17437405609925305
2001-11-12,0.06922,0.06922,0.19050079662867558,0.17437405609925305
2001-11-13,0.069186,0.06922,0.1903988694237484,0.1742884353513792
2001-11-14,0.06922,0.06922,0.19050079662867558,0.17437405609925305
2001-11-16,0.06922,0.06922,0.19050079662867558,0.17437405609925305
2001-11-19,0.06922,0.06922,0.19050079662867558,0.17437405609925305
2001-11-20,0.06922,0.06922,0.19050079662867558,0.17437405609925305
2001-11-21,0.069153,0.06922,0.19029994839014708,0.17420533283297568
2001-11-22,0.06922,0.06922,0.19050079662867558,0.17437405609925305
2001-11-23,0.06922,0.06922,0.19050079662867558,0.17437405609925305
2001-11-26,0.06922,0.06922,0.19050079662867558,0.17437405609925305
2001-11-27,0.06922,0.06922,0.19050079662867558,0.17437405609925305
2001-11-28,0.06922,0.06922,0.19050079662867558,0.17437405609925305
2001-11-29,0.06922,0.06922,0.19050079662867558,0.17437405609925305
2001-11-30,0.069253,0.06922,0.1905997342877197,0.17445715856201638
2001-12-03,0.069253,0.06922,0.1905997342877197,0.17445715856201638
2001-12-04,0.069253,0.06922,0.1905997342877197,0.17445715856201638
2001-12-05,0.06932,0.06922,0.1908006329105949,0.17462588165968734
2001-12-06,0.069286,0.06922,0.19069868013643765,0.17454026099737494
2001-12-07,0.069286,0.06922,0.19069868013643765,0.17454026099737494
2001-12-10,0.069253,0.06922,0.1905997342877197,0.17445715856201638
2001-12-11,0.069286,0.06922,0.19069868013643765,0.17454026099737494
2001-12-12,0.069253,0.06922,0.1905997342877197,0.17445715856201638
2001-12-13,0.069186,0.06922,0.1903988694237484,0.1742884353513792
2001-12-14,0.069186,0.06922,0.1903988694237484,0.1742884353513792
2001-12-17,0.06922,0.06922,0.19050079662867558,0.17437405609925305
2001-12-18,0.06922,0.06922,0.19050079662867558,0.17437405609925305
2001-12-19,0.06922,0.06922,0.19050079662867558,0.17437405609925305
2001-12-20,0.06922,0.06922,0.19050079662867558,0.17437405609925305
2001-12-21,0.069253,0.06922,0.1905997342877197,0.17445715856201638
2001-12-24,0.069253,0.06922,0.1905997342877197,0.17445715856201638
2001-12-26,0.069153,0.06922,0.19029994839014708,0.17420533283297568
2001-12-27,0.06912,0.06922,0.1902010355441075,0.17412223028716722
2001-12-28,0.06912,0.06922,0.1902010355441075,0.17412223028716722
2001-12-31,0.06912,0.06922,0.1902010355441075,0.17412223028716722
2002-01-02,0.06912,0.06922,0.1902010355441075,0.17412223028716722
2002-01-03,0.06912,0.06922,0.1902010355441075,0.17412223028716722
2002-01-04,0.069153,0.06922,0.19029994839014708,0.17420533283297568
2002-01-07,0.069153,0.06922,0.19029994839014708,0.17420533283297568
2002-01-08,0.06912,0.06922,0.1902010355441075,0.17412223028716722
2002-01-09,0.069153,0.06922,0.19029994839014708,0.17420533283297568
2002-01-10,0.069153,0.06922,0.19029994839014708,0.17420533283297568
2002-01-11,0.06912,0.06922,0.1902010355441075,0.17412223028716722
2002-01-14,0.06912,0.06922,0.1902010355441075,0.17412223028716722
2002-01-15,0.06912,0.06922,0.1902010355441075,0.17412223028716722
2002-01-16,0.06912,0.06922,0.1902010355441075,0.17412223028716722
2002-01-17,0.06912,0.06922,0.1902010355441075,0.17412223028716722
2002-01-18,0.06912,0.06922,0.1902010355441075,0.17412223028716722
2002-01-21,0.069153,0.06922,0.19029994839014708,0.17420533283297568
2002-01-22,0.06912,0.06922,0.1902010355441075,0.17412223028716722
2002-01-23,0.069086,0.06922,0.19009913390202282,0.17403660945373176
2002-01-24,0.06912,0.06922,0.1902010355441075,0.17412223028716722
2002-01-25,0.06912,0.06922,0.1902010355441075,0.17412223028716722
2002-01-28,0.06912,0.06922,0.1902010355441075,0.17412223028716722
2002-01-29,0.06912,0.06922,0.1902010355441075,0.17412223028716722
2002-01-30,0.06912,0.06922,0.1902010355441075,0.17412223028716722
2002-01-31,0.069153,0.06922,0.19029994839014708,0.17420533283297568
2002-02-01,0.069186,0.06922,0.1903988694237484,0.1742884353513792
2002-02-04,0.069186,0.06922,0.1903988694237484,0.1742884353513792
2002-02-05,0.069186,0.06922,0.1903988694237484,0.1742884353513792
2002-02-06,0.069186,0.06922,0.1903988694237484,0.1742884353513792
2002-02-07,0.069186,0.06922,0.1903988694237484,0.1742884353513792
2002-02-08,0.069186,0.06922,0.1903988694237484,0.1742884353513792
2002-02-13,0.069186,0.06922,0.1903988694237484,0.1742884353513792
2002-02-14,0.069186,0.06922,0.1903988694237484,0.1742884353513792
2002-02-15,0.069186,0.06922,0.1903988694237484,0.1742884353513792
2002-02-18,0.069186,0.06922,0.1903988694237484,0.1742884353513792
2002-02-19,0.069153,0.06922,0.19029994839014708,0.17420533283297568
2002-02-20,0.06912,0.06922,0.1902010355441075,0.17412223028716722
2002-02-21,0.068318,0.068385,0.18779966928359082,0.1721025781718935
2002-02-22,0.068318,0.068385,0.18779966928359082,0.1721025781718935
2002-02-25,0.068352,0.068385,0.18790137481576208,0.17218819966244794
2002-02-26,0.068318,0.068385,0.18779966928359082,0.1721025781718935
2002-02-27,0.068385,0.068385,0.1880000973038296,0.17227130284604786
2002-02-28,0.068352,0.068352,0.18790137481576208,0.17218819966244794
2002-03-01,0.068352,0.068385,0.18790137481576208,0.17218819966244794
2002-03-04,0.068352,0.068385,0.18790137481576208,0.17218819966244794
2002-03-05,0.068352,0.068385,0.18790137481576208,0.17218819966244794
2002-03-06,0.068352,0.068385,0.18790137481576208,0.17218819966244794
2002-03-07,0.068352,0.068385,0.18790137481576208,0.17218819966244794
2002-03-08,0.068352,0.068385,0.18790137481576208,0.17218819966244794
2002-03-11,0.068352,0.068385,0.18790137481576208,0.17218819966244794
2002-03-12,0.068352,0.068385,0.18790137481576208,0.17218819966244794
2002-03-13,0.068352,0.068385,0.18790137481576208,0.17218819966244794
2002-03-14,0.068352,0.068385,0.18790137481576208,0.17218819966244794
2002-03-15,0.068352,0.068385,0.18790137481576208,0.17218819966244794
2002-03-18,0.068352,0.068385,0.18790137481576208,0.17218819966244794
2002-03-19,0.068352,0.068385,0.18790137481576208,0.17218819966244794
2002-03-20,0.067247,0.068352,0.18460038081037644,0.16940548632814673
2002-03-21,0.067515,0.067548,0.18540014366887014,0.17008039157024596
2002-03-22,0.067515,0.067515,0.18540014366887014,0.17008039157024596
2002-03-25,0.067548,0.067548,0.18549865911207442,0.17016349544895013
2002-03-26,0.067582,0.067548,0.18560016840107796,0.17024911759834488
2002-03-27,0.067582,0.067515,0.18560016840107796,0.17024911759834488
2002-03-28,0.067548,0.067448,0.18549865911207442,0.17016349544895013
2002-04-01,0.067448,0.06728,0.18520015254936784,0.16991166542917685
2002-04-02,0.067247,0.067046,0.18460038081037644,0.16940548632814673
2002-04-03,0.067113,0.067046,0.18420070094444085,0.16906803302927287
2002-04-04,0.067079,0.067046,0.18409931100060795,0.16898241047857948
2002-04-05,0.067046,0.067046,0.18400091138266395,0.1688993062103793
2002-04-08,0.067012,0.067046,0.18389953847671925,0.1688136836023573
2002-04-09,0.067012,0.067046,0.18389953847671925,0.1688136836023573
2002-04-10,0.067012,0.067046,0.18389953847671925,0.1688136836023573
2002-04-11,0.067012,0.067046,0.18389953847671925,0.1688136836023573
2002-04-12,0.067012,0.067046,0.18389953847671925,0.1688136836023573
2002-04-15,0.067012,0.067046,0.18389953847671925,0.1688136836023573
2002-04-16,0.067012,0.067046,0.18389953847671925,0.1688136836023573
2002-04-17,0.066844,0.067046,0.18339876393792087,0.16839060675922674
2002-04-18,0.066979,0.067046,0.1838011553940988,0.16873057927851454
2002-04-19,0.067012,0.067012,0.18389953847671925,0.1688136836023573
2002-04-22,0.066878,0.066979,0.18350009413453572,0.1684762295109987
2002-04-23,0.066844,0.066878,0.18339876393792087,0.16839060675922674
2002-04-24,0.066811,0.066844,0.18330042230507027,0.16830750229586197
2002-04-25,0.066811,0.066945,0.18330042230507027,0.16830750229586197
2002-04-26,0.06671,0.066912,0.18299948788542264,0.1680531521013236
2002-04-29,0.066542,0.066643,0.18249909254678287,0.1676300739813517
2002-04-30,0.066106,0.066072,0.18120143081890783,0.16653208221341015
2002-05-02,0.066609,0.066945,0.18269862969514428,0.16779880165006264
2002-05-03,0.066542,0.066844,0.18249909254678287,0.1676300739813517
2002-05-06,0.066408,0.066811,0.18210011883747312,0.1672926183050125
2002-05-07,0.066139,0.066643,0.18129959870059897,0.1666151872622742
2002-05-08,0.065769,0.066609,0.18019939357928894,0.16568340181204896
2002-05-09,0.066005,0.066844,0.18090102809410546,0.16627773022688658
2002-05-10,0.066341,0.066945,0.18190068226536749,0.16712389029738392
2002-05-13,0.066677,0.067046,0.18290117930117544,0.16797004752667308
2002-05-14,0.066844,0.067079,0.18339876393792087,0.16839060675922674
2002-05-15,0.066878,0.067113,0.18350009413453572,0.1684762295109987
2002-05-16,0.066811,0.067113,0.18330042230507027,0.16830750229586197
2002-05-17,0.066811,0.067079,0.18330042230507027,0.16830750229586197
2002-05-20,0.066677,0.067079,0.18290117930117544,0.16797004752667308
2002-05-21,0.066139,0.067046,0.18129959870059897,0.1666151872622742
2002-05-22,0.066206,0.066945,0.1814989342469404,0.16678391561050798
2002-05-23,0.06671,0.067079,0.18299948788542264,0.1680531521013236
2002-05-24,0.066844,0.067113,0.18339876393792087,0.16839060675922674
2002-05-27,0.066744,0.067079,0.18310078402911145,0.1681387749677535
2002-05-28,0.066509,0.067079,0.18240082538097746,0.16754696926717835
2002-05-29,0.065904,0.066811,0.18060070146452545,0.16602337798363684
2002-05-31,0.064792,0.06624,0.17729916046003935,0.16322296799552702
2002-06-03,0.061983,0.063373,0.1690001048137355,0.15614877215095316
2002-06-04,0.050928,0.058572,0.1369007171652339,0.12830589096040332
2002-06-05,0.059598,0.061881,0.16199949468332453,0.1501422235615888
2002-06-06,0.063339,0.065702,0.17299904121242116,0.15956375229030034
2002-06-07,0.065163,0.066475,0.1783996402770176,0.16415728090235904
2002-06-10,0.065971,0.066744,0.1807999195451,0.16619210672812093
2002-06-11,0.066139,0.066844,0.18129959870059897,0.1666151872622742
2002-06-12,0.065904,0.066677,0.18060070146452545,0.16602337798363684
2002-06-13,0.065534,0.066777,0.17950114468119915,0.1650915903451539
2002-06-14,0.066542,0.066979,0.18249909254678287,0.1676300739813517
2002-06-17,0.066945,0.067046,0.1836997995231906,0.16864495661316373
2002-06-18,0.066844,0.067046,0.18339876393792087,0.16839060675922674
2002-06-19,0.066979,0.067046,0.1838011553940988,0.16873057927851454
2002-06-20,0.067046,0.067079,0.18400091138266395,0.1688993062103793
2002-06-21,0.067012,0.067079,0.18389953847671925,0.1688136836023573
2002-06-24,0.067012,0.067079,0.18389953847671925,0.1688136836023573
2002-06-25,0.06718,0.067079,0.18440052408511587,0.16923675973519528
2002-06-26,0.067213,0.067079,0.1844989567822104,0.16931986389211046
2002-06-27,0.067113,0.067079,0.18420070094444085,0.16906803302927287
2002-06-28,0.067213,0.067079,0.1844989567822104,0.16931986389211046
2002-07-01,0.067146,0.067079,0.1842991171005428,0.1691511372418305
2002-07-02,0.066912,0.067046,0.1836014329732587,0.16856185223367837
2002-07-03,0.066945,0.067046,0.1836997995231906,0.16864495661316373
2002-07-04,0.06671,0.067012,0.18299948788542264,0.1680531521013236
2002-07-05,0.066979,0.067012,0.1838011553940988,0.16873057927851454
2002-07-08,0.067146,0.067079,0.1842991171005428,0.1691511372418305
2002-07-09,0.06718,0.067079,0.18440052408511587,0.16923675973519528
2002-07-10,0.067046,0.067046,0.18400091138266395,0.1688993062103793
2002-07-11,0.066912,0.067046,0.1836014329732587,0.16856185223367837
2002-07-12,0.066542,0.067012,0.18249909254678287,0.1676300739813517
2002-07-15,0.066811,0.067012,0.18330042230507027,0.16830750229586197
2002-07-16,0.066878,0.067012,0.18350009413453572,0.1684762295109987
2002-07-17,0.066475,0.067012,0.18229958892945186,0.1674613461996684
2002-07-18,0.065332,0.065332,0.1789012766215603,0.16458288320749512
2002-07-19,0.065231,0.065332,0.17860145655236903,0.16432852925357153
2002-07-22,0.065264,0.065332,0.1786994092106482,0.16441163502913064
2002-07-23,0.065163,0.065332,0.1783996402770176,0.16415728090235904
2002-07-24,0.065433,0.065264,0.17920117265806912,0.16483723690468907
2002-07-25,0.065298,0.065264,0.17880033861204048,0.16449725913285945
2002-07-26,0.065365,0.065264,0.17899925409875728,0.16466598889917222
2002-07-29,0.065365,0.065231,0.17899925409875728,0.16466598889917222
2002-07-30,0.065298,0.065163,0.17880033861204048,0.16449725913285945
2002-07-31,0.065231,0.065264,0.17860145655236903,0.16432852925357153
2002-08-01,0.065197,0.065129,0.1785005441117815,0.16424290509251194
2002-08-02,0.065298,0.065163,0.17880033861204048,0.16449725913285945
2002-08-05,0.065163,0.065264,0.1783996402770176,0.16415728090235904
2002-08-06,0.065399,0.065264,0.17910020907329627,0.1647516129164772
2002-08-07,0.065365,0.065231,0.17899925409875728,0.16466598889917222
2002-08-08,0.065332,0.065129,0.1789012766215603,0.16458288320749512
2002-08-09,0.065332,0.065129,0.1789012766215603,0.16458288320749512
2002-08-12,0.065163,0.065129,0.1783996402770176,0.16415728090235904
2002-08-13,0.065365,0.065096,0.17899925409875728,0.16466598889917222
2002-08-14,0.065197,0.065264,0.1785005441117815,0.16424290509251194
2002-08-15,0.065231,0.065264,0.17860145655236903,0.16432852925357153
2002-08-16,0.065298,0.065096,0.17880033861204048,0.16449725913285945
2002-08-19,0.065332,0.065096,0.1789012766215603,0.16458288320749512
2002-08-20,0.065332,0.065264,0.1789012766215603,0.16458288320749512
2002-08-21,0.065332,0.065264,0.1789012766215603,0.16458288320749512
2002-08-22,0.064927,0.065096,0.17769948607676667,0.16356294748652908
2002-08-23,0.065096,0.065062,0.17820082555322214,0.16398855079543406
2002-08-26,0.065197,0.065062,0.1785005441117815,0.16424290509251194
2002-08-27,0.065264,0.065062,0.1786994092106482,0.16441163502913064
2002-08-28,0.065298,0.065264,0.17880033861204048,0.16449725913285945
2002-08-29,0.065298,0.065129,0.17880033861204048,0.16449725913285945
2002-08-30,0.065264,0.065096,0.1786994092106482,0.16441163502913064
2002-09-02,0.065399,0.065264,0.17910020907329627,0.1647516129164772
2002-09-03,0.065433,0.065264,0.17920117265806912,0.16483723690468907
2002-09-04,0.065231,0.065264,0.17860145655236903,0.16432852925357153
2002-09-05,0.065298,0.065298,0.17880033861204048,0.16449725913285945
2002-09-06,0.065264,0.065332,0.1786994092106482,0.16441163502913064
2002-09-09,0.065298,0.065365,0.17880033861204048,0.16449725913285945
2002-09-10,0.065332,0.065365,0.1789012766215603,0.16458288320749512
2002-09-11,0.065332,0.065365,0.1789012766215603,0.16458288320749512
2002-09-12,0.065298,0.065365,0.17880033861204048,0.16449725913285945
2002-09-13,0.065298,0.065365,0.17880033861204048,0.16449725913285945
2002-09-16,0.065332,0.065365,0.1789012766215603,0.16458288320749512
2002-09-17,0.065298,0.065365,0.17880033861204048,0.16449725913285945
2002-09-18,0.065365,0.065365,0.17899925409875728,0.16466598889917222
2002-09-19,0.065332,0.065365,0.1789012766215603,0.16458288320749512
2002-09-20,0.065332,0.065365,0.1789012766215603,0.16458288320749512
2002-09-23,0.065365,0.065365,0.17899925409875728,0.16466598889917222
2002-09-24,0.065264,0.065365,0.1786994092106482,0.16441163502913064
2002-09-25,0.065298,0.065365,0.17880033861204048,0.16449725913285945
2002-09-26,0.065298,0.065365,0.17880033861204048,0.16449725913285945
2002-09-27,0.065332,0.065365,0.1789012766215603,0.16458288320749512
2002-09-30,0.065365,0.065365,0.17899925409875728,0.16466598889917222
2002-10-01,0.065332,0.065365,0.1789012766215603,0.16458288320749512
2002-10-02,0.065365,0.065365,0.17899925409875728,0.16466598889917222
2002-10-03,0.065332,0.065365,0.1789012766215603,0.16458288320749512
2002-10-04,0.065231,0.065365,0.17860145655236903,0.16432852925357153
2002-10-07,0.065197,0.065365,0.1785005441117815,0.16424290509251194
2002-10-08,0.065163,0.065365,0.1783996402770176,0.16415728090235904
2002-10-09,0.065163,0.065365,0.1783996402770176,0.16415728090235904
2002-10-10,0.065197,0.065365,0.1785005441117815,0.16424290509251194
2002-10-11,0.065163,0.065365,0.1783996402770176,0.16415728090235904
2002-10-14,0.065298,0.065365,0.17880033861204048,0.16449725913285945
2002-10-15,0.075245,0.075343,0.20870084013884016,0.18954609695942504
2002-10-16,0.075212,0.075343,0.20860040430952398,0.18946299947241804
2002-10-17,0.075146,0.075343,0.20839955758771644,0.18929680441619934
2002-10-18,0.075146,0.075343,0.20839955758771644,0.18929680441619934
2002-10-21,0.075146,0.075343,0.20839955758771644,0.18929680441619934
2002-10-22,0.075113,0.075343,0.20829914669385508,0.1892137068469876
2002-10-23,0.075048,0.075343,0.20810139196540534,0.18905002973658047
2002-10-24,0.07508,0.075343,0.20819874411044137,0.18913060925037423
2002-10-25,0.075048,0.075343,0.20810139196540534,0.18905002973658047
2002-10-28,0.075048,0.075343,0.20810139196540534,0.18905002973658047
2002-10-29,0.074982,0.075343,0.20790062784111285,0.18888383440800616
2002-10-30,0.075048,0.075343,0.20810139196540534,0.18905002973658047
2002-10-31,0.074982,0.075343,0.20790062784111285,0.18888383440800616
2002-11-01,0.075015,0.075343,0.20800100574905223,0.1889669320859942
2002-11-04,0.075048,0.075343,0.20810139196540534,0.18905002973658047
2002-11-05,0.07508,0.075343,0.20819874411044137,0.18913060925037423
2002-11-06,0.075113,0.075343,0.20829914669385508,0.1892137068469876
2002-11-07,0.075113,0.075343,0.20829914669385508,0.1892137068469876
2002-11-08,0.075113,0.075343,0.20829914669385508,0.1892137068469876
2002-11-11,0.07508,0.075343,0.20819874411044137,0.18913060925037423
2002-11-12,0.07508,0.075343,0.20819874411044137,0.18913060925037423
2002-11-13,0.074982,0.075343,0.20790062784111285,0.18888383440800616
2002-11-14,0.074982,0.075343,0.20790062784111285,0.18888383440800616
2002-11-18,0.074949,0.075343,0.2078002582409022,0.18880073670261652
2002-11-19,0.074949,0.075343,0.2078002582409022,0.18880073670261652
2002-11-20,0.074982,0.075343,0.20790062784111285,0.18888383440800616
2002-11-21,0.077636,0.078615,0.21600003787715694,0.1955668146929725
2002-11-22,0.077962,0.078615,0.2169986394557506,0.19638769605548204
2002-11-25,0.078191,0.078615,0.21770059948881904,0.19696432584312612
2002-11-26,0.078354,0.078615,0.21820049356872073,0.19737476458246392
2002-11-27,0.078386,0.078615,0.2182986562842859,0.1974553414343851
2002-11-28,0.078321,0.078615,0.2180992715193717,0.1972916696769356
2002-11-29,0.078126,0.078615,0.21750131221262747,0.19680065376676592
2002-12-02,0.078321,0.078615,0.2180992715193717,0.1972916696769356
2002-12-03,0.078419,0.078615,0.2183998948364252,0.19753843628594414
2002-12-04,0.078386,0.078615,0.2182986562842859,0.1974553414343851
2002-12-05,0.078419,0.078615,0.2183998948364252,0.19753843628594414
2002-12-06,0.078419,0.078615,0.2183998948364252,0.19753843628594414
2002-12-09,0.078354,0.078615,0.21820049356872073,0.19737476458246392
2002-12-10,0.078289,0.078615,0.21800112480521316,0.19721109277268045
2002-12-11,0.078158,0.078615,0.21759941881160705,0.19688123080225886
2002-12-12,0.078126,0.078615,0.21750131221262747,0.19680065376676592
2002-12-13,0.078093,0.078615,0.21740014802880925,0.19671755867192903
2002-12-16,0.078093,0.078615,0.21740014802880925,0.19671755867192903
2002-12-17,0.07806,0.078615,0.21729899221753524,0.19663446354969213
2002-12-18,0.07806,0.078615,0.21729899221753524,0.19663446354969213
2002-12-19,0.087729,0.08827,0.2472986868106406,0.22098016232337372
2002-12-20,0.087793,0.08827,0.24749969094811064,0.22114130090654174
2002-12-23,0.087825,0.08827,0.24760020511539715,0.22122187015948644
2002-12-24,0.087729,0.08827,0.2472986868106406,0.22098016232337372
2002-12-26,0.087761,0.08827,0.24739918484678647,0.22106073162783751
2002-12-27,0.087857,0.08827,0.2477007273492211,0.2213024393866716
2002-12-30,0.087984,0.08827,0.24809975451226562,0.22162219825307752
2002-12-31,0.088048,0.08827,0.24830088723057075,0.22178333642570347
2003-01-02,0.088016,0.08827,0.24820031683618993,0.22170276735227018
2003-01-03,0.087984,0.08827,0.24809975451226562,0.22162219825307752
2003-01-06,0.088048,0.08827,0.24830088723057075,0.22178333642570347
2003-01-07,0.088048,0.08827,0.24830088723057075,0.22178333642570347
2003-01-08,0.088016,0.08827,0.24820031683618993,0.22170276735227018
2003-01-09,0.087984,0.08827,0.24809975451226562,0.22162219825307752
2003-01-10,0.087984,0.08827,0.24809975451226562,0.22162219825307752
2003-01-13,0.087952,0.08827,0.24799920025801336,0.22154162912812533
2003-01-14,0.087984,0.08827,0.24809975451226562,0.22162219825307752
2003-01-15,0.088048,0.08827,0.24830088723057075,0.22178333642570347
2003-01-16,0.088111,0.08827,0.24849890878155367,0.22194195671374684
2003-01-17,0.088111,0.08827,0.24849890878155367,0.22194195671374684
2003-01-20,0.08808,0.08827,0.24840146569598343,0.22186390547337734
2003-01-21,0.08808,0.08827,0.24840146569598343,0.22186390547337734
2003-01-22,0.088111,0.08827,0.24849890878155367,0.22194195671374684
2003-01-23,0.089477,0.089857,0.25280022124125145,0.22538122285182566
2003-01-24,0.089604,0.089857,0.25320087278752035,0.22570097654277207
2003-01-27,0.089635,0.089857,0.25329868899799135,0.2257790265947058
2003-01-28,0.089287,0.089857,0.25220105948883864,0.224902850430663
2003-01-29,0.089572,0.089857,0.2530999091912953,0.22562040872187147
2003-01-30,0.089635,0.089826,0.25329868899799135,0.2257790265947058
2003-01-31,0.089477,0.089794,0.25280022124125145,0.22538122285182566
2003-02-03,0.089635,0.089794,0.25329868899799135,0.2257790265947058
2003-02-04,0.089699,0.089857,0.2535006561987845,0.22594016210932386
2003-02-05,0.089762,0.089826,0.2536994993237651,0.22609877978089407
2003-02-06,0.089762,0.089794,0.2536994993237651,0.22609877978089407
2003-02-07,0.089699,0.089762,0.2535006561987845,0.22594016210932386
2003-02-10,0.089667,0.08973,0.25339966854648455,0.2258595943648941
2003-02-11,0.089635,0.089699,0.25329868899799135,0.2257790265947058
2003-02-12,0.089477,0.089667,0.25280022124125145,0.22538122285182566
2003-02-13,0.089445,0.089604,0.25269928979535505,0.22530065492869536
2003-02-14,0.089509,0.089635,0.25290116078710945,0.22546179074919728
2003-02-17,0.089604,0.089604,0.25320087278752035,0.22570097654277207
2003-02-18,0.089509,0.089509,0.25290116078710945,0.22546179074919728
2003-02-19,0.08954,0.08954,0.2529989536969539,0.22553984087521217
2003-02-20,0.091974,0.092572,0.260701055110671,0.23166795917918534
2003-02-21,0.092352,0.092666,0.2619014138372566,0.2326196420796749
2003-02-24,0.092446,0.092761,0.2622000924422401,0.23285630340697508
2003-02-25,0.092477,0.092729,0.26229860827219165,0.2329343512427754
2003-02-26,0.092477,0.092666,0.26229860827219165,0.2329343512427754
2003-02-27,0.092509,0.092603,0.26240031006550124,0.23301491672534358
2003-02-28,0.092635,0.092635,0.26280084021802175,0.23333214306257874
2003-03-05,0.092698,0.092666,0.2630011527571676,0.23349075608144562
2003-03-06,0.092666,0.092635,0.2628994027507485,0.23341019075100516
2003-03-07,0.092666,0.092666,0.2628994027507485,0.23341019075100516
2003-03-10,0.092761,0.092666,0.2632014969448997,0.23364936900047883
2003-03-11,0.092698,0.092698,0.2630011527571676,0.23349075608144562
2003-03-12,0.092666,0.092698,0.2628994027507485,0.23341019075100516
2003-03-13,0.092603,0.092729,0.26269910628516824,0.2332515776814291
2003-03-14,0.092603,0.092729,0.26269910628516824,0.2332515776814291
2003-03-17,0.092603,0.092761,0.26269910628516824,0.2332515776814291
2003-03-18,0.092509,0.092761,0.26240031006550124,0.23301491672534358
2003-03-19,0.092477,0.092823,0.26229860827219165,0.2329343512427754
2003-03-20,0.092509,0.092823,0.26240031006550124,0.23301491672534358
2003-03-21,0.092477,0.092855,0.26229860827219165,0.2329343512427754
2003-03-24,0.092446,0.092792,0.2622000924422401,0.23285630340697508
2003-03-25,0.092352,0.092792,0.2619014138372566,0.2326196420796749
2003-03-26,0.092383,0.092823,0.2619999064476515,0.23269768998877247
2003-03-27,0.092352,0.092792,0.2619014138372566,0.2326196420796749
2003-03-28,0.092446,0.092761,0.2622000924422401,0.23285630340697508
2003-03-31,0.092477,0.092761,0.26229860827219165,0.2329343512427754
2003-04-01,0.092415,0.092761,0.2621015842703571,0.2327782555470023
2003-04-02,0.092415,0.092729,0.2621015842703571,0.2327782555470023
2003-04-03,0.092415,0.092729,0.2621015842703571,0.2327782555470023
2003-04-04,0.092415,0.092761,0.2621015842703571,0.2327782555470023
2003-04-07,0.092446,0.092761,0.2622000924422401,0.23285630340697508
2003-04-08,0.092446,0.092761,0.2622000924422401,0.23285630340697508
2003-04-09,0.092415,0.092761,0.2621015842703571,0.2327782555470023
2003-04-10,0.092352,0.092761,0.2619014138372566,0.2326196420796749
2003-04-11,0.092383,0.092761,0.2619999064476515,0.23269768998877247
2003-04-14,0.092383,0.092761,0.2619999064476515,0.23269768998877247
2003-04-15,0.092415,0.092761,0.2621015842703571,0.2327782555470023
2003-04-16,0.092603,0.092761,0.26269910628516824,0.2332515776814291
2003-04-17,0.092666,0.092761,0.2628994027507485,0.23341019075100516
2003-04-22,0.092635,0.092761,0.26280084021802175,0.23333214306257874
2003-04-23,0.092635,0.092761,0.26280084021802175,0.23333214306257874
2003-04-24,0.09254,0.092761,0.2624988414606655,0.23309296451201922
2003-04-25,0.092446,0.092761,0.2622000924422401,0.23285630340697508
2003-04-28,0.092477,0.092761,0.26229860827219165,0.2329343512427754
2003-04-29,0.092477,0.092761,0.26229860827219165,0.2329343512427754
2003-04-30,0.092635,0.092761,0.26280084021802175,0.23333214306257874
2003-05-02,0.092666,0.092761,0.2628994027507485,0.23341019075100516
2003-05-05,0.092635,0.092761,0.26280084021802175,0.23333214306257874
2003-05-06,0.09254,0.092761,0.2624988414606655,0.23309296451201922
2003-05-07,0.092509,0.092761,0.26240031006550124,0.23301491672534358
2003-05-08,0.092477,0.092761,0.26229860827219165,0.2329343512427754
2003-05-09,0.092477,0.092761,0.26229860827219165,0.2329343512427754
2003-05-12,0.092446,0.092761,0.2622000924422401,0.23285630340697508
2003-05-13,0.092415,0.092761,0.2621015842703571,0.2327782555470023
2003-05-14,0.092477,0.092761,0.26229860827219165,0.2329343512427754
2003-05-15,0.092383,0.092761,0.2619999064476515,0.23269768998877247
2003-05-16,0.09254,0.092761,0.2624988414606655,0.23309296451201922
2003-05-19,0.092572,0.092761,0.26260055932241233,0.2331735299438781
2003-05-20,0.092509,0.092761,0.26240031006550124,0.23301491672534358
2003-05-21,0.092383,0.092729,0.2619999064476515,0.23269768998877247
2003-05-22,0.09232,0.092729,0.2617997520766884,0.23253907647073557
2003-05-23,0.092352,0.092698,0.2619014138372566,0.2326196420796749
2003-05-26,0.092352,0.092666,0.2619014138372566,0.2326196420796749
2003-05-27,0.09232,0.092635,0.2617997520766884,0.23253907647073557
2003-05-28,0.092289,0.092635,0.26170127502540375,0.23246102851251316
2003-05-29,0.09232,0.092603,0.2617997520766884,0.23253907647073557
2003-05-30,0.09232,0.092603,0.2617997520766884,0.23253907647073557
2003-06-02,0.092352,0.092572,0.2619014138372566,0.2326196420796749
2003-06-03,0.092383,0.092572,0.2619999064476515,0.23269768998877247
2003-06-04,0.09232,0.092572,0.2617997520766884,0.23253907647073557
2003-06-05,0.092352,0.092572,0.2619014138372566,0.2326196420796749
2003-06-06,0.09232,0.092603,0.2617997520766884,0.23253907647073557
2003-06-09,0.09232,0.092603,0.2617997520766884,0.23253907647073557
2003-06-10,0.09232,0.092603,0.2617997520766884,0.23253907647073557
2003-06-11,0.092289,0.092603,0.26170127502540375,0.23246102851251316
2003-06-12,0.092257,0.092572,0.26159962932451597,0.2323804628528643
2003-06-13,0.092257,0.092572,0.26159962932451597,0.2323804628528643
2003-06-16,0.092257,0.092572,0.26159962932451597,0.2323804628528643
2003-06-17,0.092257,0.092572,0.26159962932451597,0.2323804628528643
2003-06-18,0.092194,0.09254,0.26139953818608896,0.23222184913515848
2003-06-20,0.09068,0.090996,0.2566004945212519,0.22841005452572274
2003-06-23,0.090648,0.090996,0.25649925812423,0.22832948757094668
2003-06-24,0.09068,0.090996,0.2566004945212519,0.22841005452572274
2003-06-25,0.09068,0.090996,0.2566004945212519,0.22841005452572274
2003-06-26,0.09068,0.090996,0.2566004945212519,0.22841005452572274
2003-06-27,0.090711,0.090996,0.25669857502821825,0.2284881037385989
2003-06-30,0.090743,0.090996,0.2567998274205092,0.2285686706426639
2003-07-01,0.090648,0.090996,0.25649925812423,0.22832948757094668
2003-07-02,0.090648,0.090996,0.25649925812423,0.22832948757094668
2003-07-03,0.090617,0.090996,0.256401193111391,0.22825143830894404
2003-07-04,0.090585,0.090996,0.25629997270719174,0.2281708713034567
2003-07-07,0.090553,0.090996,0.25619876042526135,0.22809030427221122
2003-07-08,0.090585,0.090964,0.25629997270719174,0.2281708713034567
2003-07-09,0.090585,0.090964,0.25629997270719174,0.2281708713034567
2003-07-10,0.090522,0.090964,0.2561007187720792,0.2280122549361289
2003-07-11,0.090522,0.090964,0.2561007187720792,0.2280122549361289
2003-07-14,0.090553,0.090933,0.25619876042526135,0.22809030427221122
2003-07-15,0.090585,0.090933,0.25629997270719174,0.2281708713034567
2003-07-16,0.090553,0.090933,0.25619876042526135,0.22809030427221122
2003-07-17,0.09049,0.090901,0.2559995224791769,0.22793168785417206
2003-07-18,0.090585,0.090901,0.25629997270719174,0.2281708713034567
2003-07-21,0.09049,0.090838,0.2559995224791769,0.22793168785417206
2003-07-22,0.090427,0.090806,0.2558003160075488,0.22777307133629487
2003-07-23,0.090364,0.090585,0.2556011410055652,0.22761445471857955
2003-07-24,0.085974,0.086326,0.24179932959696426,0.21656140008454622
2003-07-25,0.086006,0.086326,0.24189938629033136,0.2166419708017865
2003-07-28,0.085974,0.086358,0.24179932959696426,0.21656140008454622
2003-07-29,0.085974,0.086358,0.24179932959696426,0.21656140008454622
2003-07-30,0.086006,0.086358,0.24189938629033136,0.2166419708017865
2003-07-31,0.08607,0.086358,0.24209952376775568,0.21680311215898557
2003-08-01,0.08607,0.086454,0.24209952376775568,0.21680311215898557
2003-08-04,0.086166,0.086486,0.24239979021983005,0.21704482400158104
2003-08-05,0.086166,0.086518,0.24239979021983005,0.21704482400158104
2003-08-06,0.086166,0.086518,0.24239979021983005,0.21704482400158104
2003-08-07,0.086102,0.086549,0.24219960455302747,0.21688368279894446
2003-08-08,0.086166,0.086549,0.24239979021983005,0.21704482400158104
2003-08-11,0.086198,0.086549,0.24249989510271486,0.21712539456425867
2003-08-12,0.086198,0.086518,0.24249989510271486,0.21712539456425867
2003-08-13,0.086134,0.086518,0.24229969337012514,0.21696425341314296
2003-08-14,0.086038,0.086486,0.24199945101373777,0.21672254149326628
2003-08-15,0.086038,0.086454,0.24199945101373777,0.21672254149326628
2003-08-18,0.08607,0.086454,0.24209952376775568,0.21680311215898557
2003-08-19,0.086038,0.086486,0.24199945101373777,0.21672254149326628
2003-08-20,0.084982,0.08607,0.23870155146627892,0.21406369507281572
2003-08-21,0.077995,0.078386,0.21709977040717332,0.19647079125908867
2003-08-22,0.077897,0.078419,0.21679946660570093,0.1962240236046046
2003-08-25,0.077865,0.078419,0.2167014242062213,0.19614344635896933
2003-08-26,0.077832,0.078419,0.21660032622276248,0.19606035104742292
2003-08-27,0.07793,0.078419,0.21690058107180343,0.19630711886218113
2003-08-28,0.077962,0.078386,0.2169986394557506,0.19638769605548204
2003-08-29,0.07793,0.078386,0.21690058107180343,0.19630711886218113
2003-09-01,0.07793,0.078386,0.21690058107180343,0.19630711886218113
2003-09-02,0.07793,0.078386,0.21690058107180343,0.19630711886218113
2003-09-03,0.077962,0.078419,0.2169986394557506,0.19638769605548204
2003-09-04,0.077962,0.078419,0.2169986394557506,0.19638769605548204
2003-09-05,0.077995,0.078419,0.21709977040717332,0.19647079125908867
2003-09-08,0.077995,0.078419,0.21709977040717332,0.19647079125908867
2003-09-09,0.078028,0.078419,0.21720090972909079,0.19655388643529528
2003-09-10,0.078028,0.078419,0.21720090972909079,0.19655388643529528
2003-09-11,0.078028,0.078419,0.21720090972909079,0.19655388643529528
2003-09-12,0.07806,0.078419,0.21729899221753524,0.19663446354969213
2003-09-15,0.077995,0.078419,0.21709977040717332,0.19647079125908867
2003-09-16,0.077865,0.078419,0.2167014242062213,0.19614344635896933
2003-09-17,0.077603,0.078386,0.2158989979420003,0.19548371919128546
2003-09-18,0.071349,0.071879,0.19690058292764046,0.17973536792824296
2003-09-19,0.071316,0.071879,0.19680112375744852,0.1796522672060656
2003-09-22,0.071382,0.071879,0.1970000503305025,0.17981846862301662
2003-09-23,0.071448,0.071879,0.19719900983695182,0.179984669930353
2003-09-24,0.071448,0.071879,0.19719900983695182,0.179984669930353
2003-09-25,0.071415,0.071879,0.1970995259667132,0.17990156929038667
2003-09-26,0.071415,0.071879,0.1970995259667132,0.17990156929038667
2003-09-29,0.071415,0.071846,0.1970995259667132,0.17990156929038667
2003-09-30,0.071415,0.071846,0.1970995259667132,0.17990156929038667
2003-10-01,0.071448,0.071813,0.19719900983695182,0.179984669930353
2003-10-02,0.071481,0.071813,0.1972985019418967,0.18006777054291576
2003-10-03,0.071481,0.071846,0.1972985019418967,0.18006777054291576
2003-10-06,0.071448,0.071846,0.19719900983695182,0.179984669930353
2003-10-07,0.071448,0.071846,0.19719900983695182,0.179984669930353
2003-10-08,0.071448,0.071846,0.19719900983695182,0.179984669930353
2003-10-09,0.071415,0.071846,0.1970995259667132,0.17990156929038667
2003-10-10,0.071481,0.071846,0.1972985019418967,0.18006777054291576
2003-10-13,0.071515,0.071846,0.19740101757260398,0.18015338932719732
2003-10-14,0.071515,0.071846,0.19740101757260398,0.18015338932719732
2003-10-15,0.071515,0.071846,0.19740101757260398,0.18015338932719732
2003-10-16,0.071548,0.071846,0.19750052639858695,0.18023648988412247
2003-10-17,0.071581,0.071846,0.19760004346133386,0.18031959041364404
2003-10-20,0.071548,0.071846,0.19750052639858695,0.18023648988412247
2003-10-21,0.071481,0.071846,0.1972985019418967,0.18006777054291576
2003-10-22,0.071349,0.071813,0.19690058292764046,0.17973536792824296
2003-10-23,0.068117,0.068552,0.1871985872810915,0.17159640347161947
2003-10-24,0.068051,0.068552,0.1870012831528678,0.17143019663188427
2003-10-27,0.068051,0.068552,0.1870012831528678,0.17143019663188427
2003-10-28,0.068051,0.068552,0.1870012831528678,0.17143019663188427
2003-10-29,0.068184,0.068552,0.18739891427782518,0.17176512848467945
2003-10-30,0.068184,0.068552,0.18739891427782518,0.17176512848467945
2003-10-31,0.068218,0.068552,0.1875005856315055,0.1718507500898885
2003-11-03,0.068184,0.068552,0.18739891427782518,0.17176512848467945
2003-11-04,0.068218,0.068552,0.1875005856315055,0.1718507500898885
2003-11-05,0.068251,0.068552,0.1875992749434905,0.1719338533847708
2003-11-06,0.068251,0.068552,0.1875992749434905,0.1719338533847708
2003-11-07,0.068218,0.068552,0.1875005856315055,0.1718507500898885
2003-11-10,0.068218,0.068552,0.1875005856315055,0.1718507500898885
2003-11-11,0.068218,0.068552,0.1875005856315055,0.1718507500898885
2003-11-12,0.068251,0.068552,0.1875992749434905,0.1719338533847708
2003-11-13,0.068251,0.068519,0.1875992749434905,0.1719338533847708
2003-11-14,0.068251,0.068519,0.1875992749434905,0.1719338533847708
2003-11-17,0.068251,0.068519,0.1875992749434905,0.1719338533847708
2003-11-18,0.068218,0.068452,0.1875005856315055,0.1718507500898885
2003-11-19,0.068151,0.068418,0.18730024154971692,0.17168202513415598
2003-11-20,0.063305,0.063475,0.1728986065545064,0.15947812651025675
2003-11-21,0.063272,0.063475,0.1728011340482376,0.15939501910768522
2003-11-24,0.063305,0.063475,0.1728986065545064,0.15947812651025675
2003-11-25,0.063238,0.063475,0.17270071626831807,0.15930939327030866
2003-11-26,0.063238,0.063441,0.17270071626831807,0.15930939327030866
2003-11-27,0.063204,0.063441,0.1726003070522053,0.15922376740383767
2003-11-28,0.06317,0.063407,0.17249990639930313,0.15913814150827232
2003-12-01,0.063102,0.063373,0.17229913077995818,0.1589668896298583
2003-12-02,0.063035,0.063475,0.17210134123550125,0.1587981560475976
2003-12-03,0.063068,0.063441,0.1721987558121265,0.15888126364700958
2003-12-04,0.063068,0.063441,0.1721987558121265,0.15888126364700958
2003-12-05,0.063068,0.063441,0.1721987558121265,0.15888126364700958
2003-12-08,0.063102,0.063407,0.17229913077995818,0.1589668896298583
2003-12-09,0.063068,0.063407,0.1721987558121265,0.15888126364700958
2003-12-10,0.063102,0.063373,0.17229913077995818,0.1589668896298583
2003-12-11,0.063035,0.063339,0.17210134123550125,0.1587981560475976
2003-12-12,0.063001,0.063305,0.1720009831356739,0.15871253000741561
2003-12-15,0.063001,0.063305,0.1720009831356739,0.15871253000741561
2003-12-16,0.062967,0.063305,0.17190063359458407,0.15862690393813905
2003-12-17,0.062933,0.063238,0.17180029261163554,0.158541277839768
2003-12-18,0.059598,0.05994,0.16199949468332453,0.1501422235615888
2003-12-19,0.059701,0.060076,0.16230096257087556,0.15040162882764466
2003-12-22,0.059701,0.060076,0.16230096257087556,0.15040162882764466
2003-12-23,0.059735,0.060076,0.16240049334344442,0.15048725769179958
2003-12-24,0.059701,0.060076,0.16230096257087556,0.15040162882764466
2003-12-26,0.059667,0.060076,0.16220144028689787,0.1503159999343933
2003-12-29,0.059701,0.060076,0.16230096257087556,0.15040162882764466
2003-12-30,0.059735,0.060042,0.16240049334344442,0.15048725769179958
2003-12-31,0.059837,0.060042,0.16269913659938973,0.15074414410968578
2004-01-02,0.059803,0.060076,0.16259958035691535,0.1506585153328201
2004-01-05,0.059769,0.060076,0.16250003260519552,0.15057288652685805
2004-01-06,0.059735,0.060076,0.16240049334344442,0.15048725769179958
2004-01-07,0.059701,0.060042,0.16230096257087556,0.15040162882764466
2004-01-08,0.059667,0.060042,0.16220144028689787,0.1503159999343933
2004-01-09,0.059667,0.060008,0.16220144028689787,0.1503159999343933
2004-01-12,0.059667,0.060008,0.16220144028689787,0.1503159999343933
2004-01-13,0.059667,0.060008,0.16220144028689787,0.1503159999343933
2004-01-14,0.059667,0.059974,0.16220144028689787,0.1503159999343933
2004-01-15,0.059632,0.059974,0.1620989997428688,0.1502278525138889
2004-01-16,0.059598,0.05994,0.16199949468332453,0.1501422235615888
2004-01-19,0.059598,0.05994,0.16199949468332453,0.1501422235615888
2004-01-20,0.059598,0.05994,0.16199949468332453,0.1501422235615888
2004-01-21,0.059598,0.059871,0.16199949468332453,0.1501422235615888
2004-01-22,0.059701,0.060042,0.16230096257087556,0.15040162882764466
2004-01-23,0.059735,0.060042,0.16240049334344442,0.15048725769179958
2004-01-26,0.059701,0.060042,0.16230096257087556,0.15040162882764466
2004-01-27,0.059701,0.060008,0.16230096257087556,0.15040162882764466
2004-01-28,0.059632,0.060008,0.1620989997428688,0.1502278525138889
2004-01-29,0.059564,0.05994,0.16189999811018718,0.15005659458019224
2004-01-30,0.059667,0.059906,0.16220144028689787,0.1503159999343933
2004-02-02,0.059667,0.059906,0.16220144028689787,0.1503159999343933
2004-02-03,0.059667,0.059906,0.16220144028689787,0.1503159999343933
2004-02-04,0.059667,0.059871,0.16220144028689787,0.1503159999343933
2004-02-05,0.059667,0.059871,0.16220144028689787,0.1503159999343933
2004-02-06,0.059632,0.059837,0.1620989997428688,0.1502278525138889
2004-02-09,0.059598,0.059837,0.16199949468332453,0.1501422235615888
2004-02-10,0.059564,0.059803,0.16189999811018718,0.15005659458019224
2004-02-11,0.05953,0.059837,0.16180051002267115,0.14997096556969908
2004-02-12,0.059598,0.059906,0.16199949468332453,0.1501422235615888
2004-02-13,0.059701,0.060008,0.16230096257087556,0.15040162882764466
2004-02-16,0.059735,0.060042,0.16240049334344442,0.15048725769179958
2004-02-17,0.059735,0.060042,0.16240049334344442,0.15048725769179958
2004-02-18,0.059735,0.060042,0.16240049334344442,0.15048725769179958
2004-02-19,0.059701,0.060042,0.16230096257087556,0.15040162882764466
2004-02-20,0.059769,0.060008,0.16250003260519552,0.15057288652685805
2004-02-25,0.059735,0.060008,0.16240049334344442,0.15048725769179958
2004-02-26,0.059735,0.059974,0.16240049334344442,0.15048725769179958
2004-02-27,0.059735,0.05994,0.16240049334344442,0.15048725769179958
2004-03-01,0.059701,0.059906,0.16230096257087556,0.15040162882764466
2004-03-02,0.059701,0.059906,0.16230096257087556,0.15040162882764466
2004-03-03,0.059667,0.059871,0.16220144028689787,0.1503159999343933
2004-03-04,0.059632,0.059837,0.1620989997428688,0.1502278525138889
2004-03-05,0.059667,0.05994,0.16220144028689787,0.1503159999343933
2004-03-08,0.059701,0.059906,0.16230096257087556,0.15040162882764466
2004-03-09,0.059667,0.059906,0.16220144028689787,0.1503159999343933
2004-03-10,0.059701,0.059871,0.16230096257087556,0.15040162882764466
2004-03-11,0.059632,0.059837,0.1620989997428688,0.1502278525138889
2004-03-12,0.059632,0.059803,0.1620989997428688,0.1502278525138889
2004-03-15,0.059598,0.059769,0.16199949468332453,0.1501422235615888
2004-03-16,0.059598,0.059735,0.16199949468332453,0.1501422235615888
2004-03-17,0.059598,0.059701,0.16199949468332453,0.1501422235615888
2004-03-18,0.05888,0.058983,0.1599001626969767,0.14833393477377604
2004-03-19,0.058948,0.059085,0.16009882317072877,0.14850519387818728
2004-03-22,0.059085,0.059222,0.16049916852229895,0.1488502302497971
2004-03-23,0.059188,0.059325,0.1608002487106801,0.14910963684581544
2004-03-24,0.059051,0.059291,0.1603997999056268,0.14876460082938314
2004-03-25,0.058983,0.059256,0.1602010880957523,0.14859334190126472
2004-03-26,0.058983,0.059291,0.1602010880957523,0.14859334190126472
2004-03-29,0.058948,0.059222,0.16009882317072877,0.14850519387818728
2004-03-30,0.058914,0.059154,0.15999948869792724,0.14841956434053014
2004-03-31,0.058983,0.059291,0.1602010880957523,0.14859334190126472
2004-04-01,0.059017,0.059256,0.16030043976364117,0.14867897137987238
2004-04-02,0.059017,0.059291,0.16030043976364117,0.14867897137987238
2004-04-05,0.059017,0.059291,0.16030043976364117,0.14867897137987238
2004-04-06,0.058983,0.059256,0.1602010880957523,0.14859334190126472
2004-04-07,0.058948,0.059256,0.16009882317072877,0.14850519387818728
2004-04-08,0.058948,0.059222,0.16009882317072877,0.14850519387818728
2004-04-12,0.058914,0.059222,0.15999948869792724,0.14841956434053014
2004-04-13,0.058914,0.059188,0.15999948869792724,0.14841956434053014
2004-04-14,0.058777,0.059119,0.15959931504061986,0.1480745273792551
2004-04-15,0.058092,0.058435,0.15760050836173067,0.14634933548650494
2004-04-16,0.057955,0.058435,0.15720115901837017,0.14600429569067083
2004-04-19,0.057989,0.058503,0.15730025481104537,0.14608992604903948
2004-04-20,0.057989,0.058503,0.15730025481104537,0.14608992604903948
2004-04-22,0.057955,0.058435,0.15720115901837017,0.14600429569067083
2004-04-23,0.057955,0.0584,0.15720115901837017,0.14600429569067083
2004-04-26,0.057955,0.058366,0.15720115901837017,0.14600429569067083
2004-04-27,0.05792,0.058332,0.15709915747159808,0.14591614676195638
2004-04-28,0.05792,0.058298,0.15709915747159808,0.14591614676195638
2004-04-29,0.057886,0.058229,0.15700007882990108,0.145830516344537
2004-04-30,0.058023,0.058229,0.15739935905601454,0.14617555637831067
2004-05-03,0.057955,0.058195,0.15720115901837017,0.14600429569067083
2004-05-04,0.057989,0.058195,0.15730025481104537,0.14608992604903948
2004-05-05,0.05792,0.05816,0.15709915747159808,0.14591614676195638
2004-05-06,0.057955,0.058126,0.15720115901837017,0.14600429569067083
2004-05-07,0.05792,0.058092,0.15709915747159808,0.14591614676195638
2004-05-10,0.057886,0.058058,0.15700007882990108,0.145830516344537
2004-05-11,0.057886,0.058023,0.15700007882990108,0.145830516344537
2004-05-12,0.057886,0.057989,0.15700007882990108,0.145830516344537
2004-05-13,0.057886,0.058023,0.15700007882990108,0.145830516344537
2004-05-14,0.057955,0.058126,0.15720115901837017,0.14600429569067083
2004-05-17,0.05792,0.058092,0.15709915747159808,0.14591614676195638
2004-05-18,0.05792,0.058058,0.15709915747159808,0.14591614676195638
2004-05-19,0.057886,0.057989,0.15700007882990108,0.145830516344537
2004-05-20,0.05792,0.058126,0.15709915747159808,0.14591614676195638
2004-05-21,0.057989,0.058263,0.15730025481104537,0.14608992604903948
2004-05-24,0.057989,0.058229,0.15730025481104537,0.14608992604903948
2004-05-25,0.057955,0.058195,0.15720115901837017,0.14600429569067083
2004-05-26,0.058126,0.058229,0.1576996382165623,0.14643496572762815
2004-05-27,0.058263,0.058195,0.15809915890192228,0.14678000493378734
2004-05-28,0.058298,0.05816,0.15820124825159065,0.14686815356032706
2004-05-31,0.058263,0.05816,0.15809915890192228,0.14678000493378734
2004-06-01,0.058058,0.05816,0.15750138696136862,0.1462637052162844
2004-06-02,0.058023,0.058058,0.15739935905601454,0.14617555637831067
2004-06-03,0.05792,0.058092,0.15709915747159808,0.14591614676195638
2004-06-04,0.058058,0.058195,0.15750138696136862,0.1462637052162844
2004-06-07,0.057989,0.058298,0.15730025481104537,0.14608992604903948
2004-06-08,0.05792,0.058366,0.15709915747159808,0.14591614676195638
2004-06-09,0.057886,0.058298,0.15700007882990108,0.145830516344537
2004-06-11,0.057886,0.058195,0.15700007882990108,0.145830516344537
2004-06-14,0.057886,0.058229,0.15700007882990108,0.145830516344537
2004-06-15,0.05792,0.058298,0.15709915747159808,0.14591614676195638
2004-06-16,0.05792,0.058229,0.15709915747159808,0.14591614676195638
2004-06-17,0.05792,0.058195,0.15709915747159808,0.14591614676195638
2004-06-18,0.057886,0.058195,0.15700007882990108,0.145830516344537
2004-06-21,0.057955,0.058263,0.15720115901837017,0.14600429569067083
2004-06-22,0.05792,0.058298,0.15709915747159808,0.14591614676195638
2004-06-23,0.057886,0.058195,0.15700007882990108,0.145830516344537
2004-06-24,0.057886,0.058195,0.15700007882990108,0.145830516344537
2004-06-25,0.057852,0.058229,0.15690100863825873,0.1457448858980201
2004-06-28,0.057886,0.058263,0.15700007882990108,0.145830516344537
2004-06-29,0.057886,0.058263,0.15700007882990108,0.145830516344537
2004-06-30,0.057955,0.058229,0.15720115901837017,0.14600429569067083
2004-07-01,0.05792,0.058229,0.15709915747159808,0.14591614676195638
2004-07-02,0.057852,0.058263,0.15690100863825873,0.1457448858980201
2004-07-05,0.057852,0.058229,0.15690100863825873,0.1457448858980201
2004-07-06,0.057886,0.058229,0.15700007882990108,0.145830516344537
2004-07-07,0.057852,0.058195,0.15690100863825873,0.1457448858980201
2004-07-08,0.057989,0.058126,0.15730025481104537,0.14608992604903948
2004-07-09,0.058126,0.058126,0.1576996382165623,0.14643496572762815
2004-07-12,0.05792,0.05816,0.15709915747159808,0.14591614676195638
2004-07-13,0.05792,0.05816,0.15709915747159808,0.14591614676195638
2004-07-14,0.057852,0.058092,0.15690100863825873,0.1457448858980201
2004-07-15,0.05792,0.058126,0.15709915747159808,0.14591614676195638
2004-07-16,0.057886,0.058092,0.15700007882990108,0.145830516344537
2004-07-19,0.057886,0.058092,0.15700007882990108,0.145830516344537
2004-07-20,0.057886,0.058092,0.15700007882990108,0.145830516344537
2004-07-21,0.05792,0.058058,0.15709915747159808,0.14591614676195638
2004-07-22,0.057852,0.058058,0.15690100863825873,0.1457448858980201
2004-07-23,0.057886,0.058058,0.15700007882990108,0.145830516344537
2004-07-26,0.05792,0.058058,0.15709915747159808,0.14591614676195638
2004-07-27,0.057886,0.058058,0.15700007882990108,0.145830516344537
2004-07-28,0.057886,0.058092,0.15700007882990108,0.145830516344537
2004-07-29,0.057886,0.05816,0.15700007882990108,0.145830516344537
2004-07-30,0.058023,0.058298,0.15739935905601454,0.14617555637831067
2004-08-02,0.058058,0.058298,0.15750138696136862,0.1462637052162844
2004-08-03,0.058092,0.058298,0.15760050836173067,0.14634933548650494
2004-08-04,0.058126,0.058332,0.1576996382165623,0.14643496572762815
2004-08-05,0.05816,0.058366,0.15779877652664664,0.14652059593965397
2004-08-06,0.058126,0.058435,0.1576996382165623,0.14643496572762815
2004-08-09,0.058126,0.058435,0.1576996382165623,0.14643496572762815
2004-08-10,0.058092,0.058469,0.15760050836173067,0.14634933548650494
2004-08-11,0.058126,0.058503,0.1576996382165623,0.14643496572762815
2004-08-12,0.058092,0.058503,0.15760050836173067,0.14634933548650494
2004-08-13,0.058058,0.058503,0.15750138696136862,0.1462637052162844
2004-08-16,0.058092,0.058503,0.15760050836173067,0.14634933548650494
2004-08-17,0.058058,0.058503,0.15750138696136862,0.1462637052162844
2004-08-18,0.057989,0.058469,0.15730025481104537,0.14608992604903948
2004-08-19,0.058023,0.058435,0.15739935905601454,0.14617555637831067
2004-08-20,0.058023,0.0584,0.15739935905601454,0.14617555637831067
2004-08-23,0.058126,0.058366,0.1576996382165623,0.14643496572762815
2004-08-24,0.058126,0.058332,0.1576996382165623,0.14643496572762815
2004-08-25,0.058023,0.058366,0.15739935905601454,0.14617555637831067
2004-08-26,0.058023,0.058435,0.15739935905601454,0.14617555637831067
2004-08-27,0.05816,0.058503,0.15779877652664664,0.14652059593965397
2004-08-30,0.058263,0.058606,0.15809915890192228,0.14678000493378734
2004-08-31,0.058298,0.058606,0.15820124825159065,0.14686815356032706
2004-09-01,0.058195,0.05864,0.15790083950192235,0.14660874465693394
2004-09-02,0.058263,0.05864,0.15809915890192228,0.14678000493378734
2004-09-03,0.05816,0.05864,0.15779877652664664,0.14652059593965397
2004-09-06,0.058195,0.05864,0.15790083950192235,0.14660874465693394
2004-09-08,0.058229,0.058674,0.15799999497327266,0.14669437480990932
2004-09-09,0.05816,0.058674,0.15779877652664664,0.14652059593965397
2004-09-10,0.058263,0.058709,0.15809915890192228,0.14678000493378734
2004-09-13,0.058435,0.058743,0.15860094135475045,0.14721319217336507
2004-09-14,0.058469,0.058811,0.15870015654044334,0.1472988221209481
2004-09-15,0.058537,0.058811,0.15889861229992452,0.1474700819288227
2004-09-16,0.059461,0.059667,0.16159863380886996,0.14979718895896252
2004-09-17,0.059427,0.059701,0.16149917142333003,0.14971155986032395
2004-09-20,0.059496,0.059735,0.16170103041999018,0.1498853365301094
2004-09-21,0.059325,0.059735,0.16120083516032468,0.1494546723898284
2004-09-22,0.059427,0.059735,0.16149917142333003,0.14971155986032395
2004-09-23,0.059393,0.059735,0.16139971752057192,0.1496259307325887
2004-09-24,0.059496,0.059735,0.16170103041999018,0.1498853365301094
2004-09-27,0.059496,0.059735,0.16170103041999018,0.1498853365301094
2004-09-28,0.059496,0.059735,0.16170103041999018,0.1498853365301094
2004-09-29,0.059393,0.059701,0.16139971752057192,0.1496259307325887
2004-09-30,0.059496,0.059735,0.16170103041999018,0.1498853365301094
2004-10-01,0.05953,0.059701,0.16180051002267115,0.14997096556969908
2004-10-04,0.059461,0.059667,0.16159863380886996,0.14979718895896252
2004-10-05,0.059427,0.059598,0.16149917142333003,0.14971155986032395
2004-10-06,0.059427,0.059667,0.16149917142333003,0.14971155986032395
2004-10-07,0.059427,0.059701,0.16149917142333003,0.14971155986032395
2004-10-08,0.059427,0.059735,0.16149917142333003,0.14971155986032395
2004-10-11,0.059427,0.059735,0.16149917142333003,0.14971155986032395
2004-10-13,0.059496,0.059735,0.16170103041999018,0.1498853365301094
2004-10-14,0.059461,0.059735,0.16159863380886996,0.14979718895896252
2004-10-15,0.059461,0.059735,0.16159863380886996,0.14979718895896252
2004-10-18,0.059461,0.059735,0.16159863380886996,0.14979718895896252
2004-10-19,0.059427,0.059735,0.16149917142333003,0.14971155986032395
2004-10-20,0.059427,0.059735,0.16149917142333003,0.14971155986032395
2004-10-21,0.061065,0.061439,0.16630057129186926,0.1538368345474281
2004-10-22,0.061201,0.061439,0.16670011003467877,0.15417934516041512
2004-10-25,0.061269,0.061439,0.16689993052561314,0.15435060029233508
2004-10-26,0.061269,0.061439,0.16689993052561314,0.15435060029233508
2004-10-27,0.061201,0.061439,0.16670011003467877,0.15417934516041512
2004-10-28,0.061201,0.061439,0.16670011003467877,0.15417934516041512
2004-10-29,0.061167,0.061439,0.1666002125702042,0.15409371755081178
2004-11-01,0.061201,0.061439,0.16670011003467877,0.15417934516041512
2004-11-03,0.061303,0.061405,0.16699985355345515,0.1544362278146518
2004-11-04,0.061303,0.061405,0.16699985355345515,0.1544362278146518
2004-11-05,0.061337,0.061405,0.16709978510386736,0.15452185530787294
2004-11-08,0.061337,0.061439,0.16709978510386736,0.15452185530787294
2004-11-09,0.061337,0.061439,0.16709978510386736,0.15452185530787294
2004-11-10,0.061337,0.061439,0.16709978510386736,0.15452185530787294
2004-11-11,0.061337,0.061439,0.16709978510386736,0.15452185530787294
2004-11-12,0.061371,0.061439,0.16719972517763937,0.1546074827719986
2004-11-16,0.061405,0.061439,0.16729967377536425,0.15469311020702878
2004-11-17,0.061371,0.061439,0.16719972517763937,0.1546074827719986
2004-11-18,0.063035,0.063136,0.17210134123550125,0.1587981560475976
2004-11-19,0.063035,0.063136,0.17210134123550125,0.1587981560475976
2004-11-22,0.063035,0.063102,0.17210134123550125,0.1587981560475976
2004-11-23,0.062967,0.063102,0.17190063359458407,0.15862690393813905
2004-11-24,0.062967,0.063136,0.17190063359458407,0.15862690393813905
2004-11-25,0.062899,0.063102,0.17169996018603606,0.15845565171230233
2004-11-26,0.062899,0.063068,0.17169996018603606,0.15845565171230233
2004-11-29,0.062933,0.063068,0.17180029261163554,0.158541277839768
2004-11-30,0.063001,0.063035,0.1720009831356739,0.15871253000741561
2004-12-01,0.063068,0.063102,0.1721987558121265,0.15888126364700958
2004-12-02,0.063035,0.063102,0.17210134123550125,0.1587981560475976
2004-12-03,0.063001,0.063102,0.1720009831356739,0.15871253000741561
2004-12-06,0.062967,0.063136,0.17190063359458407,0.15862690393813905
2004-12-07,0.062967,0.063136,0.17190063359458407,0.15862690393813905
2004-12-08,0.062899,0.063136,0.17169996018603606,0.15845565171230233
2004-12-09,0.062899,0.063136,0.17169996018603606,0.15845565171230233
2004-12-10,0.062967,0.063136,0.17190063359458407,0.15862690393813905
2004-12-13,0.062967,0.063136,0.17190063359458407,0.15862690393813905
2004-12-14,0.063001,0.063136,0.1720009831356739,0.15871253000741561
2004-12-15,0.063001,0.06317,0.1720009831356739,0.15871253000741561
2004-12-16,0.064657,0.064826,0.17689897038286317,0.1628829880458495
2004-12-17,0.064657,0.064826,0.17689897038286317,0.1628829880458495
2004-12-20,0.064691,0.064826,0.17699974622803105,0.16296861266898074
2004-12-21,0.064657,0.064826,0.17689897038286317,0.1628829880458495
2004-12-22,0.064691,0.064826,0.17699974622803105,0.16296861266898074
2004-12-23,0.064725,0.064826,0.1771005306682818,0.16305423726301843
2004-12-24,0.064725,0.064826,0.1771005306682818,0.16305423726301843
2004-12-27,0.064725,0.064826,0.1771005306682818,0.16305423726301843
2004-12-28,0.064691,0.064826,0.17699974622803105,0.16296861266898074
2004-12-29,0.064759,0.064826,0.17720132370421404,0.16313986182796258
2004-12-30,0.06486,0.06486,0.17750078901151767,0.1633942169816593
2004-12-31,0.064893,0.06486,0.17759865055701085,0.1634773230653409
2005-01-03,0.064893,0.064826,0.17759865055701085,0.1634773230653409
2005-01-04,0.064759,0.064826,0.17720132370421404,0.16313986182796258
2005-01-05,0.064759,0.064826,0.17720132370421404,0.16313986182796258
2005-01-06,0.064759,0.064826,0.17720132370421404,0.16313986182796258
2005-01-07,0.064725,0.064826,0.1771005306682818,0.16305423726301843
2005-01-10,0.064725,0.064826,0.1771005306682818,0.16305423726301843
2005-01-11,0.064691,0.064826,0.17699974622803105,0.16296861266898074
2005-01-12,0.064759,0.064826,0.17720132370421404,0.16313986182796258
2005-01-13,0.064691,0.064826,0.17699974622803105,0.16296861266898074
2005-01-14,0.064759,0.064826,0.17720132370421404,0.16313986182796258
2005-01-17,0.064826,0.064826,0.17739997043678724,0.16330859250313984
2005-01-18,0.064792,0.064826,0.17729916046003935,0.16322296799552702
2005-01-19,0.064792,0.06486,0.17729916046003935,0.16322296799552702
2005-01-20,0.066442,0.066509,0.18220133827686724,0.1673782414298518
2005-01-21,0.066475,0.066509,0.18229958892945186,0.1674613461996684
2005-01-24,0.066509,0.066509,0.18240082538097746,0.16754696926717835
2005-01-25,0.066509,0.066509,0.18240082538097746,0.16754696926717835
2005-01-26,0.066442,0.066509,0.18220133827686724,0.1673782414298518
2005-01-27,0.066475,0.066509,0.18229958892945186,0.1674613461996684
2005-01-28,0.066442,0.066509,0.18220133827686724,0.1673782414298518
2005-01-31,0.066542,0.066509,0.18249909254678287,0.1676300739813517
2005-02-01,0.066542,0.066509,0.18249909254678287,0.1676300739813517
2005-02-02,0.066576,0.066542,0.18260034601335384,0.16771569699153235
2005-02-03,0.066542,0.066542,0.18249909254678287,0.1676300739813517
2005-02-04,0.066542,0.066542,0.18249909254678287,0.1676300739813517
2005-02-09,0.066542,0.066542,0.18249909254678287,0.1676300739813517
2005-02-10,0.066475,0.066542,0.18229958892945186,0.1674613461996684
2005-02-11,0.066475,0.066576,0.18229958892945186,0.1674613461996684
2005-02-14,0.066442,0.066576,0.18220133827686724,0.1673782414298518
2005-02-15,0.066442,0.066576,0.18220133827686724,0.1673782414298518
2005-02-16,0.066374,0.066576,0.18199890803011143,0.16720699515108062
2005-02-17,0.068051,0.068218,0.1870012831528678,0.17143019663188427
2005-02-18,0.068017,0.068218,0.18689965437890654,0.17134457488378432
2005-02-21,0.068017,0.068218,0.18689965437890654,0.17134457488378432
2005-02-22,0.068017,0.068218,0.18689965437890654,0.17134457488378432
2005-02-23,0.067984,0.068218,0.18680102297464907,0.17126147139457254
2005-02-24,0.067984,0.068218,0.18680102297464907,0.17126147139457254
2005-02-25,0.067984,0.068218,0.18680102297464907,0.17126147139457254
2005-02-28,0.067984,0.068184,0.18680102297464907,0.17126147139457254
2005-03-01,0.06795,0.068184,0.18669941127848322,0.17117584958914503
2005-03-02,0.067883,0.068184,0.1864992018273144,0.1710071241815365
2005-03-03,0.067883,0.068184,0.1864992018273144,0.1710071241815365
2005-03-04,0.06785,0.068184,0.1864006035686523,0.1709240205810415
2005-03-07,0.067917,0.068218,0.18660079644841043,0.1710927460442917
2005-03-08,0.06785,0.068218,0.1864006035686523,0.1709240205810415
2005-03-09,0.067816,0.068218,0.18629902601970194,0.17083839866095857
2005-03-10,0.067783,0.068218,0.18620044432967653,0.1707552950048219
2005-03-11,0.067783,0.068218,0.18620044432967653,0.1707552950048219
2005-03-14,0.067783,0.068218,0.18620044432967653,0.1707552950048219
2005-03-15,0.067816,0.068218,0.18629902601970194,0.17083839866095857
2005-03-16,0.06785,0.068218,0.1864006035686523,0.1709240205810415
2005-03-17,0.069553,0.069853,0.19149954327737317,0.17521263423923272
2005-03-18,0.06962,0.069853,0.1917005931288338,0.17538135683108633
2005-03-21,0.069653,0.069853,0.1917996301021747,0.1754644589616712
2005-03-22,0.069686,0.069853,0.19189867527337734,0.17554756106485142
2005-03-23,0.06972,0.069853,0.19200073038842302,0.1756331813849197
2005-03-24,0.069753,0.069853,0.19209979220584894,0.1757162834324603
2005-03-28,0.06972,0.069886,0.19200073038842302,0.1756331813849197
2005-03-29,0.06972,0.069886,0.19200073038842302,0.1756331813849197
2005-03-30,0.069686,0.069886,0.19189867527337734,0.17554756106485142
2005-03-31,0.069753,0.069886,0.19209979220584894,0.1757162834324603
2005-04-01,0.069753,0.069853,0.19209979220584894,0.1757162834324603
2005-04-04,0.069753,0.069853,0.19209979220584894,0.1757162834324603
2005-04-05,0.069786,0.069853,0.19219886222318516,0.17579938545259638
2005-04-06,0.069753,0.069853,0.19209979220584894,0.1757162834324603
2005-04-07,0.069753,0.069853,0.19209979220584894,0.1757162834324603
2005-04-08,0.06972,0.069853,0.19200073038842302,0.1756331813849197
2005-04-11,0.06972,0.069853,0.19200073038842302,0.1756331813849197
2005-04-12,0.069653,0.069853,0.1917996301021747,0.1754644589616712
2005-04-13,0.069686,0.069853,0.19189867527337734,0.17554756106485142
2005-04-14,0.069686,0.069853,0.19189867527337734,0.17554756106485142
2005-04-15,0.069653,0.069853,0.1917996301021747,0.1754644589616712
2005-04-18,0.069653,0.069853,0.1917996301021747,0.1754644589616712
2005-04-19,0.069686,0.069853,0.19189867527337734,0.17554756106485142
2005-04-20,0.069653,0.069853,0.1917996301021747,0.1754644589616712
2005-04-22,0.070352,0.070685,0.1938993402212379,0.17722470674422436
2005-04-25,0.070419,0.070685,0.1941007933981913,0.17739342798893265
2005-04-26,0.070419,0.070685,0.1941007933981913,0.17739342798893265
2005-04-27,0.070485,0.070718,0.19429927291445548,0.17755963089566085
2005-04-28,0.070518,0.070718,0.19439852499462806,0.1776427323079187
2005-04-29,0.070585,0.070718,0.19460006206741887,0.17781145327274714
2005-05-02,0.070651,0.070718,0.19479862424114147,0.1779776559037732
2005-05-03,0.070651,0.070751,0.19479862424114147,0.1779776559037732
2005-05-04,0.070651,0.070751,0.19479862424114147,0.1779776559037732
2005-05-05,0.070651,0.070751,0.19479862424114147,0.1779776559037732
2005-05-06,0.070685,0.070751,0.19490092667473613,0.1780632753981889
2005-05-09,0.070618,0.070784,0.19469933904542214,0.17789455460196224
2005-05-10,0.070618,0.070784,0.19469933904542214,0.17789455460196224
2005-05-11,0.070618,0.070784,0.19469933904542214,0.17789455460196224
2005-05-12,0.070618,0.070784,0.19469933904542214,0.17789455460196224
2005-05-13,0.070585,0.070784,0.19460006206741887,0.17781145327274714
2005-05-16,0.070651,0.070784,0.19479862424114147,0.1779776559037732
2005-05-17,0.070651,0.070784,0.19479862424114147,0.1779776559037732
2005-05-18,0.070618,0.070751,0.19469933904542214,0.17789455460196224
2005-05-19,0.071415,0.071581,0.1970995259667132,0.17990156929038667
2005-05-20,0.071415,0.071548,0.1970995259667132,0.17990156929038667
2005-05-23,0.071415,0.071548,0.1970995259667132,0.17990156929038667
2005-05-24,0.071415,0.071548,0.1970995259667132,0.17990156929038667
2005-05-25,0.071382,0.071548,0.1970000503305025,0.17981846862301662
2005-05-27,0.071415,0.071548,0.1970995259667132,0.17990156929038667
2005-05-30,0.071481,0.071548,0.1972985019418967,0.18006777054291576
2005-05-31,0.071614,0.071581,0.19769956876152373,0.18040269091576203
2005-06-01,0.071614,0.071581,0.19769956876152373,0.18040269091576203
2005-06-02,0.071548,0.071548,0.19750052639858695,0.18023648988412247
2005-06-03,0.071515,0.071548,0.19740101757260398,0.18015338932719732
2005-06-06,0.071481,0.071548,0.1972985019418967,0.18006777054291576
2005-06-07,0.071481,0.071548,0.1972985019418967,0.18006777054291576
2005-06-08,0.071415,0.071548,0.1970995259667132,0.17990156929038667
2005-06-09,0.071415,0.071548,0.1970995259667132,0.17990156929038667
2005-06-10,0.071448,0.071548,0.19719900983695182,0.179984669930353
2005-06-13,0.071481,0.071548,0.1972985019418967,0.18006777054291576
2005-06-14,0.071481,0.071548,0.1972985019418967,0.18006777054291576
2005-06-15,0.071481,0.071548,0.1972985019418967,0.18006777054291576
2005-06-16,0.071448,0.071515,0.19719900983695182,0.179984669930353
2005-06-17,0.071481,0.071515,0.1972985019418967,0.18006777054291576
2005-06-20,0.071448,0.071515,0.19719900983695182,0.179984669930353
2005-06-21,0.071415,0.071515,0.1970995259667132,0.17990156929038667
2005-06-22,0.071448,0.071515,0.19719900983695182,0.179984669930353
2005-06-23,0.071448,0.071515,0.19719900983695182,0.179984669930353
2005-06-24,0.071481,0.071515,0.1972985019418967,0.18006777054291576
2005-06-27,0.071515,0.071515,0.19740101757260398,0.18015338932719732
2005-06-28,0.071515,0.071515,0.19740101757260398,0.18015338932719732
2005-06-29,0.071515,0.071515,0.19740101757260398,0.18015338932719732
2005-06-30,0.071515,0.071515,0.19740101757260398,0.18015338932719732
2005-07-01,0.071481,0.071481,0.1972985019418967,0.18006777054291576
2005-07-04,0.071515,0.071448,0.19740101757260398,0.18015338932719732
2005-07-05,0.071448,0.071448,0.19719900983695182,0.179984669930353
2005-07-06,0.071448,0.071448,0.19719900983695182,0.179984669930353
2005-07-07,0.071415,0.071448,0.1970995259667132,0.17990156929038667
2005-07-08,0.071349,0.071448,0.19690058292764046,0.17973536792824296
2005-07-11,0.071415,0.071448,0.1970995259667132,0.17990156929038667
2005-07-12,0.071382,0.071448,0.1970000503305025,0.17981846862301662
2005-07-13,0.071382,0.071448,0.1970000503305025,0.17981846862301662
2005-07-14,0.071415,0.071448,0.1970995259667132,0.17990156929038667
2005-07-15,0.071415,0.071481,0.1970995259667132,0.17990156929038667
2005-07-18,0.071382,0.071448,0.1970000503305025,0.17981846862301662
2005-07-19,0.071382,0.071448,0.1970000503305025,0.17981846862301662
2005-07-20,0.071349,0.071448,0.19690058292764046,0.17973536792824296
2005-07-21,0.071349,0.071448,0.19690058292764046,0.17973536792824296
2005-07-22,0.071349,0.071448,0.19690058292764046,0.17973536792824296
2005-07-25,0.071349,0.071448,0.19690058292764046,0.17973536792824296
2005-07-26,0.071316,0.071448,0.19680112375744852,0.1796522672060656
2005-07-27,0.071282,0.071448,0.19669865928290475,0.179566648251524
2005-07-28,0.071282,0.071481,0.19669865928290475,0.179566648251524
2005-07-29,0.071316,0.071515,0.19680112375744852,0.1796522672060656
2005-08-01,0.071349,0.071515,0.19690058292764046,0.17973536792824296
2005-08-02,0.071382,0.071548,0.1970000503305025,0.17981846862301662
2005-08-03,0.071382,0.071548,0.1970000503305025,0.17981846862301662
2005-08-04,0.071382,0.071581,0.1970000503305025,0.17981846862301662
2005-08-05,0.071349,0.071581,0.19690058292764046,0.17973536792824296
2005-08-08,0.071349,0.071581,0.19690058292764046,0.17973536792824296
2005-08-09,0.071316,0.071581,0.19680112375744852,0.1796522672060656
2005-08-10,0.071316,0.071581,0.19680112375744852,0.1796522672060656
2005-08-11,0.071316,0.071581,0.19680112375744852,0.1796522672060656
2005-08-12,0.071316,0.071581,0.19680112375744852,0.1796522672060656
2005-08-15,0.071282,0.071581,0.19669865928290475,0.179566648251524
2005-08-16,0.071249,0.071614,0.19659921682544024,0.17948354747370882
2005-08-17,0.071183,0.071548,0.19640035660167343,0.17931734583586723
2005-08-18,0.071116,0.071515,0.19619851701312263,0.1791486258792727
2005-08-19,0.071216,0.071515,0.19649978259858925,0.1794004466684899
2005-08-22,0.071249,0.071515,0.19659921682544024,0.17948354747370882
2005-08-23,0.071249,0.071515,0.19659921682544024,0.17948354747370882
2005-08-24,0.071282,0.071515,0.19669865928290475,0.179566648251524
2005-08-25,0.071282,0.071515,0.19669865928290475,0.179566648251524
2005-08-26,0.071249,0.071515,0.19659921682544024,0.17948354747370882
2005-08-29,0.071349,0.071481,0.19690058292764046,0.17973536792824296
2005-08-30,0.071349,0.071481,0.19690058292764046,0.17973536792824296
2005-08-31,0.071415,0.071481,0.1970995259667132,0.17990156929038667
2005-09-01,0.071448,0.071515,0.19719900983695182,0.179984669930353
2005-09-02,0.071448,0.071481,0.19719900983695182,0.179984669930353
2005-09-05,0.071448,0.071481,0.19719900983695182,0.179984669930353
2005-09-06,0.071415,0.071515,0.1970995259667132,0.17990156929038667
2005-09-08,0.071349,0.071515,0.19690058292764046,0.17973536792824296
2005-09-09,0.071349,0.071515,0.19690058292764046,0.17973536792824296
2005-09-12,0.071382,0.071515,0.1970000503305025,0.17981846862301662
2005-09-13,0.071349,0.071515,0.19690058292764046,0.17973536792824296
2005-09-14,0.071349,0.071515,0.19690058292764046,0.17973536792824296
2005-09-15,0.070585,0.070685,0.19460006206741887,0.17781145327274714
2005-09-16,0.070585,0.070718,0.19460006206741887,0.17781145327274714
2005-09-19,0.070585,0.070751,0.19460006206741887,0.17781145327274714
2005-09-20,0.070552,0.070751,0.19450079330638737,0.177728351916128
2005-09-21,0.070452,0.070718,0.1942000290492023,0.17747652945599884
2005-09-22,0.070485,0.070751,0.19429927291445548,0.17755963089566085
2005-09-23,0.070452,0.070718,0.1942000290492023,0.17747652945599884
2005-09-26,0.070518,0.070718,0.19439852499462806,0.1776427323079187
2005-09-27,0.070485,0.070718,0.19429927291445548,0.17755963089566085
2005-09-28,0.070518,0.070784,0.19439852499462806,0.1776427323079187
2005-09-29,0.070552,0.070784,0.19450079330638737,0.177728351916128
2005-09-30,0.070751,0.070818,0.19509953865854857,0.1782294778631297
2005-10-03,0.070618,0.070651,0.19469933904542214,0.17789455460196224
2005-10-04,0.070485,0.070585,0.19429927291445548,0.17755963089566085
2005-10-05,0.070452,0.070552,0.1942000290492023,0.17747652945599884
2005-10-06,0.070385,0.070552,0.19399855919693154,0.17730780826692935
2005-10-07,0.070419,0.070552,0.1941007933981913,0.17739342798893265
2005-10-10,0.070385,0.070552,0.19399855919693154,0.17730780826692935
2005-10-11,0.070419,0.070552,0.1941007933981913,0.17739342798893265
2005-10-13,0.070319,0.070552,0.1938001294577345,0.17714160519411515
2005-10-14,0.070319,0.070552,0.1938001294577345,0.17714160519411515
2005-10-17,0.070252,0.070552,0.19359872680358525,0.17697288378080409
2005-10-18,0.070286,0.070552,0.19370092690574436,0.17705850361660166
2005-10-19,0.070286,0.070552,0.19370092690574436,0.17705850361660166
2005-10-20,0.068719,0.068886,0.18899974857909396,0.17311240625284124
2005-10-21,0.068686,0.068886,0.18890094335004504,0.17302930334661537
2005-10-24,0.068652,0.068886,0.1887991525766579,0.1729436821418405
2005-10-25,0.068686,0.068886,0.18890094335004504,0.17302930334661537
2005-10-26,0.068619,0.068886,0.18870036395088685,0.17286057917997388
2005-10-27,0.068652,0.068886,0.1887991525766579,0.1729436821418405
2005-10-28,0.068619,0.068886,0.18870036395088685,0.17286057917997388
2005-10-31,0.068786,0.068886,0.1892003782953604,0.17328113025087447
2005-11-01,0.068919,0.068886,0.18959874316420988,0.17361605964361437
2005-11-03,0.068819,0.068886,0.1892992083105911,0.1733642330740546
2005-11-04,0.068886,0.068919,0.18949988835660414,0.1735329569034799
2005-11-07,0.068886,0.068953,0.18949988835660414,0.1735329569034799
2005-11-08,0.068853,0.06902,0.1894010417311669,0.1734498541359404
2005-11-09,0.068886,0.069086,0.18949988835660414,0.1735329569034799
2005-11-10,0.068886,0.06912,0.18949988835660414,0.1735329569034799
2005-11-11,0.068853,0.069153,0.1894010417311669,0.1734498541359404
2005-11-14,0.068886,0.069153,0.18949988835660414,0.1735329569034799
2005-11-16,0.068786,0.06912,0.1892003782953604,0.17328113025087447
2005-11-17,0.068786,0.069086,0.1892003782953604,0.17328113025087447
2005-11-18,0.068786,0.069053,0.1892003782953604,0.17328113025087447
2005-11-21,0.068686,0.068986,0.18890094335004504,0.17302930334661537
2005-11-22,0.068686,0.068986,0.18890094335004504,0.17302930334661537
2005-11-23,0.068585,0.068919,0.188598590282542,0.17277495791787206
2005-11-24,0.066979,0.067247,0.1838011553940988,0.16873057927851454
2005-11-25,0.067012,0.06728,0.18389953847671925,0.1688136836023573
2005-11-28,0.067012,0.067347,0.18389953847671925,0.1688136836023573
2005-11-29,0.067079,0.067381,0.18409931100060795,0.16898241047857948
2005-11-30,0.067146,0.067481,0.1842991171005428,0.1691511372418305
2005-12-01,0.067146,0.067448,0.1842991171005428,0.1691511372418305
2005-12-02,0.067113,0.067381,0.18420070094444085,0.16906803302927287
2005-12-05,0.067146,0.067347,0.1842991171005428,0.1691511372418305
2005-12-06,0.067113,0.067314,0.18420070094444085,0.16906803302927287
2005-12-07,0.067113,0.067314,0.18420070094444085,0.16906803302927287
2005-12-08,0.067012,0.067314,0.18389953847671925,0.1688136836023573
2005-12-09,0.067012,0.067314,0.18389953847671925,0.1688136836023573
2005-12-12,0.067012,0.067314,0.18389953847671925,0.1688136836023573
2005-12-13,0.066979,0.067314,0.1838011553940988,0.16873057927851454
2005-12-14,0.066912,0.067314,0.1836014329732587,0.16856185223367837
2005-12-15,0.065365,0.065702,0.17899925409875728,0.16466598889917222
2005-12-16,0.065399,0.065803,0.17910020907329627,0.1647516129164772
2005-12-19,0.065466,0.065836,0.17929917496044756,0.16492034251248427
2005-12-20,0.0655,0.065836,0.17940015551465294,0.16500596644336563
2005-12-21,0.065534,0.065836,0.17950114468119915,0.1650915903451539
2005-12-22,0.065534,0.065836,0.17950114468119915,0.1650915903451539
2005-12-23,0.065534,0.065836,0.17950114468119915,0.1650915903451539
2005-12-26,0.0655,0.065836,0.17940015551465294,0.16500596644336563
2005-12-27,0.0655,0.065836,0.17940015551465294,0.16500596644336563
2005-12-28,0.065466,0.065836,0.17929917496044756,0.16492034251248427
2005-12-29,0.065635,0.06587,0.1798011927100609,0.16534594352889015
2005-12-30,0.065668,0.06587,0.179899244681599,0.16542904896892222
2006-01-02,0.0655,0.065635,0.17940015551465294,0.16500596644336563
2006-01-03,0.0655,0.065635,0.17940015551465294,0.16500596644336563
2006-01-04,0.065466,0.065601,0.17929917496044756,0.16492034251248427
2006-01-05,0.065433,0.065567,0.17920117265806912,0.16483723690468907
2006-01-06,0.065433,0.065534,0.17920117265806912,0.16483723690468907
2006-01-09,0.065399,0.065534,0.17910020907329627,0.1647516129164772
2006-01-10,0.065332,0.065534,0.1789012766215603,0.16458288320749512
2006-01-11,0.065332,0.065534,0.1789012766215603,0.16458288320749512
2006-01-12,0.065365,0.065534,0.17899925409875728,0.16466598889917222
2006-01-13,0.065332,0.065534,0.1789012766215603,0.16458288320749512
2006-01-16,0.065332,0.065534,0.1789012766215603,0.16458288320749512
2006-01-17,0.065298,0.065534,0.17880033861204048,0.16449725913285945
2006-01-18,0.065298,0.065534,0.17880033861204048,0.16449725913285945
2006-01-19,0.062696,0.063001,0.17110109461786616,0.15794441275758478
2006-01-20,0.06273,0.063001,0.1712013759662483,0.1580300390587625
2006-01-23,0.062865,0.063001,0.17159963631699293,0.15837002555574214
2006-01-24,0.062967,0.063001,0.17190063359458407,0.15862690393813905
2006-01-25,0.063035,0.063035,0.17210134123550125,0.1587981560475976
2006-01-26,0.063272,0.063068,0.1728011340482376,0.15939501910768522
2006-01-27,0.063001,0.063102,0.1720009831356739,0.15871253000741561
2006-01-30,0.062763,0.063102,0.17129871604252478,0.1581131469114937
2006-01-31,0.062662,0.063102,0.17100082182183307,0.15785878642731233
2006-02-01,0.062831,0.063102,0.17149932100391063,0.1582843993700873
2006-02-02,0.062933,0.063136,0.17180029261163554,0.158541277839768
2006-02-03,0.062933,0.063204,0.17180029261163554,0.158541277839768
2006-02-06,0.062933,0.063238,0.17180029261163554,0.158541277839768
2006-02-07,0.062933,0.063272,0.17180029261163554,0.158541277839768
2006-02-08,0.062933,0.063305,0.17180029261163554,0.158541277839768
2006-02-09,0.062933,0.063305,0.17180029261163554,0.158541277839768
2006-02-10,0.062899,0.063305,0.17169996018603606,0.15845565171230233
2006-02-13,0.062865,0.063305,0.17159963631699293,0.15837002555574214
2006-02-14,0.062899,0.063305,0.17169996018603606,0.15845565171230233
2006-02-15,0.063068,0.063305,0.1721987558121265,0.15888126364700958
2006-02-16,0.063035,0.063305,0.17210134123550125,0.1587981560475976
2006-02-17,0.063068,0.063305,0.1721987558121265,0.15888126364700958
2006-02-20,0.063068,0.063305,0.1721987558121265,0.15888126364700958
2006-02-21,0.063068,0.063305,0.1721987558121265,0.15888126364700958
2006-02-22,0.063136,0.063305,0.1723995143088184,0.15905251558361252
2006-02-23,0.063136,0.063305,0.1723995143088184,0.15905251558361252
2006-02-24,0.063305,0.063305,0.1728986065545064,0.15947812651025675
2006-03-01,0.063305,0.063305,0.1728986065545064,0.15947812651025675
2006-03-02,0.063305,0.063305,0.1728986065545064,0.15947812651025675
2006-03-03,0.063272,0.063305,0.1728011340482376,0.15939501910768522
2006-03-06,0.063238,0.063305,0.17270071626831807,0.15930939327030866
2006-03-07,0.063204,0.063305,0.1726003070522053,0.15922376740383767
2006-03-08,0.063136,0.063305,0.1723995143088184,0.15905251558361252
2006-03-09,0.060656,0.060758,0.1650998382831368,0.15280678144289636
2006-03-10,0.060588,0.060758,0.16490032481867734,0.15263552526181845
2006-03-13,0.060588,0.060758,0.16490032481867734,0.15263552526181845
2006-03-14,0.060554,0.060758,0.16480058084788007,0.15254989712763561
2006-03-15,0.06052,0.060758,0.1647008453837191,0.1524642689643568
2006-03-16,0.060486,0.060758,0.1646011184254068,0.15237864077198204
2006-03-17,0.060486,0.060758,0.1646011184254068,0.15237864077198204
2006-03-20,0.060486,0.060758,0.1646011184254068,0.15237864077198204
2006-03-21,0.060486,0.060758,0.1646011184254068,0.15237864077198204
2006-03-22,0.06052,0.060758,0.1647008453837191,0.1524642689643568
2006-03-23,0.060588,0.060758,0.16490032481867734,0.15263552526181845
2006-03-24,0.06052,0.060758,0.1647008453837191,0.1524642689643568
2006-03-27,0.06052,0.060758,0.1647008453837191,0.1524642689643568
2006-03-28,0.060554,0.060758,0.16480058084788007,0.15254989712763561
2006-03-29,0.060554,0.060758,0.16480058084788007,0.15254989712763561
2006-03-30,0.060588,0.060758,0.16490032481867734,0.15263552526181845
2006-03-31,0.060656,0.060758,0.1650998382831368,0.15280678144289636
2006-04-03,0.060452,0.060452,0.16450139997235103,0.15229301255051125
2006-04-04,0.060383,0.060452,0.16429905631216446,0.1521192375410276
2006-04-05,0.060349,0.060452,0.16419936362042575,0.152033609231413
2006-04-06,0.060315,0.060452,0.16409967943096748,0.1519479808927023
2006-04-07,0.060281,0.060452,0.16400000374300228,0.15186235252489555
2006-04-10,0.060281,0.060452,0.16400000374300228,0.15186235252489555
2006-04-11,0.060281,0.060452,0.16400000374300228,0.15186235252489555
2006-04-12,0.060281,0.060452,0.16400000374300228,0.15186235252489555
2006-04-13,0.060281,0.060452,0.16400000374300228,0.15186235252489555
2006-04-17,0.060281,0.060452,0.16400000374300228,0.15186235252489555
2006-04-18,0.060281,0.060452,0.16400000374300228,0.15186235252489555
2006-04-19,0.060281,0.060417,0.16400000374300228,0.15186235252489555
2006-04-20,0.057714,0.057852,0.15649898695131625,0.14539732672813516
2006-04-24,0.05768,0.057817,0.15639995949633678,0.14531169613441886
2006-04-25,0.057646,0.057817,0.15630094048719312,0.14522606551160488
2006-04-26,0.057611,0.057817,0.15619901797547842,0.14513791631066714
2006-04-27,0.057646,0.057852,0.15630094048719312,0.14522606551160488
2006-04-28,0.057886,0.057886,0.15700007882990108,0.145830516344537
2006-05-02,0.057852,0.057886,0.15690100863825873,0.1457448858980201
2006-05-03,0.057852,0.05792,0.15690100863825873,0.1457448858980201
2006-05-04,0.057783,0.05792,0.15669998039827338,0.14557110637299697
2006-05-05,0.057852,0.058126,0.15690100863825873,0.1457448858980201
2006-05-08,0.057886,0.058126,0.15700007882990108,0.145830516344537
2006-05-09,0.057817,0.058126,0.15679903344335067,0.14565673687856476
2006-05-10,0.057749,0.05792,0.1566009358012057,0.14548547583833163
2006-05-11,0.057714,0.057886,0.15649898695131625,0.14539732672813516
2006-05-12,0.057749,0.058058,0.1566009358012057,0.14548547583833163
2006-05-15,0.057852,0.058023,0.15690100863825873,0.1457448858980201
2006-05-16,0.05792,0.058126,0.15709915747159808,0.14591614676195638
2006-05-17,0.057749,0.057817,0.1566009358012057,0.14548547583833163
2006-05-18,0.057714,0.057817,0.15649898695131625,0.14539732672813516
2006-05-19,0.05768,0.057749,0.15639995949633678,0.14531169613441886
2006-05-22,0.057646,0.057749,0.15630094048719312,0.14522606551160488
2006-05-23,0.057646,0.057783,0.15630094048719312,0.14522606551160488
2006-05-24,0.057646,0.057749,0.15630094048719312,0.14522606551160488
2006-05-25,0.05768,0.057783,0.15639995949633678,0.14531169613441886
2006-05-26,0.057646,0.057749,0.15630094048719312,0.14522606551160488
2006-05-29,0.057646,0.057783,0.15630094048719312,0.14522606551160488
2006-05-30,0.05768,0.057749,0.15639995949633678,0.14531169613441886
2006-05-31,0.057714,0.057749,0.15649898695131625,0.14539732672813516
2006-06-01,0.055994,0.056063,0.15149994165230507,0.14106538960755896
2006-06-02,0.056063,0.056028,0.1517000697320372,0.14123917223975688
2006-06-05,0.056097,0.056063,0.15179869630930964,0.14132480421734386
2006-06-06,0.055994,0.056063,0.15149994165230507,0.14106538960755896
2006-06-07,0.05596,0.056063,0.15140134055539134,0.14097975754182043
2006-06-08,0.05596,0.056063,0.15140134055539134,0.14097975754182043
2006-06-09,0.05596,0.056063,0.15140134055539134,0.14097975754182043
2006-06-12,0.055994,0.056097,0.15149994165230507,0.14106538960755896
2006-06-13,0.055994,0.056132,0.15149994165230507,0.14106538960755896
2006-06-14,0.05596,0.056097,0.15140134055539134,0.14097975754182043
2006-06-16,0.05596,0.056097,0.15140134055539134,0.14097975754182043
2006-06-19,0.05596,0.056097,0.15140134055539134,0.14097975754182043
2006-06-20,0.05596,0.056097,0.15140134055539134,0.14097975754182043
2006-06-21,0.055994,0.056097,0.15149994165230507,0.14106538960755896
2006-06-22,0.05596,0.056097,0.15140134055539134,0.14097975754182043
2006-06-23,0.05596,0.056063,0.15140134055539134,0.14097975754182043
2006-06-26,0.05596,0.056097,0.15140134055539134,0.14097975754182043
2006-06-27,0.055925,0.056097,0.15129984821036047,0.14089160685551813
2006-06-28,0.055925,0.056097,0.15129984821036047,0.14089160685551813
2006-06-29,0.055891,0.056097,0.1512012641791458,0.14080597473072642
2006-06-30,0.056097,0.056097,0.15179869630930964,0.14132480421734386
2006-07-03,0.056097,0.056063,0.15179869630930964,0.14132480421734386
2006-07-04,0.056028,0.056097,0.15159855115948595,0.14115102164419896
2006-07-05,0.056028,0.056097,0.15159855115948595,0.14115102164419896
2006-07-06,0.055994,0.056097,0.15149994165230507,0.14106538960755896
2006-07-07,0.05596,0.056097,0.15140134055539134,0.14097975754182043
2006-07-10,0.05596,0.056097,0.15140134055539134,0.14097975754182043
2006-07-11,0.055925,0.056097,0.15129984821036047,0.14089160685551813
2006-07-12,0.05596,0.056097,0.15140134055539134,0.14097975754182043
2006-07-13,0.055925,0.056097,0.15129984821036047,0.14089160685551813
2006-07-14,0.055891,0.056097,0.1512012641791458,0.14080597473072642
2006-07-17,0.055925,0.056028,0.15129984821036047,0.14089160685551813
2006-07-18,0.055925,0.056132,0.15129984821036047,0.14089160685551813
2006-07-19,0.055891,0.056063,0.1512012641791458,0.14080597473072642
2006-07-20,0.054197,0.054301,0.14630009062810223,0.1365394432002401
2006-07-21,0.054162,0.054266,0.14619904616159518,0.13645129096068273
2006-07-24,0.054128,0.054301,0.14610089717487118,0.13636565732701367
2006-07-25,0.054128,0.054301,0.14610089717487118,0.13636565732701367
2006-07-26,0.054093,0.054301,0.1459998701973353,0.13627750502666416
2006-07-27,0.054058,0.054301,0.14589885208976772,0.13618935269547802
2006-07-28,0.054058,0.054266,0.14589885208976772,0.13618935269547802
2006-07-31,0.054197,0.054301,0.14630009062810223,0.1365394432002401
2006-08-01,0.054128,0.054301,0.14610089717487118,0.13636565732701367
2006-08-02,0.054128,0.054301,0.14610089717487118,0.13636565732701367
2006-08-03,0.054128,0.054335,0.14610089717487118,0.13636565732701367
2006-08-04,0.054128,0.054301,0.14610089717487118,0.13636565732701367
2006-08-07,0.054093,0.054301,0.1459998701973353,0.13627750502666416
2006-08-08,0.054128,0.054301,0.14610089717487118,0.13636565732701367
2006-08-09,0.054128,0.054301,0.14610089717487118,0.13636565732701367
2006-08-10,0.054093,0.054301,0.1459998701973353,0.13627750502666416
2006-08-11,0.054162,0.054335,0.14619904616159518,0.13645129096068273
2006-08-14,0.054197,0.054405,0.14630009062810223,0.1365394432002401
2006-08-15,0.054232,0.054439,0.14640114396694703,0.1366275954089609
2006-08-16,0.054232,0.054405,0.14640114396694703,0.1366275954089609
2006-08-17,0.054197,0.054405,0.14630009062810223,0.1365394432002401
2006-08-18,0.054232,0.054578,0.14640114396694703,0.1366275954089609
2006-08-21,0.054232,0.054439,0.14640114396694703,0.1366275954089609
2006-08-22,0.054232,0.054405,0.14640114396694703,0.1366275954089609
2006-08-23,0.054197,0.05437,0.14630009062810223,0.1365394432002401
2006-08-24,0.054162,0.054405,0.14619904616159518,0.13645129096068273
2006-08-25,0.054162,0.05437,0.14619904616159518,0.13645129096068273
2006-08-28,0.054128,0.054405,0.14610089717487118,0.13636565732701367
2006-08-29,0.054128,0.054405,0.14610089717487118,0.13636565732701367
2006-08-30,0.054058,0.054335,0.14589885208976772,0.13618935269547802
2006-08-31,0.052392,0.052635,0.14110063514099802,0.1319932660624914
2006-09-01,0.052461,0.0526,0.1412989629852197,0.13216705495105974
2006-09-04,0.052461,0.0526,0.1412989629852197,0.13216705495105974
2006-09-05,0.052427,0.052635,0.14120123193102296,0.1320814198615261
2006-09-06,0.052461,0.0526,0.1412989629852197,0.13216705495105974
2006-09-08,0.052427,0.0526,0.14120123193102296,0.1320814198615261
2006-09-11,0.052392,0.0526,0.14110063514099802,0.1319932660624914
2006-09-12,0.052322,0.0526,0.14089946805747733,0.13181695837190896
2006-09-13,0.052357,0.0526,0.14100004718338566,0.13190511223261903
2006-09-14,0.052357,0.0526,0.14100004718338566,0.13190511223261903
2006-09-15,0.052322,0.0526,0.14089946805747733,0.13181695837190896
2006-09-18,0.052322,0.052566,0.14089946805747733,0.13181695837190896
2006-09-19,0.052357,0.0526,0.14100004718338566,0.13190511223261903
2006-09-20,0.052322,0.0526,0.14089946805747733,0.13181695837190896
2006-09-21,0.052322,0.052635,0.14089946805747733,0.13181695837190896
2006-09-22,0.052322,0.0526,0.14089946805747733,0.13181695837190896
2006-09-25,0.052392,0.0526,0.14110063514099802,0.1319932660624914
2006-09-26,0.052357,0.0526,0.14100004718338566,0.13190511223261903
2006-09-27,0.052461,0.0526,0.1412989629852197,0.13216705495105974
2006-09-28,0.052461,0.0526,0.1412989629852197,0.13216705495105974
2006-09-29,0.052635,0.0526,0.14179924653962273,0.132605304659603
2006-10-02,0.052566,0.052566,0.14160083210432672,0.1324315160732684
2006-10-03,0.052496,0.052566,0.14139957718991392,0.13225520868930024
2006-10-04,0.052496,0.052566,0.14139957718991392,0.13225520868930024
2006-10-05,0.052496,0.052566,0.14139957718991392,0.13225520868930024
2006-10-06,0.052461,0.0526,0.1412989629852197,0.13216705495105974
2006-10-09,0.052392,0.052566,0.14110063514099802,0.1319932660624914
2006-10-10,0.052357,0.052566,0.14100004718338566,0.13190511223261903
2006-10-11,0.052322,0.052566,0.14089946805747733,0.13181695837190896
2006-10-13,0.052287,0.052566,0.1407988977623731,0.13172880448036117
2006-10-16,0.052287,0.052566,0.1407988977623731,0.13172880448036117
2006-10-17,0.052322,0.052566,0.14089946805747733,0.13181695837190896
2006-10-18,0.052357,0.052566,0.14100004718338566,0.13190511223261903
2006-10-19,0.050613,0.050858,0.13599906106589876,0.12751249377212215
2006-10-20,0.050613,0.050788,0.13599906106589876,0.12751249377212215
2006-10-23,0.050613,0.050823,0.13599906106589876,0.12751249377212215
2006-10-24,0.050613,0.050858,0.13599906106589876,0.12751249377212215
2006-10-25,0.050613,0.050893,0.13599906106589876,0.12751249377212215
2006-10-26,0.050613,0.050893,0.13599906106589876,0.12751249377212215
2006-10-27,0.050613,0.050858,0.13599906106589876,0.12751249377212215
2006-10-30,0.050578,0.050893,0.13589892103127776,0.1274243383747862
2006-10-31,0.050788,0.050893,0.13649989315282562,0.12795327029622067
2006-11-01,0.050753,0.050893,0.13639970914432453,0.12786511505307835
2006-11-03,0.050753,0.050858,0.13639970914432453,0.12786511505307835
2006-11-06,0.050893,0.050928,0.13680049796384508,0.12821773584061558
2006-11-07,0.050858,0.050928,0.13670028756178465,0.12812958068998923
2006-11-08,0.050788,0.050928,0.13649989315282562,0.12795327029622067
2006-11-09,0.050718,0.050893,0.1362995339322015,0.1277769597790974
2006-11-10,0.050718,0.050823,0.1362995339322015,0.1277769597790974
2006-11-13,0.050718,0.050893,0.1362995339322015,0.1277769597790974
2006-11-14,0.050718,0.050858,0.1362995339322015,0.1277769597790974
2006-11-16,0.050683,0.050823,0.13619936751555972,0.12768880447427772
2006-11-17,0.050648,0.050823,0.13609920989375768,0.12760064913861932
2006-11-20,0.050648,0.050893,0.13609920989375768,0.12760064913861932
2006-11-21,0.050683,0.050893,0.13619936751555972,0.12768880447427772
2006-11-22,0.050648,0.050823,0.13609920989375768,0.12760064913861932
2006-11-23,0.050683,0.050858,0.13619936751555972,0.12768880447427772
2006-11-24,0.050648,0.050823,0.13609920989375768,0.12760064913861932
2006-11-27,0.050648,0.050823,0.13609920989375768,0.12760064913861932
2006-11-28,0.050613,0.050893,0.13599906106589876,0.12751249377212215
2006-11-29,0.050613,0.050893,0.13599906106589876,0.12751249377212215
2006-11-30,0.048967,0.049143,0.13129912216059836,0.1233666379936207
2006-12-01,0.049002,0.049143,0.13139885828619224,0.12345479481044476
2006-12-04,0.049037,0.049143,0.13149860316976114,0.12354295159642903
2006-12-05,0.049037,0.049178,0.13149860316976114,0.12354295159642903
2006-12-06,0.049002,0.049143,0.13139885828619224,0.12345479481044476
2006-12-07,0.048932,0.049143,0.13119939479208687,0.12327848114595684
2006-12-08,0.048967,0.049143,0.13129912216059836,0.1233666379936207
2006-12-11,0.048897,0.049178,0.13109967617995566,0.12319032426745317
2006-12-12,0.048862,0.049143,0.13099996632350175,0.1231021673581097
2006-12-13,0.048862,0.049178,0.13099996632350175,0.1231021673581097
2006-12-14,0.048862,0.049178,0.13099996632350175,0.1231021673581097
2006-12-15,0.048897,0.049143,0.13109967617995566,0.12319032426745317
2006-12-18,0.048932,0.049178,0.13119939479208687,0.12327848114595684
2006-12-19,0.049002,0.049178,0.13139885828619224,0.12345479481044476
2006-12-20,0.049037,0.049178,0.13149860316976114,0.12354295159642903
2006-12-21,0.049037,0.049178,0.13149860316976114,0.12354295159642903
2006-12-22,0.049002,0.049178,0.13139885828619224,0.12345479481044476
2006-12-26,0.049073,0.049178,0.13160120704476053,0.12363362711555315
2006-12-27,0.049073,0.049143,0.13160120704476053,0.12363362711555315
2006-12-28,0.049108,0.049178,0.1317009696966689,0.12372178383897682
2006-12-29,0.049108,0.049178,0.1317009696966689,0.12372178383897682
2007-01-02,0.049073,0.049178,0.13160120704476053,0.12363362711555315
2007-01-03,0.049073,0.049143,0.13160120704476053,0.12363362711555315
2007-01-04,0.049073,0.049178,0.13160120704476053,0.12363362711555315
2007-01-05,0.049108,0.049178,0.1317009696966689,0.12372178383897682
2007-01-08,0.049143,0.049178,0.1318007411088724,0.12380994053156082
2007-01-09,0.049143,0.049178,0.1318007411088724,0.12380994053156082
2007-01-10,0.049037,0.049178,0.13149860316976114,0.12354295159642903
2007-01-11,0.048932,0.049178,0.13119939479208687,0.12327848114595684
2007-01-12,0.048967,0.049143,0.13129912216059836,0.1233666379936207
2007-01-15,0.049002,0.049178,0.13139885828619224,0.12345479481044476
2007-01-16,0.048932,0.049178,0.13119939479208687,0.12327848114595684
2007-01-17,0.048932,0.049178,0.13119939479208687,0.12327848114595684
2007-01-18,0.048967,0.049178,0.13129912216059836,0.1233666379936207
2007-01-19,0.048897,0.049178,0.13109967617995566,0.12319032426745317
2007-01-22,0.048932,0.049178,0.13119939479208687,0.12327848114595684
2007-01-23,0.048932,0.049178,0.13119939479208687,0.12327848114595684
2007-01-24,0.048511,0.049143,0.13000050292485432,0.12221807779037615
2007-01-25,0.048054,0.0483,0.12870052550387356,0.12106699356261644
2007-01-26,0.047948,0.04823,0.12839921189828152,0.1208000017213701
2007-01-29,0.047983,0.048265,0.12849869337901354,0.12088815943608147
2007-01-30,0.048054,0.048265,0.12870052550387356,0.12106699356261644
2007-01-31,0.048194,0.048265,0.1290986096931399,0.12141962386281083
2007-02-01,0.04823,0.048265,0.12920099680035757,0.1215103001459612
2007-02-02,0.048194,0.048265,0.1290986096931399,0.12141962386281083
2007-02-05,0.04823,0.048265,0.12920099680035757,0.1215103001459612
2007-02-06,0.048159,0.048265,0.1289990755373318,0.12133146633402268
2007-02-07,0.048124,0.048265,0.12889955012106968,0.12124330877439425
2007-02-08,0.048124,0.048265,0.12889955012106968,0.12124330877439425
2007-02-09,0.048089,0.048265,0.1288000334434629,0.1211551511839255
2007-02-12,0.048089,0.048265,0.1288000334434629,0.1211551511839255
2007-02-13,0.048124,0.048265,0.12889955012106968,0.12124330877439425
2007-02-14,0.048124,0.048265,0.12889955012106968,0.12124330877439425
2007-02-15,0.048089,0.048265,0.1288000334434629,0.1211551511839255
2007-02-16,0.048124,0.0483,0.12889955012106968,0.12124330877439425
2007-02-21,0.048194,0.0483,0.1290986096931399,0.12141962386281083
2007-02-22,0.048054,0.0483,0.12870052550387356,0.12106699356261644
2007-02-23,0.048054,0.0483,0.12870052550387356,0.12106699356261644
2007-02-26,0.048054,0.048265,0.12870052550387356,0.12106699356261644
2007-02-27,0.048019,0.048265,0.12860102630141124,0.120978835910467
2007-02-28,0.048159,0.048265,0.1289990755373318,0.12133146633402268
2007-03-01,0.048159,0.048265,0.1289990755373318,0.12133146633402268
2007-03-02,0.048159,0.048265,0.1289990755373318,0.12133146633402268
2007-03-05,0.048159,0.048265,0.1289990755373318,0.12133146633402268
2007-03-06,0.048124,0.048265,0.12889955012106968,0.12124330877439425
2007-03-07,0.048054,0.048265,0.12870052550387356,0.12106699356261644
2007-03-08,0.047244,0.04742,0.1264000667832872,0.11902676571077442
2007-03-09,0.047314,0.04742,0.1265986873670526,0.11920308235003055
2007-03-12,0.047279,0.04742,0.12649937271499523,0.1191149240458229
2007-03-13,0.047173,0.047385,0.12619864439157658,0.11884793013636655
2007-03-14,0.047209,0.047385,0.12630076957103964,0.11893860734488507
2007-03-15,0.047209,0.047385,0.12630076957103964,0.11893860734488507
2007-03-16,0.047279,0.047385,0.12649937271499523,0.1191149240458229
2007-03-19,0.047279,0.047385,0.12649937271499523,0.1191149240458229
2007-03-20,0.047244,0.047385,0.1264000667832872,0.11902676571077442
2007-03-21,0.047279,0.047385,0.12649937271499523,0.1191149240458229
2007-03-22,0.047209,0.047385,0.12630076957103964,0.11893860734488507
2007-03-23,0.047138,0.047385,0.12609936486522622,0.11875977170791427
2007-03-26,0.047103,0.047385,0.1260000940560273,0.11867161324862108
2007-03-27,0.047103,0.047385,0.1260000940560273,0.11867161324862108
2007-03-28,0.047138,0.047385,0.12609936486522622,0.11875977170791427
2007-03-29,0.047173,0.047385,0.12619864439157658,0.11884793013636655
2007-03-30,0.047314,0.047385,0.1265986873670526,0.11920308235003055
2007-04-02,0.04735,0.047385,0.1267008486789547,0.1192937594307547
2007-04-03,0.047279,0.047385,0.12649937271499523,0.1191149240458229
2007-04-04,0.047244,0.047385,0.1264000667832872,0.11902676571077442
2007-04-05,0.047314,0.04742,0.1265986873670526,0.11920308235003055
2007-04-09,0.047279,0.047385,0.12649937271499523,0.1191149240458229
2007-04-10,0.047209,0.047385,0.12630076957103964,0.11893860734488507
2007-04-11,0.047209,0.047385,0.12630076957103964,0.11893860734488507
2007-04-12,0.047209,0.047385,0.12630076957103964,0.11893860734488507
2007-04-13,0.047209,0.047385,0.12630076957103964,0.11893860734488507
2007-04-16,0.047244,0.047385,0.1264000667832872,0.11902676571077442
2007-04-17,0.047173,0.04735,0.12619864439157658,0.11884793013636655
2007-04-18,0.047103,0.04735,0.1260000940560273,0.11867161324862108
2007-04-19,0.046291,0.046503,0.12369945658283643,0.11662632833530581
2007-04-20,0.046291,0.046503,0.12369945658283643,0.11662632833530581
2007-04-23,0.046256,0.046503,0.12360039649792176,0.11653816912965584
2007-04-24,0.046185,0.046503,0.12339947275813823,0.1163593317891688
2007-04-25,0.04615,0.046503,0.12330043901347087,0.11627117249011316
2007-04-26,0.04615,0.046503,0.12330043901347087,0.11627117249011316
2007-04-27,0.04615,0.046503,0.12330043901347087,0.11627117249011316
2007-04-30,0.04615,0.046503,0.12330043901347087,0.11627117249011316
2007-05-02,0.04615,0.046503,0.12330043901347087,0.11627117249011316
2007-05-03,0.04615,0.046503,0.12330043901347087,0.11627117249011316
2007-05-04,0.046185,0.046503,0.12339947275813823,0.1163593317891688
2007-05-07,0.046256,0.046503,0.12360039649792176,0.11653816912965584
2007-05-08,0.046221,0.046503,0.1235013451110929,0.11645000989316441
2007-05-09,0.046221,0.046503,0.1235013451110929,0.11645000989316441
2007-05-10,0.046256,0.046503,0.12360039649792176,0.11653816912965584
2007-05-11,0.046221,0.046503,0.1235013451110929,0.11645000989316441
2007-05-14,0.046256,0.046503,0.12360039649792176,0.11653816912965584
2007-05-15,0.046221,0.046503,0.1235013451110929,0.11645000989316441
2007-05-16,0.046185,0.046503,0.12339947275813823,0.1163593317891688
2007-05-17,0.046256,0.046503,0.12360039649792176,0.11653816912965584
2007-05-18,0.046221,0.046503,0.1235013451110929,0.11645000989316441
2007-05-21,0.046221,0.046503,0.1235013451110929,0.11645000989316441
2007-05-22,0.046221,0.046503,0.1235013451110929,0.11645000989316441
2007-05-23,0.046221,0.046503,0.1235013451110929,0.11645000989316441
2007-05-24,0.046185,0.046503,0.12339947275813823,0.1163593317891688
2007-05-25,0.046256,0.046503,0.12360039649792176,0.11653816912965584
2007-05-28,0.046291,0.046503,0.12369945658283643,0.11662632833530581
2007-05-29,0.046327,0.046503,0.12380135603102049,0.11671700634322714
2007-05-30,0.046291,0.046503,0.12369945658283643,0.11662632833530581
2007-05-31,0.046362,0.046503,0.1239004337628331,0.11680516548631306
2007-06-01,0.046362,0.046503,0.1239004337628331,0.11680516548631306
2007-06-04,0.046362,0.046503,0.1239004337628331,0.11680516548631306
2007-06-05,0.046397,0.046503,0.12399952019491023,0.1168933245985576
2007-06-06,0.046327,0.046503,0.12380135603102049,0.11671700634322714
2007-06-08,0.044556,0.044734,0.1187993635082385,0.11225611343975932
2007-06-11,0.044556,0.044734,0.1187993635082385,0.11225611343975932
2007-06-12,0.044521,0.044734,0.11870073368229761,0.11216795270522806
2007-06-13,0.044521,0.044734,0.11870073368229761,0.11216795270522806
2007-06-14,0.044485,0.044734,0.11859929489636456,0.11207727306039039
2007-06-15,0.044485,0.044734,0.11859929489636456,0.11207727306039039
2007-06-18,0.044521,0.044734,0.11870073368229761,0.11216795270522806
2007-06-19,0.044521,0.044734,0.11870073368229761,0.11216795270522806
2007-06-20,0.044485,0.044734,0.11859929489636456,0.11207727306039039
2007-06-21,0.044485,0.044734,0.11859929489636456,0.11207727306039039
2007-06-22,0.044485,0.044734,0.11859929489636456,0.11207727306039039
2007-06-25,0.044485,0.044734,0.11859929489636456,0.11207727306039039
2007-06-26,0.044485,0.044734,0.11859929489636456,0.11207727306039039
2007-06-27,0.044485,0.044734,0.11859929489636456,0.11207727306039039
2007-06-28,0.044521,0.044734,0.11870073368229761,0.11216795270522806
2007-06-29,0.044592,0.044734,0.11890082036513916,0.11234679302024311
2007-07-02,0.044556,0.044734,0.1187993635082385,0.11225611343975932
2007-07-03,0.044521,0.044734,0.11870073368229761,0.11216795270522806
2007-07-04,0.044521,0.044734,0.11870073368229761,0.11216795270522806
2007-07-05,0.044521,0.044734,0.11870073368229761,0.11216795270522806
2007-07-06,0.044556,0.044734,0.1187993635082385,0.11225611343975932
2007-07-09,0.044592,0.044734,0.11890082036513916,0.11234679302024311
2007-07-10,0.044521,0.044734,0.11870073368229761,0.11216795270522806
2007-07-11,0.044556,0.044734,0.1187993635082385,0.11225611343975932
2007-07-12,0.044521,0.044734,0.11870073368229761,0.11216795270522806
2007-07-13,0.044485,0.044734,0.11859929489636456,0.11207727306039039
2007-07-16,0.044485,0.044734,0.11859929489636456,0.11207727306039039
2007-07-17,0.044485,0.044734,0.11859929489636456,0.11207727306039039
2007-07-18,0.044556,0.044734,0.1187993635082385,0.11225611343975932
2007-07-19,0.042671,0.042956,0.113499751188048,0.10750798426493646
2007-07-20,0.042742,0.042956,0.11369891132557663,0.10768682788708497
2007-07-23,0.042778,0.042956,0.11379990748597946,0.10777750911179326
2007-07-24,0.042814,0.042956,0.11390091276884307,0.10786819030387032
2007-07-25,0.042778,0.042956,0.11379990748597946,0.10777750911179326
2007-07-26,0.042742,0.042956,0.11369891132557663,0.10768682788708497
2007-07-27,0.042778,0.042956,0.11379990748597946,0.10777750911179326
2007-07-30,0.042778,0.042956,0.11379990748597946,0.10777750911179326
2007-07-31,0.042742,0.042956,0.11369891132557663,0.10768682788708497
2007-08-01,0.042778,0.042956,0.11379990748597946,0.10777750911179326
2007-08-02,0.042814,0.042956,0.11390091276884307,0.10786819030387032
2007-08-03,0.042849,0.042956,0.11399912109619925,0.107956352542661
2007-08-06,0.042849,0.042956,0.11399912109619925,0.107956352542661
2007-08-07,0.042778,0.042956,0.11379990748597946,0.10777750911179326
2007-08-08,0.042742,0.042956,0.11369891132557663,0.10768682788708497
2007-08-09,0.042707,0.042956,0.11360072935921406,0.10759866555400097
2007-08-10,0.042742,0.042956,0.11369891132557663,0.10768682788708497
2007-08-13,0.042707,0.042921,0.11360072935921406,0.10759866555400097
2007-08-14,0.042742,0.042956,0.11369891132557663,0.10768682788708497
2007-08-15,0.042707,0.042956,0.11360072935921406,0.10759866555400097
2007-08-16,0.042707,0.042956,0.11360072935921406,0.10759866555400097
2007-08-17,0.042742,0.042956,0.11369891132557663,0.10768682788708497
2007-08-20,0.042742,0.042956,0.11369891132557663,0.10768682788708497
2007-08-21,0.042707,0.042956,0.11360072935921406,0.10759866555400097
2007-08-22,0.042707,0.042956,0.11360072935921406,0.10759866555400097
2007-08-23,0.042671,0.042956,0.113499751188048,0.10750798426493646
2007-08-24,0.042742,0.042956,0.11369891132557663,0.10768682788708497
2007-08-27,0.042707,0.042956,0.11360072935921406,0.10759866555400097
2007-08-28,0.042707,0.042956,0.11360072935921406,0.10759866555400097
2007-08-29,0.042707,0.042956,0.11360072935921406,0.10759866555400097
2007-08-30,0.042707,0.042956,0.11360072935921406,0.10759866555400097
2007-08-31,0.042921,0.042956,0.11420117677510855,0.10813771476547177
2007-09-03,0.043027,0.042956,0.11449871406708434,0.10840472002263259
2007-09-04,0.042814,0.042956,0.11390091276884307,0.10786819030387032
2007-09-05,0.042742,0.042956,0.11369891132557663,0.10768682788708497
2007-09-06,0.041922,0.042065,0.11140091179480249,0.10562130226537958
2007-09-10,0.041922,0.042065,0.11140091179480249,0.10562130226537958
2007-09-11,0.041886,0.042065,0.11130013230613911,0.10553062026476512
2007-09-12,0.04185,0.042065,0.11119936191974844,0.10543993823151879
2007-09-13,0.041814,0.042065,0.11109860063468768,0.10534925616564057
2007-09-14,0.04185,0.042065,0.11119936191974844,0.10543993823151879
2007-09-17,0.041814,0.042065,0.11109860063468768,0.10534925616564057
2007-09-18,0.04185,0.042065,0.11119936191974844,0.10543993823151879
2007-09-19,0.041779,0.042065,0.11100064699909562,0.10526109301475195
2007-09-20,0.041743,0.042065,0.11089990366160296,0.10517041088451635
2007-09-21,0.041743,0.042065,0.11089990366160296,0.10517041088451635
2007-09-24,0.041707,0.042065,0.11079916942306878,0.10507972872164882
2007-09-25,0.041707,0.042065,0.11079916942306878,0.10507972872164882
2007-09-26,0.041743,0.042065,0.11089990366160296,0.10517041088451635
2007-09-27,0.041779,0.042065,0.11100064699909562,0.10526109301475195
2007-09-28,0.04185,0.042065,0.11119936191974844,0.10543993823151879
2007-10-01,0.04185,0.042065,0.11119936191974844,0.10543993823151879
2007-10-02,0.04185,0.042065,0.11119936191974844,0.10543993823151879
2007-10-03,0.041814,0.042065,0.11109860063468768,0.10534925616564057
2007-10-04,0.041814,0.042065,0.11109860063468768,0.10534925616564057
2007-10-05,0.041814,0.042065,0.11109860063468768,0.10534925616564057
2007-10-08,0.041814,0.042065,0.11109860063468768,0.10534925616564057
2007-10-09,0.041814,0.042065,0.11109860063468768,0.10534925616564057
2007-10-10,0.041814,0.042065,0.11109860063468768,0.10534925616564057
2007-10-11,0.041814,0.042065,0.11109860063468768,0.10534925616564057
2007-10-15,0.04185,0.042065,0.11119936191974844,0.10543993823151879
2007-10-16,0.04185,0.042065,0.11119936191974844,0.10543993823151879
2007-10-17,0.041743,0.042065,0.11089990366160296,0.10517041088451635
2007-10-18,0.041779,0.042065,0.11100064699909562,0.10526109301475195
2007-10-19,0.041814,0.042065,0.11109860063468768,0.10534925616564057
2007-10-22,0.04185,0.042065,0.11119936191974844,0.10543993823151879
2007-10-23,0.041814,0.042065,0.11109860063468768,0.10534925616564057
2007-10-24,0.04185,0.042065,0.11119936191974844,0.10543993823151879
2007-10-25,0.04185,0.042065,0.11119936191974844,0.10543993823151879
2007-10-26,0.041814,0.042065,0.11109860063468768,0.10534925616564057
2007-10-29,0.04185,0.042065,0.11119936191974844,0.10543993823151879
2007-10-30,0.041814,0.042029,0.11109860063468768,0.10534925616564057
2007-10-31,0.041743,0.042065,0.11089990366160296,0.10517041088451635
2007-11-01,0.041779,0.042065,0.11100064699909562,0.10526109301475195
2007-11-05,0.041814,0.042065,0.11109860063468768,0.10534925616564057
2007-11-06,0.041814,0.042065,0.11109860063468768,0.10534925616564057
2007-11-07,0.041814,0.042065,0.11109860063468768,0.10534925616564057
2007-11-08,0.041779,0.042065,0.11100064699909562,0.10526109301475195
2007-11-09,0.041779,0.042065,0.11100064699909562,0.10526109301475195
2007-11-12,0.041814,0.042065,0.11109860063468768,0.10534925616564057
2007-11-13,0.041886,0.042065,0.11130013230613911,0.10553062026476512
2007-11-14,0.041814,0.042065,0.11109860063468768,0.10534925616564057
2007-11-16,0.041779,0.042065,0.11100064699909562,0.10526109301475195
2007-11-19,0.041886,0.042065,0.11130013230613911,0.10553062026476512
2007-11-20,0.041886,0.042065,0.11130013230613911,0.10553062026476512
2007-11-21,0.041886,0.042065,0.11130013230613911,0.10553062026476512
2007-11-22,0.04185,0.042065,0.11119936191974844,0.10543993823151879
2007-11-23,0.041779,0.042065,0.11100064699909562,0.10526109301475195
2007-11-26,0.041814,0.042065,0.11109860063468768,0.10534925616564057
2007-11-27,0.041886,0.042065,0.11130013230613911,0.10553062026476512
2007-11-28,0.041814,0.042065,0.11109860063468768,0.10534925616564057
2007-11-29,0.041779,0.042065,0.11100064699909562,0.10526109301475195
2007-11-30,0.04185,0.042065,0.11119936191974844,0.10543993823151879
2007-12-03,0.041886,0.042065,0.11130013230613911,0.10553062026476512
2007-12-04,0.041886,0.042065,0.11130013230613911,0.10553062026476512
2007-12-05,0.041922,0.042065,0.11140091179480249,0.10562130226537958
2007-12-06,0.04185,0.042065,0.11119936191974844,0.10543993823151879
2007-12-07,0.041779,0.042065,0.11100064699909562,0.10526109301475195
2007-12-10,0.041814,0.042065,0.11109860063468768,0.10534925616564057
2007-12-11,0.041743,0.042065,0.11089990366160296,0.10517041088451635
2007-12-12,0.041743,0.042065,0.11089990366160296,0.10517041088451635
2007-12-13,0.041707,0.042065,0.11079916942306878,0.10507972872164882
2007-12-14,0.041707,0.042065,0.11079916942306878,0.10507972872164882
2007-12-17,0.041707,0.042065,0.11079916942306878,0.10507972872164882
2007-12-18,0.041743,0.042065,0.11089990366160296,0.10517041088451635
2007-12-19,0.041779,0.042065,0.11100064699909562,0.10526109301475195
2007-12-20,0.041743,0.042065,0.11089990366160296,0.10517041088451635
2007-12-21,0.041886,0.042065,0.11130013230613911,0.10553062026476512
2007-12-24,0.041886,0.042065,0.11130013230613911,0.10553062026476512
2007-12-26,0.041814,0.042065,0.11109860063468768,0.10534925616564057
2007-12-27,0.041814,0.042065,0.11109860063468768,0.10534925616564057
2007-12-28,0.04185,0.042065,0.11119936191974844,0.10543993823151879
2007-12-31,0.04185,0.042065,0.11119936191974844,0.10543993823151879
2008-01-02,0.041743,0.042065,0.11089990366160296,0.10517041088451635
2008-01-03,0.041743,0.042065,0.11089990366160296,0.10517041088451635
2008-01-04,0.041564,0.042065,0.11039912048190659,0.1047195186968936
2008-01-07,0.041707,0.042029,0.11079916942306878,0.10507972872164882
2008-01-08,0.041743,0.042029,0.11089990366160296,0.10517041088451635
2008-01-09,0.041779,0.042065,0.11100064699909562,0.10526109301475195
2008-01-10,0.041814,0.042065,0.11109860063468768,0.10534925616564057
2008-01-11,0.041743,0.042065,0.11089990366160296,0.10517041088451635
2008-01-14,0.041743,0.042065,0.11089990366160296,0.10517041088451635
2008-01-15,0.041707,0.042065,0.11079916942306878,0.10507972872164882
2008-01-16,0.041707,0.042065,0.11079916942306878,0.10507972872164882
2008-01-17,0.041672,0.042065,0.1107012420804403,0.1049915654764649
2008-01-18,0.041672,0.042065,0.1107012420804403,0.1049915654764649
2008-01-21,0.041707,0.042029,0.11079916942306878,0.10507972872164882
2008-01-22,0.041707,0.042065,0.11079916942306878,0.10507972872164882
2008-01-23,0.041707,0.042065,0.11079916942306878,0.10507972872164882
2008-01-24,0.041743,0.042029,0.11089990366160296,0.10517041088451635
2008-01-25,0.041743,0.042065,0.11089990366160296,0.10517041088451635
2008-01-28,0.041743,0.042065,0.11089990366160296,0.10517041088451635
2008-01-29,0.041707,0.042065,0.11079916942306878,0.10507972872164882
2008-01-30,0.041743,0.042065,0.11089990366160296,0.10517041088451635
2008-01-31,0.041779,0.042065,0.11100064699909562,0.10526109301475195
2008-02-01,0.041743,0.042065,0.11089990366160296,0.10517041088451635
2008-02-06,0.041779,0.042065,0.11100064699909562,0.10526109301475195
2008-02-07,0.041743,0.042065,0.11089990366160296,0.10517041088451635
2008-02-08,0.041707,0.042065,0.11079916942306878,0.10507972872164882
2008-02-11,0.041743,0.042065,0.11089990366160296,0.10517041088451635
2008-02-12,0.041743,0.042065,0.11089990366160296,0.10517041088451635
2008-02-13,0.041707,0.042065,0.11079916942306878,0.10507972872164882
2008-02-14,0.041672,0.042065,0.1107012420804403,0.1049915654764649
2008-02-15,0.041636,0.042029,0.11060052578467583,0.10490088324923984
2008-02-18,0.041672,0.042065,0.1107012420804403,0.1049915654764649
2008-02-19,0.041636,0.042065,0.11060052578467583,0.10490088324923984
2008-02-20,0.041636,0.042065,0.11060052578467583,0.10490088324923984
2008-02-21,0.0416,0.042065,0.11049981858543734,0.10481020098938273
2008-02-22,0.041636,0.042065,0.11060052578467583,0.10490088324923984
2008-02-25,0.041636,0.042065,0.11060052578467583,0.10490088324923984
2008-02-26,0.041672,0.042065,0.1107012420804403,0.1049915654764649
2008-02-27,0.041672,0.042065,0.1107012420804403,0.1049915654764649
2008-02-28,0.041707,0.042065,0.11079916942306878,0.10507972872164882
2008-02-29,0.041707,0.042065,0.11079916942306878,0.10507972872164882
2008-03-03,0.041779,0.042065,0.11100064699909562,0.10526109301475195
2008-03-04,0.041743,0.042029,0.11089990366160296,0.10517041088451635
2008-03-05,0.041707,0.042065,0.11079916942306878,0.10507972872164882
2008-03-06,0.041707,0.042065,0.11079916942306878,0.10507972872164882
2008-03-07,0.041743,0.042065,0.11089990366160296,0.10517041088451635
2008-03-10,0.041743,0.042065,0.11089990366160296,0.10517041088451635
2008-03-11,0.041779,0.042065,0.11100064699909562,0.10526109301475195
2008-03-12,0.041707,0.042065,0.11079916942306878,0.10507972872164882
2008-03-13,0.041707,0.042065,0.11079916942306878,0.10507972872164882
2008-03-14,0.041779,0.042065,0.11100064699909562,0.10526109301475195
2008-03-17,0.041743,0.042065,0.11089990366160296,0.10517041088451635
2008-03-18,0.041743,0.042029,0.11089990366160296,0.10517041088451635
2008-03-19,0.041779,0.042065,0.11100064699909562,0.10526109301475195
2008-03-20,0.041814,0.042065,0.11109860063468768,0.10534925616564057
2008-03-24,0.041779,0.042065,0.11100064699909562,0.10526109301475195
2008-03-25,0.041779,0.042065,0.11100064699909562,0.10526109301475195
2008-03-26,0.041743,0.042065,0.11089990366160296,0.10517041088451635
2008-03-27,0.041743,0.042065,0.11089990366160296,0.10517041088451635
2008-03-28,0.041743,0.042065,0.11089990366160296,0.10517041088451635
2008-03-31,0.041957,0.042065,0.11149890058048428,0.10570946529024776
2008-04-01,0.041922,0.042065,0.11140091179480249,0.10562130226537958
2008-04-02,0.041779,0.041886,0.11100064699909562,0.10526109301475195
2008-04-03,0.041957,0.042065,0.11149890058048428,0.10570946529024776
2008-04-04,0.041886,0.042065,0.11130013230613911,0.10553062026476512
2008-04-07,0.041957,0.042065,0.11149890058048428,0.10570946529024776
2008-04-08,0.041814,0.042065,0.11109860063468768,0.10534925616564057
2008-04-09,0.041779,0.042065,0.11100064699909562,0.10526109301475195
2008-04-10,0.041814,0.042065,0.11109860063468768,0.10534925616564057
2008-04-11,0.041814,0.042065,0.11109860063468768,0.10534925616564057
2008-04-14,0.041814,0.042065,0.11109860063468768,0.10534925616564057
2008-04-15,0.04185,0.042065,0.11119936191974844,0.10543993823151879
2008-04-16,0.04185,0.042065,0.11119936191974844,0.10543993823151879
2008-04-17,0.043633,0.043846,0.1162012492918778,0.10993117860813215
2008-04-18,0.043633,0.043739,0.1162012492918778,0.10993117860813215
2008-04-22,0.043597,0.043704,0.11610003624969423,0.1098404981584103
2008-04-23,0.04349,0.043704,0.11579926255539985,0.1095709755180012
2008-04-24,0.04349,0.043633,0.11579926255539985,0.1095709755180012
2008-04-25,0.043526,0.043561,0.11590044843027947,0.10966165606470896
2008-04-28,0.04349,0.043597,0.11579926255539985,0.1095709755180012
2008-04-29,0.043455,0.043597,0.11570089616083123,0.1094828138440849
2008-04-30,0.043455,0.043597,0.11570089616083123,0.1094828138440849
2008-05-02,0.04349,0.043597,0.11579926255539985,0.1095709755180012
2008-05-05,0.043419,0.043597,0.11559972830884546,0.10939213323302191
2008-05-06,0.043419,0.043597,0.11559972830884546,0.10939213323302191
2008-05-07,0.043384,0.043597,0.115501379434918,0.10930397149653798
2008-05-08,0.043384,0.043561,0.115501379434918,0.10930397149653798
2008-05-09,0.043419,0.043597,0.11559972830884546,0.10939213323302191
2008-05-12,0.043419,0.043597,0.11559972830884546,0.10939213323302191
2008-05-13,0.043419,0.043633,0.11559972830884546,0.10939213323302191
2008-05-14,0.043348,0.043668,0.11540022960269081,0.10921329082111968
2008-05-15,0.043348,0.043668,0.11540022960269081,0.10921329082111968
2008-05-16,0.043348,0.043704,0.11540022960269081,0.10921329082111968
2008-05-19,0.043312,0.043704,0.11529908890592733,0.10912261011307049
2008-05-20,0.043384,0.043704,0.115501379434918,0.10930397149653798
2008-05-21,0.043384,0.043704,0.115501379434918,0.10930397149653798
2008-05-23,0.043348,0.043704,0.11540022960269081,0.10921329082111968
2008-05-26,0.043384,0.043704,0.115501379434918,0.10930397149653798
2008-05-27,0.043384,0.043704,0.115501379434918,0.10930397149653798
2008-05-28,0.043348,0.043704,0.11540022960269081,0.10921329082111968
2008-05-29,0.043312,0.043704,0.11529908890592733,0.10912261011307049
2008-05-30,0.043384,0.043704,0.115501379434918,0.10930397149653798
2008-06-02,0.043419,0.043704,0.11559972830884546,0.10939213323302191
2008-06-03,0.043348,0.043704,0.11540022960269081,0.10921329082111968
2008-06-04,0.043312,0.043704,0.11529908890592733,0.10912261011307049
2008-06-05,0.045088,0.045478,0.12029960366569936,0.11359615280731715
2008-06-06,0.045088,0.045478,0.12029960366569936,0.11359615280731715
2008-06-09,0.045124,0.045478,0.12040119602966137,0.11368683190560308
2008-06-10,0.045194,0.045549,0.12059876300625527,0.1138631522810847
2008-06-11,0.04523,0.045584,0.12070038239127356,0.11395383128329424
2008-06-12,0.045265,0.045584,0.12079918781523524,0.11404199139304859
2008-06-13,0.04523,0.045584,0.12070038239127356,0.11395383128329424
2008-06-16,0.04523,0.045584,0.12070038239127356,0.11395383128329424
2008-06-17,0.045265,0.045584,0.12079918781523524,0.11404199139304859
2008-06-18,0.045194,0.045584,0.12059876300625527,0.1138631522810847
2008-06-19,0.045194,0.045584,0.12059876300625527,0.1138631522810847
2008-06-20,0.045194,0.045584,0.12059876300625527,0.1138631522810847
2008-06-23,0.045301,0.045584,0.12090082530326596,0.11413267033090516
2008-06-24,0.045265,0.045584,0.12079918781523524,0.11404199139304859
2008-06-25,0.045265,0.045584,0.12079918781523524,0.11404199139304859
2008-06-26,0.04523,0.045584,0.12070038239127356,0.11395383128329424
2008-06-27,0.04523,0.045584,0.12070038239127356,0.11395383128329424
2008-06-30,0.045301,0.045584,0.12090082530326596,0.11413267033090516
2008-07-01,0.045619,0.045584,0.1217990219098235,0.11493366619818457
2008-07-02,0.045442,0.045584,0.12129899386392928,0.11448782919000347
2008-07-03,0.045336,0.045584,0.12099964832900256,0.11422083037809418
2008-07-04,0.045407,0.045584,0.1212001445537676,0.11439966923622168
2008-07-07,0.045372,0.045584,0.12110130392325802,0.11431150925159789
2008-07-08,0.045442,0.045584,0.12129899386392928,0.11448782919000347
2008-07-09,0.045478,0.045584,0.12140067649599162,0.11457850796743123
2008-07-10,0.045407,0.045584,0.1212001445537676,0.11439966923622168
2008-07-11,0.045372,0.045584,0.12110130392325802,0.11431150925159789
2008-07-14,0.045301,0.045584,0.12090082530326596,0.11413267033090516
2008-07-15,0.045265,0.045584,0.12079918781523524,0.11404199139304859
2008-07-16,0.045336,0.045584,0.12099964832900256,0.11422083037809418
2008-07-17,0.045301,0.045584,0.12090082530326596,0.11413267033090516
2008-07-18,0.045301,0.045584,0.12090082530326596,0.11413267033090516
2008-07-21,0.045336,0.045584,0.12099964832900256,0.11422083037809418
2008-07-22,0.045265,0.045584,0.12079918781523524,0.11404199139304859
2008-07-23,0.04523,0.045549,0.12070038239127356,0.11395383128329424
2008-07-24,0.047948,0.048194,0.12839921189828152,0.1208000017213701
2008-07-25,0.047948,0.04823,0.12839921189828152,0.1208000017213701
2008-07-28,0.047913,0.04823,0.1282997391523626,0.12071184397581836
2008-07-29,0.047913,0.04823,0.1282997391523626,0.12071184397581836
2008-07-30,0.047948,0.04823,0.12839921189828152,0.1208000017213701
2008-07-31,0.047983,0.04823,0.12849869337901354,0.12088815943608147
2008-08-01,0.048089,0.04823,0.1288000334434629,0.1211551511839255
2008-08-04,0.048019,0.04823,0.12860102630141124,0.120978835910467
2008-08-05,0.048054,0.04823,0.12870052550387356,0.12106699356261644
2008-08-06,0.048054,0.04823,0.12870052550387356,0.12106699356261644
2008-08-07,0.048054,0.04823,0.12870052550387356,0.12106699356261644
2008-08-08,0.048019,0.04823,0.12860102630141124,0.120978835910467
2008-08-11,0.047948,0.04823,0.12839921189828152,0.1208000017213701
2008-08-12,0.047948,0.048194,0.12839921189828152,0.1208000017213701
2008-08-13,0.047983,0.048194,0.12849869337901354,0.12088815943608147
2008-08-14,0.047983,0.04823,0.12849869337901354,0.12088815943608147
2008-08-15,0.047983,0.04823,0.12849869337901354,0.12088815943608147
2008-08-18,0.048089,0.04823,0.1288000334434629,0.1211551511839255
2008-08-19,0.048054,0.04823,0.12870052550387356,0.12106699356261644
2008-08-20,0.048019,0.04823,0.12860102630141124,0.120978835910467
2008-08-21,0.048019,0.04823,0.12860102630141124,0.120978835910467
2008-08-22,0.047948,0.04823,0.12839921189828152,0.1208000017213701
2008-08-25,0.047983,0.04823,0.12849869337901354,0.12088815943608147
2008-08-26,0.047948,0.04823,0.12839921189828152,0.1208000017213701
2008-08-27,0.047948,0.04823,0.12839921189828152,0.1208000017213701
2008-08-28,0.047948,0.04823,0.12839921189828152,0.1208000017213701
2008-08-29,0.047878,0.04823,0.12820027514055599,0.12062368619942615
2008-09-01,0.047948,0.048194,0.12839921189828152,0.1208000017213701
2008-09-02,0.047913,0.04823,0.1282997391523626,0.12071184397581836
2008-09-03,0.048054,0.04823,0.12870052550387356,0.12106699356261644
2008-09-04,0.047948,0.04823,0.12839921189828152,0.1208000017213701
2008-09-05,0.047843,0.04823,0.12810081986216093,0.12053552839219346
2008-09-08,0.048124,0.048194,0.12889955012106968,0.12124330877439425
2008-09-09,0.048019,0.04823,0.12860102630141124,0.120978835910467
2008-09-10,0.048089,0.04823,0.1288000334434629,0.1211551511839255
2008-09-11,0.050718,0.050823,0.1362995339322015,0.1277769597790974
2008-09-12,0.050578,0.050823,0.13589892103127776,0.1274243383747862
2008-09-15,0.050578,0.050823,0.13589892103127776,0.1274243383747862
2008-09-16,0.050613,0.050823,0.13599906106589876,0.12751249377212215
2008-09-17,0.050543,0.050823,0.1357987897891888,0.12733618294661145
2008-09-18,0.050543,0.050823,0.1357987897891888,0.12733618294661145
2008-09-19,0.050788,0.050823,0.13649989315282562,0.12795327029622067
2008-09-22,0.050893,0.050823,0.13680049796384508,0.12821773584061558
2008-09-23,0.050683,0.050823,0.13619936751555972,0.12768880447427772
2008-09-24,0.050578,0.050823,0.13589892103127776,0.1274243383747862
2008-09-25,0.050613,0.050823,0.13599906106589876,0.12751249377212215
2008-09-26,0.050613,0.050823,0.13599906106589876,0.12751249377212215
2008-09-29,0.050543,0.050858,0.1357987897891888,0.12733618294661145
2008-09-30,0.050578,0.050823,0.13589892103127776,0.1274243383747862
2008-10-01,0.050543,0.050823,0.1357987897891888,0.12733618294661145
2008-10-02,0.050648,0.050858,0.13609920989375768,0.12760064913861932
2008-10-03,0.050788,0.050858,0.13649989315282562,0.12795327029622067
2008-10-06,0.051137,0.050858,0.13749935216724074,0.12883230231952666
2008-10-07,0.050963,0.050858,0.13700094516684813,0.1283940460493525
2008-10-08,0.050858,0.050858,0.13670028756178465,0.12812958068998923
2008-10-09,0.050788,0.050858,0.13649989315282562,0.12795327029622067
2008-10-10,0.050823,0.050858,0.13660008595841044,0.12804142550852426
2008-10-13,0.050998,0.050858,0.13710118196932974,0.1284822011074631
2008-10-14,0.050753,0.050858,0.13639970914432453,0.12786511505307835
2008-10-15,0.050893,0.050858,0.13680049796384508,0.12821773584061558
2008-10-16,0.050823,0.050823,0.13660008595841044,0.12804142550852426
2008-10-17,0.050753,0.050823,0.13639970914432453,0.12786511505307835
2008-10-20,0.050858,0.050823,0.13670028756178465,0.12812958068998923
2008-10-21,0.050683,0.050823,0.13619936751555972,0.12768880447427772
2008-10-22,0.050439,0.050823,0.1355013088270467,0.12707423520664482
2008-10-23,0.050613,0.050823,0.13599906106589876,0.12751249377212215
2008-10-24,0.050718,0.050823,0.1362995339322015,0.1277769597790974
2008-10-27,0.050718,0.050823,0.1362995339322015,0.1277769597790974
2008-10-28,0.050753,0.050823,0.13639970914432453,0.12786511505307835
2008-10-29,0.050683,0.050858,0.13619936751555972,0.12768880447427772
2008-10-30,0.050508,0.050858,0.13569866733873637,0.1272480274875979
2008-10-31,0.050578,0.050788,0.13589892103127776,0.1274243383747862
2008-11-03,0.050543,0.050788,0.1357987897891888,0.12733618294661145
2008-11-04,0.050474,0.050788,0.13560141394754277,0.12716239072645494
2008-11-05,0.050474,0.050788,0.13560141394754277,0.12716239072645494
2008-11-06,0.050264,0.050788,0.13500091505061662,0.12663345714501043
2008-11-07,0.050229,0.050753,0.13490086265508494,0.12654530144016665
2008-11-10,0.050264,0.050753,0.13500091505061662,0.12663345714501043
2008-11-11,0.050124,0.050753,0.1346007581743074,0.12628083414060118
2008-11-12,0.049914,0.050753,0.13400078631958134,0.12575189870881462
2008-11-13,0.049353,0.050753,0.13239955358968092,0.12433888003943218
2008-11-14,0.049388,0.050718,0.1324993863449635,0.12442703651613887
2008-11-17,0.049493,0.050718,0.13279893721193003,0.12469150576122176
2008-11-18,0.049388,0.050718,0.1324993863449635,0.12442703651613887
2008-11-19,0.04823,0.050753,0.12920099680035757,0.1215103001459612
2008-11-20,0.048054,0.050718,0.12870052550387356,0.12106699356261644
2008-11-21,0.048792,0.050718,0.1308005728743109,0.12292585344690311
2008-11-24,0.049073,0.050753,0.13160120704476053,0.12363362711555315
2008-11-25,0.049002,0.050753,0.13139885828619224,0.12345479481044476
2008-11-26,0.049037,0.050753,0.13149860316976114,0.12354295159642903
2008-11-27,0.049283,0.050753,0.13219991437520173,0.12416256699350016
2008-11-28,0.049774,0.050788,0.1336009806511267,0.12539927447083973
2008-12-01,0.050159,0.050788,0.13470078421773013,0.12636898993796206
2008-12-02,0.050194,0.050823,0.1348008190443577,0.12645714570448385
2008-12-03,0.050124,0.050823,0.1346007581743074,0.12628083414060118
2008-12-04,0.050159,0.050823,0.13470078421773013,0.12636898993796206
2008-12-05,0.050124,0.050823,0.1346007581743074,0.12628083414060118
2008-12-08,0.050124,0.050823,0.1346007581743074,0.12628083414060118
2008-12-09,0.050159,0.050823,0.13470078421773013,0.12636898993796206
2008-12-10,0.050124,0.050823,0.1346007581743074,0.12628083414060118
2008-12-11,0.050124,0.050823,0.1346007581743074,0.12628083414060118
2008-12-12,0.050089,0.050823,0.134500740913448,0.12619267831240125
2008-12-15,0.050124,0.050823,0.1346007581743074,0.12628083414060118
2008-12-16,0.050124,0.050823,0.1346007581743074,0.12628083414060118
2008-12-17,0.050194,0.050823,0.1348008190443577,0.12645714570448385
2008-12-18,0.050264,0.050823,0.13500091505061662,0.12663345714501043
2008-12-19,0.050124,0.050823,0.1346007581743074,0.12628083414060118
2008-12-22,0.050299,0.050823,0.13510097623165773,0.1267216128190152
2008-12-23,0.050159,0.050823,0.13470078421773013,0.12636898993796206
2008-12-24,0.050334,0.050823,0.13520104619910356,0.12680976846218098
2008-12-26,0.050299,0.050823,0.13510097623165773,0.1267216128190152
2008-12-29,0.050578,0.050823,0.13589892103127776,0.1274243383747862
2008-12-30,0.050648,0.050823,0.13609920989375768,0.12760064913861932
2008-12-31,0.050683,0.050858,0.13619936751555972,0.12768880447427772
2009-01-02,0.050683,0.050858,0.13619936751555972,0.12768880447427772
2009-01-05,0.050578,0.050823,0.13589892103127776,0.1274243383747862
2009-01-06,0.050613,0.050823,0.13599906106589876,0.12751249377212215
2009-01-07,0.050648,0.050823,0.13609920989375768,0.12760064913861932
2009-01-08,0.050613,0.050823,0.13599906106589876,0.12751249377212215
2009-01-09,0.050648,0.050823,0.13609920989375768,0.12760064913861932
2009-01-12,0.050613,0.050823,0.13599906106589876,0.12751249377212215
2009-01-13,0.050613,0.050823,0.13599906106589876,0.12751249377212215
2009-01-14,0.050613,0.050823,0.13599906106589876,0.12751249377212215
2009-01-15,0.050683,0.050823,0.13619936751555972,0.12768880447427772
2009-01-16,0.050648,0.050823,0.13609920989375768,0.12760064913861932
2009-01-19,0.049844,0.050823,0.13380086593267082,0.12557558665150567
2009-01-20,0.050089,0.050788,0.134500740913448,0.12619267831240125
2009-01-21,0.050648,0.050788,0.13609920989375768,0.12760064913861932
2009-01-22,0.047138,0.047279,0.12609936486522622,0.11875977170791427
2009-01-23,0.047138,0.047314,0.12609936486522622,0.11875977170791427
2009-01-26,0.047173,0.047279,0.12619864439157658,0.11884793013636655
2009-01-27,0.047173,0.047314,0.12619864439157658,0.11884793013636655
2009-01-28,0.047173,0.047314,0.12619864439157658,0.11884793013636655
2009-01-29,0.047173,0.047314,0.12619864439157658,0.11884793013636655
2009-01-30,0.047138,0.047314,0.12609936486522622,0.11875977170791427
2009-02-02,0.047209,0.047314,0.12630076957103964,0.11893860734488507
2009-02-03,0.047173,0.047314,0.12619864439157658,0.11884793013636655
2009-02-04,0.047209,0.047314,0.12630076957103964,0.11893860734488507
2009-02-05,0.047209,0.047314,0.12630076957103964,0.11893860734488507
2009-02-06,0.047209,0.047314,0.12630076957103964,0.11893860734488507
2009-02-09,0.047173,0.047314,0.12619864439157658,0.11884793013636655
2009-02-10,0.047209,0.047314,0.12630076957103964,0.11893860734488507
2009-02-11,0.047173,0.047314,0.12619864439157658,0.11884793013636655
2009-02-12,0.047209,0.047314,0.12630076957103964,0.11893860734488507
2009-02-13,0.047173,0.047314,0.12619864439157658,0.11884793013636655
2009-02-16,0.047209,0.047314,0.12630076957103964,0.11893860734488507
2009-02-17,0.047173,0.047314,0.12619864439157658,0.11884793013636655
2009-02-18,0.047173,0.047314,0.12619864439157658,0.11884793013636655
2009-02-19,0.047173,0.047314,0.12619864439157658,0.11884793013636655
2009-02-20,0.047173,0.047314,0.12619864439157658,0.11884793013636655
2009-02-25,0.047173,0.047314,0.12619864439157658,0.11884793013636655
2009-02-26,0.047173,0.047314,0.12619864439157658,0.11884793013636655
2009-02-27,0.047103,0.047314,0.1260000940560273,0.11867161324862108
2009-03-02,0.047138,0.047314,0.12609936486522622,0.11875977170791427
2009-03-03,0.047173,0.047314,0.12619864439157658,0.11884793013636655
2009-03-04,0.047173,0.047314,0.12619864439157658,0.11884793013636655
2009-03-05,0.047173,0.047314,0.12619864439157658,0.11884793013636655
2009-03-06,0.047173,0.047314,0.12619864439157658,0.11884793013636655
2009-03-09,0.047173,0.047314,0.12619864439157658,0.11884793013636655
2009-03-10,0.047173,0.047314,0.12619864439157658,0.11884793013636655
2009-03-11,0.047103,0.047314,0.1260000940560273,0.11867161324862108
2009-03-12,0.04185,0.041993,0.11119936191974844,0.10543993823151879
2009-03-13,0.04185,0.041993,0.11119936191974844,0.10543993823151879
2009-03-16,0.0416,0.041993,0.11049981858543734,0.10481020098938273
2009-03-17,0.041493,0.041993,0.11020054810024305,0.10454067296884179
2009-03-18,0.041814,0.041993,0.11109860063468768,0.10534925616564057
2009-03-19,0.041886,0.041993,0.11130013230613911,0.10553062026476512
2009-03-20,0.041886,0.041993,0.11130013230613911,0.10553062026476512
2009-03-23,0.041886,0.041993,0.11130013230613911,0.10553062026476512
2009-03-24,0.04185,0.041993,0.11119936191974844,0.10543993823151879
2009-03-25,0.04185,0.041993,0.11119936191974844,0.10543993823151879
2009-03-26,0.04185,0.041993,0.11119936191974844,0.10543993823151879
2009-03-27,0.041779,0.041993,0.11100064699909562,0.10526109301475195
2009-03-30,0.041529,0.041993,0.11030122826741495,0.10463135532568862
2009-03-31,0.041707,0.041993,0.11079916942306878,0.10507972872164882
2009-04-01,0.041886,0.041993,0.11130013230613911,0.10553062026476512
2009-04-02,0.041886,0.041993,0.11130013230613911,0.10553062026476512
2009-04-03,0.041886,0.041993,0.11130013230613911,0.10553062026476512
2009-04-06,0.041886,0.041993,0.11130013230613911,0.10553062026476512
2009-04-07,0.041886,0.041993,0.11130013230613911,0.10553062026476512
2009-04-08,0.041886,0.041993,0.11130013230613911,0.10553062026476512
2009-04-09,0.041886,0.041993,0.11130013230613911,0.10553062026476512
2009-04-13,0.041529,0.041993,0.11030122826741495,0.10463135532568862
2009-04-14,0.041493,0.041993,0.11020054810024305,0.10454067296884179
2009-04-15,0.041886,0.041993,0.11130013230613911,0.10553062026476512
2009-04-16,0.041886,0.041993,0.11130013230613911,0.10553062026476512
2009-04-17,0.041636,0.041993,0.11060052578467583,0.10490088324923984
2009-04-20,0.041672,0.041993,0.1107012420804403,0.1049915654764649
2009-04-22,0.04185,0.041993,0.11119936191974844,0.10543993823151879
2009-04-23,0.041886,0.041993,0.11130013230613911,0.10553062026476512
2009-04-24,0.041886,0.041993,0.11130013230613911,0.10553062026476512
2009-04-27,0.041886,0.041993,0.11130013230613911,0.10553062026476512
2009-04-28,0.04185,0.041993,0.11119936191974844,0.10543993823151879
2009-04-29,0.041386,0.041957,0.10990135794600375,0.10427114466002528
2009-04-30,0.038261,0.038406,0.1011986622908847,0.0963992795116023
2009-05-04,0.038298,0.038406,0.10130130354864986,0.09649248383345392
2009-05-05,0.038298,0.038406,0.10130130354864986,0.09649248383345392
2009-05-06,0.038298,0.038406,0.10130130354864986,0.09649248383345392
2009-05-07,0.038298,0.038406,0.10130130354864986,0.09649248383345392
2009-05-08,0.038261,0.038406,0.1011986622908847,0.0963992795116023
2009-05-11,0.038261,0.038406,0.1011986622908847,0.0963992795116023
2009-05-12,0.038261,0.03837,0.1011986622908847,0.0963992795116023
2009-05-13,0.038261,0.038406,0.1011986622908847,0.0963992795116023
2009-05-14,0.038261,0.038406,0.1011986622908847,0.0963992795116023
2009-05-15,0.038298,0.038406,0.10130130354864986,0.09649248383345392
2009-05-18,0.038298,0.038406,0.10130130354864986,0.09649248383345392
2009-05-19,0.038298,0.038406,0.10130130354864986,0.09649248383345392
2009-05-20,0.038298,0.038406,0.10130130354864986,0.09649248383345392
2009-05-21,0.037901,0.038406,0.10020048781967983,0.09549242485092464
2009-05-22,0.037793,0.038406,0.09990121124949347,0.09522036781635052
2009-05-25,0.037756,0.038406,0.09979869996284085,0.09512716302399479
2009-05-26,0.038261,0.038406,0.1011986622908847,0.0963992795116023
2009-05-27,0.038261,0.038406,0.1011986622908847,0.0963992795116023
2009-05-28,0.038189,0.038406,0.1009989552616235,0.09621790884054131
2009-05-29,0.037865,0.038406,0.10010071995201608,0.09540173920536776
2009-06-01,0.037829,0.038406,0.10000096109555745,0.0953110535271764
2009-06-02,0.038189,0.038406,0.1009989552616235,0.09621790884054131
2009-06-03,0.038009,0.038406,0.10049984549794932,0.09576448159178869
2009-06-04,0.038153,0.038406,0.10089911527512463,0.09612722345605941
2009-06-05,0.038189,0.038406,0.1009989552616235,0.09621790884054131
2009-06-08,0.037865,0.038406,0.10010071995201608,0.09540173920536776
2009-06-09,0.037468,0.038406,0.09900109952006853,0.09440167589421354
2009-06-10,0.037612,0.03837,0.09939982769740752,0.09476441972018132
2009-06-12,0.034604,0.034786,0.09110069186336434,0.08718699577584803
2009-06-15,0.03424,0.034786,0.09010064998448786,0.08627003141331986
2009-06-16,0.034167,0.034786,0.08990020206688354,0.08608613431256473
2009-06-17,0.034167,0.034786,0.08990020206688354,0.08608613431256473
2009-06-18,0.034203,0.034786,0.08999904850617546,0.08617682331053077
2009-06-19,0.03424,0.034786,0.09010064998448786,0.08627003141331986
2009-06-22,0.034131,0.034786,0.08980136455590193,0.08599544528196179
2009-06-23,0.034131,0.034786,0.08980136455590193,0.08599544528196179
2009-06-24,0.034094,0.034786,0.0896997908614443,0.0859022370776105
2009-06-25,0.034167,0.034786,0.08990020206688354,0.08608613431256473
2009-06-26,0.03464,0.034786,0.09119964674650527,0.0872776843776403
2009-06-29,0.034604,0.034786,0.09110069186336434,0.08718699577584803
2009-06-30,0.034058,0.034786,0.08960097145262624,0.08581154798082712
2009-07-01,0.034495,0.034786,0.09080113296471692,0.08691241064363824
2009-07-02,0.034567,0.034786,0.09099899754741303,0.0870937880122191
2009-07-03,0.034604,0.034786,0.09110069186336434,0.08718699577584803
2009-07-06,0.03464,0.034786,0.09119964674650527,0.0872776843776403
2009-07-07,0.03464,0.034786,0.09119964674650527,0.0872776843776403
2009-07-08,0.034276,0.034786,0.09019951453087516,0.08636072034510564
2009-07-09,0.03424,0.034786,0.09010064998448786,0.08627003141331986
2009-07-10,0.034677,0.034786,0.09130135969116293,0.08737089207325113
2009-07-13,0.03464,0.034786,0.09119964674650527,0.0872776843776403
2009-07-14,0.034203,0.034786,0.08999904850617546,0.08617682331053077
2009-07-15,0.034058,0.034786,0.08960097145262624,0.08581154798082712
2009-07-16,0.034677,0.034786,0.09130135969116293,0.08737089207325113
2009-07-17,0.034677,0.034786,0.09130135969116293,0.08737089207325113
2009-07-20,0.034677,0.034786,0.09130135969116293,0.08737089207325113
2009-07-21,0.03464,0.034786,0.09119964674650527,0.0872776843776403
2009-07-22,0.034203,0.034749,0.08999904850617546,0.08617682331053077
2009-07-23,0.032817,0.032963,0.08619989866868494,0.08268527332887375
2009-07-24,0.032817,0.032963,0.08619989866868494,0.08268527332887375
2009-07-27,0.032817,0.032963,0.08619989866868494,0.08268527332887375
2009-07-28,0.032415,0.032927,0.08510045030599556,0.08167256363426638
2009-07-29,0.032817,0.032963,0.08619989866868494,0.08268527332887375
2009-07-30,0.03278,0.032927,0.08609865931498217,0.08259206390016821
2009-07-31,0.03278,0.032927,0.08609865931498217,0.08259206390016821
2009-08-03,0.032854,0.032927,0.08630114742183825,0.0827784827231031
2009-08-04,0.03278,0.032927,0.08609865931498217,0.08259206390016821
2009-08-05,0.03278,0.032927,0.08609865931498217,0.08259206390016821
2009-08-06,0.032817,0.032927,0.08619989866868494,0.08268527332887375
2009-08-07,0.032817,0.032927,0.08619989866868494,0.08268527332887375
2009-08-10,0.032817,0.032927,0.08619989866868494,0.08268527332887375
2009-08-11,0.032817,0.032927,0.08619989866868494,0.08268527332887375
2009-08-12,0.032817,0.032927,0.08619989866868494,0.08268527332887375
2009-08-13,0.032817,0.032927,0.08619989866868494,0.08268527332887375
2009-08-14,0.032817,0.032927,0.08619989866868494,0.08268527332887375
2009-08-17,0.032817,0.032927,0.08619989866868494,0.08268527332887375
2009-08-18,0.032817,0.032927,0.08619989866868494,0.08268527332887375
2009-08-19,0.032854,0.032927,0.08630114742183825,0.0827784827231031
2009-08-20,0.032854,0.032927,0.08630114742183825,0.0827784827231031
2009-08-21,0.032817,0.032927,0.08619989866868494,0.08268527332887375
2009-08-24,0.032817,0.032927,0.08619989866868494,0.08268527332887375
2009-08-25,0.032817,0.032927,0.08619989866868494,0.08268527332887375
2009-08-26,0.032817,0.032927,0.08619989866868494,0.08268527332887375
2009-08-27,0.032817,0.032927,0.08619989866868494,0.08268527332887375
2009-08-28,0.032817,0.032927,0.08619989866868494,0.08268527332887375
2009-08-31,0.032817,0.032927,0.08619989866868494,0.08268527332887375
2009-09-01,0.032817,0.032927,0.08619989866868494,0.08268527332887375
2009-09-02,0.032817,0.032927,0.08619989866868494,0.08268527332887375
2009-09-03,0.032817,0.032927,0.08619989866868494,0.08268527332887375
2009-09-04,0.032817,0.032927,0.08619989866868494,0.08268527332887375
2009-09-08,0.032817,0.032927,0.08619989866868494,0.08268527332887375
2009-09-09,0.032854,0.032927,0.08630114742183825,0.0827784827231031
2009-09-10,0.032854,0.032927,0.08630114742183825,0.0827784827231031
2009-09-11,0.032854,0.032927,0.08630114742183825,0.0827784827231031
2009-09-14,0.032854,0.032927,0.08630114742183825,0.0827784827231031
2009-09-15,0.032817,0.032927,0.08619989866868494,0.08268527332887375
2009-09-16,0.032854,0.032927,0.08630114742183825,0.0827784827231031
2009-09-17,0.032817,0.032927,0.08619989866868494,0.08268527332887375
2009-09-18,0.032854,0.032927,0.08630114742183825,0.0827784827231031
2009-09-21,0.032817,0.032927,0.08619989866868494,0.08268527332887375
2009-09-22,0.032854,0.032927,0.08630114742183825,0.0827784827231031
2009-09-23,0.032854,0.032927,0.08630114742183825,0.0827784827231031
2009-09-24,0.032817,0.032927,0.08619989866868494,0.08268527332887375
2009-09-25,0.032817,0.032927,0.08619989866868494,0.08268527332887375
2009-09-28,0.032817,0.032927,0.08619989866868494,0.08268527332887375
2009-09-29,0.032707,0.032927,0.08589894436962031,0.08240816411539424
2009-09-30,0.032744,0.032927,0.08600016518100984,0.0825013736121204
2009-10-01,0.032817,0.032927,0.08619989866868494,0.08268527332887375
2009-10-02,0.032817,0.032927,0.08619989866868494,0.08268527332887375
2009-10-05,0.032817,0.032927,0.08619989866868494,0.08268527332887375
2009-10-06,0.032817,0.032927,0.08619989866868494,0.08268527332887375
2009-10-07,0.032817,0.032927,0.08619989866868494,0.08268527332887375
2009-10-08,0.03278,0.032927,0.08609865931498217,0.08259206390016821
2009-10-09,0.03278,0.032927,0.08609865931498217,0.08259206390016821
2009-10-13,0.03278,0.032927,0.08609865931498217,0.08259206390016821
2009-10-14,0.03278,0.032927,0.08609865931498217,0.08259206390016821
2009-10-15,0.03278,0.032927,0.08609865931498217,0.08259206390016821
2009-10-16,0.032817,0.032927,0.08619989866868494,0.08268527332887375
2009-10-19,0.032817,0.032927,0.08619989866868494,0.08268527332887375
2009-10-20,0.032817,0.032927,0.08619989866868494,0.08268527332887375
2009-10-21,0.032817,0.032927,0.08619989866868494,0.08268527332887375
2009-10-22,0.032817,0.032927,0.08619989866868494,0.08268527332887375
2009-10-23,0.032817,0.032927,0.08619989866868494,0.08268527332887375
2009-10-26,0.032817,0.032927,0.08619989866868494,0.08268527332887375
2009-10-27,0.032817,0.032927,0.08619989866868494,0.08268527332887375
2009-10-28,0.03278,0.032927,0.08609865931498217,0.08259206390016821
2009-10-29,0.032817,0.032927,0.08619989866868494,0.08268527332887375
2009-10-30,0.032817,0.032927,0.08619989866868494,0.08268527332887375
2009-11-03,0.032854,0.032927,0.08630114742183825,0.0827784827231031
2009-11-04,0.032854,0.032927,0.08630114742183825,0.0827784827231031
2009-11-05,0.032854,0.032927,0.08630114742183825,0.0827784827231031
2009-11-06,0.032854,0.032927,0.08630114742183825,0.0827784827231031
2009-11-09,0.032854,0.032927,0.08630114742183825,0.0827784827231031
2009-11-10,0.032854,0.032927,0.08630114742183825,0.0827784827231031
2009-11-11,0.03289,0.032927,0.0863996687448716,0.08286917291142441
2009-11-12,0.032854,0.032927,0.08630114742183825,0.0827784827231031
2009-11-13,0.032854,0.032927,0.08630114742183825,0.0827784827231031
2009-11-16,0.032854,0.032927,0.08630114742183825,0.0827784827231031
2009-11-17,0.032817,0.032927,0.08619989866868494,0.08268527332887375
2009-11-18,0.032817,0.032927,0.08619989866868494,0.08268527332887375
2009-11-19,0.032817,0.032927,0.08619989866868494,0.08268527332887375
2009-11-20,0.032854,0.032927,0.08630114742183825,0.0827784827231031
2009-11-23,0.03278,0.032927,0.08609865931498217,0.08259206390016821
2009-11-24,0.03289,0.032927,0.0863996687448716,0.08286917291142441
2009-11-25,0.032927,0.032927,0.0865009360454363,0.0829623822376333
2009-11-26,0.032927,0.032927,0.0865009360454363,0.0829623822376333
2009-11-27,0.032744,0.032927,0.08600016518100984,0.0825013736121204
2009-11-30,0.032817,0.032927,0.08619989866868494,0.08268527332887375
2009-12-01,0.032744,0.032927,0.08600016518100984,0.0825013736121204
2009-12-02,0.032854,0.032927,0.08630114742183825,0.0827784827231031
2009-12-03,0.032854,0.032927,0.08630114742183825,0.0827784827231031
2009-12-04,0.032817,0.032927,0.08619989866868494,0.08268527332887375
2009-12-07,0.032598,0.032927,0.08560080794449743,0.08213357377600479
2009-12-08,0.03278,0.032927,0.08609865931498217,0.08259206390016821
2009-12-09,0.032854,0.032927,0.08630114742183825,0.0827784827231031
2009-12-10,0.032817,0.032927,0.08619989866868494,0.08268527332887375
2009-12-11,0.032817,0.032927,0.08619989866868494,0.08268527332887375
2009-12-14,0.032817,0.032927,0.08619989866868494,0.08268527332887375
2009-12-15,0.032854,0.032927,0.08630114742183825,0.0827784827231031
2009-12-16,0.032854,0.032927,0.08630114742183825,0.0827784827231031
2009-12-17,0.032854,0.032927,0.08630114742183825,0.0827784827231031
2009-12-18,0.032854,0.032927,0.08630114742183825,0.0827784827231031
2009-12-21,0.03289,0.032927,0.0863996687448716,0.08286917291142441
2009-12-22,0.032817,0.032927,0.08619989866868494,0.08268527332887375
2009-12-23,0.03278,0.032927,0.08609865931498217,0.08259206390016821
2009-12-24,0.03278,0.032927,0.08609865931498217,0.08259206390016821
2009-12-28,0.032817,0.032927,0.08619989866868494,0.08268527332887375
2009-12-29,0.032817,0.03289,0.08619989866868494,0.08268527332887375
2009-12-30,0.032561,0.032927,0.08549962420758694,0.0820403641432371
2009-12-31,0.032561,0.032927,0.08549962420758694,0.0820403641432371
2010-01-04,0.03278,0.032927,0.08609865931498217,0.08259206390016821
2010-01-05,0.03278,0.032927,0.08609865931498217,0.08259206390016821
2010-01-06,0.03278,0.032927,0.08609865931498217,0.08259206390016821
2010-01-07,0.032817,0.032927,0.08619989866868494,0.08268527332887375
2010-01-08,0.032817,0.032927,0.08619989866868494,0.08268527332887375
2010-01-11,0.032817,0.032927,0.08619989866868494,0.08268527332887375
2010-01-12,0.032817,0.032927,0.08619989866868494,0.08268527332887375
2010-01-13,0.032817,0.032927,0.08619989866868494,0.08268527332887375
2010-01-14,0.032817,0.032927,0.08619989866868494,0.08268527332887375
2010-01-15,0.03278,0.032927,0.08609865931498217,0.08259206390016821
2010-01-18,0.03278,0.032927,0.08609865931498217,0.08259206390016821
2010-01-19,0.03278,0.032927,0.08609865931498217,0.08259206390016821
2010-01-20,0.032817,0.032927,0.08619989866868494,0.08268527332887375
2010-01-21,0.032817,0.032927,0.08619989866868494,0.08268527332887375
2010-01-22,0.032817,0.032927,0.08619989866868494,0.08268527332887375
2010-01-25,0.032817,0.032927,0.08619989866868494,0.08268527332887375
2010-01-26,0.032817,0.03289,0.08619989866868494,0.08268527332887375
2010-01-27,0.032817,0.032927,0.08619989866868494,0.08268527332887375
2010-01-28,0.032817,0.032927,0.08619989866868494,0.08268527332887375
2010-01-29,0.032854,0.032927,0.08630114742183825,0.0827784827231031
2010-02-01,0.032854,0.032927,0.08630114742183825,0.0827784827231031
2010-02-02,0.032817,0.032927,0.08619989866868494,0.08268527332887375
2010-02-03,0.03278,0.032927,0.08609865931498217,0.08259206390016821
2010-02-04,0.032817,0.032927,0.08619989866868494,0.08268527332887375
2010-02-05,0.032817,0.032927,0.08619989866868494,0.08268527332887375
2010-02-08,0.032817,0.032927,0.08619989866868494,0.08268527332887375
2010-02-09,0.032817,0.032927,0.08619989866868494,0.08268527332887375
2010-02-10,0.032817,0.032927,0.08619989866868494,0.08268527332887375
2010-02-11,0.032817,0.032927,0.08619989866868494,0.08268527332887375
2010-02-12,0.032817,0.032927,0.08619989866868494,0.08268527332887375
2010-02-17,0.032817,0.032927,0.08619989866868494,0.08268527332887375
2010-02-18,0.032854,0.032927,0.08630114742183825,0.0827784827231031
2010-02-19,0.032854,0.032927,0.08630114742183825,0.0827784827231031
2010-02-22,0.032854,0.032927,0.08630114742183825,0.0827784827231031
2010-02-23,0.032854,0.032927,0.08630114742183825,0.0827784827231031
2010-02-24,0.032817,0.032927,0.08619989866868494,0.08268527332887375
2010-02-25,0.032817,0.032927,0.08619989866868494,0.08268527332887375
2010-02-26,0.032817,0.032927,0.08619989866868494,0.08268527332887375
2010-03-01,0.03278,0.032927,0.08609865931498217,0.08259206390016821
2010-03-02,0.032817,0.032927,0.08619989866868494,0.08268527332887375
2010-03-03,0.032817,0.032927,0.08619989866868494,0.08268527332887375
2010-03-04,0.03278,0.032927,0.08609865931498217,0.08259206390016821
2010-03-05,0.03278,0.032927,0.08609865931498217,0.08259206390016821
2010-03-08,0.032854,0.032927,0.08630114742183825,0.0827784827231031
2010-03-09,0.032854,0.032927,0.08630114742183825,0.0827784827231031
2010-03-10,0.032854,0.032927,0.08630114742183825,0.0827784827231031
2010-03-11,0.032817,0.032927,0.08619989866868494,0.08268527332887375
2010-03-12,0.03278,0.032927,0.08609865931498217,0.08259206390016821
2010-03-15,0.032817,0.032927,0.08619989866868494,0.08268527332887375
2010-03-16,0.03278,0.032927,0.08609865931498217,0.08259206390016821
2010-03-17,0.032817,0.032927,0.08619989866868494,0.08268527332887375
2010-03-18,0.03278,0.032927,0.08609865931498217,0.08259206390016821
2010-03-19,0.032817,0.032927,0.08619989866868494,0.08268527332887375
2010-03-22,0.032817,0.032927,0.08619989866868494,0.08268527332887375
2010-03-23,0.032817,0.032927,0.08619989866868494,0.08268527332887375
2010-03-24,0.032817,0.032927,0.08619989866868494,0.08268527332887375
2010-03-25,0.03278,0.032927,0.08609865931498217,0.08259206390016821
2010-03-26,0.032744,0.032927,0.08600016518100984,0.0825013736121204
2010-03-29,0.032598,0.032927,0.08560080794449743,0.08213357377600479
2010-03-30,0.032707,0.032927,0.08589894436962031,0.08240816411539424
2010-03-31,0.03278,0.032927,0.08609865931498217,0.08259206390016821
2010-04-01,0.032671,0.032927,0.08580046827517185,0.08231747376116413
2010-04-05,0.03278,0.032927,0.08609865931498217,0.08259206390016821
2010-04-06,0.032817,0.032927,0.08619989866868494,0.08268527332887375
2010-04-07,0.032854,0.032927,0.08630114742183825,0.0827784827231031
2010-04-08,0.032817,0.032927,0.08619989866868494,0.08268527332887375
2010-04-09,0.032817,0.032927,0.08619989866868494,0.08268527332887375
2010-04-12,0.032854,0.032927,0.08630114742183825,0.0827784827231031
2010-04-13,0.032817,0.032927,0.08619989866868494,0.08268527332887375
2010-04-14,0.03278,0.032927,0.08609865931498217,0.08259206390016821
2010-04-15,0.032817,0.032927,0.08619989866868494,0.08268527332887375
2010-04-16,0.032854,0.032927,0.08630114742183825,0.0827784827231031
2010-04-19,0.032854,0.032927,0.08630114742183825,0.0827784827231031
2010-04-20,0.032854,0.032927,0.08630114742183825,0.0827784827231031
2010-04-22,0.032817,0.032927,0.08619989866868494,0.08268527332887375
2010-04-23,0.032817,0.03289,0.08619989866868494,0.08268527332887375
2010-04-26,0.032817,0.03289,0.08619989866868494,0.08268527332887375
2010-04-27,0.032854,0.03289,0.08630114742183825,0.0827784827231031
2010-04-28,0.032817,0.03289,0.08619989866868494,0.08268527332887375
2010-04-29,0.035585,0.035621,0.09380041189404564,0.08965824850207983
2010-04-30,0.035585,0.035657,0.09380041189404564,0.08965824850207983
2010-05-03,0.035694,0.035657,0.09410079118972048,0.08993283064237796
2010-05-04,0.035694,0.035657,0.09410079118972048,0.08993283064237796
2010-05-05,0.035694,0.035657,0.09410079118972048,0.08993283064237796
2010-05-06,0.035621,0.035657,0.09389961064927643,0.08974893621453356
2010-05-07,0.035621,0.035657,0.09389961064927643,0.08974893621453356
2010-05-10,0.035585,0.035657,0.09380041189404564,0.08965824850207983
2010-05-11,0.035549,0.035657,0.09370122209882137,0.08956756075699011
2010-05-12,0.035585,0.035657,0.09380041189404564,0.08965824850207983
2010-05-13,0.035585,0.035657,0.09380041189404564,0.08965824850207983
2010-05-14,0.035585,0.035657,0.09380041189404564,0.08965824850207983
2010-05-17,0.035585,0.035657,0.09380041189404564,0.08965824850207983
2010-05-18,0.035549,0.035657,0.09370122209882137,0.08956756075699011
2010-05-19,0.035549,0.035657,0.09370122209882137,0.08956756075699011
2010-05-20,0.035549,0.035657,0.09370122209882137,0.08956756075699011
2010-05-21,0.035549,0.035657,0.09370122209882137,0.08956756075699011
2010-05-24,0.035585,0.035621,0.09380041189404564,0.08965824850207983
2010-05-25,0.035585,0.035657,0.09380041189404564,0.08965824850207983
2010-05-26,0.035585,0.035657,0.09380041189404564,0.08965824850207983
2010-05-27,0.035549,0.035657,0.09370122209882137,0.08956756075699011
2010-05-28,0.035585,0.035621,0.09380041189404564,0.08965824850207983
2010-05-31,0.035549,0.035621,0.09370122209882137,0.08956756075699011
2010-06-01,0.035657,0.035657,0.09399881836525847,0.08983962389435135
2010-06-02,0.035657,0.035657,0.09399881836525847,0.08983962389435135
2010-06-04,0.035621,0.035657,0.09389961064927643,0.08974893621453356
2010-06-07,0.035657,0.035657,0.09399881836525847,0.08983962389435135
2010-06-08,0.035621,0.035657,0.09389961064927643,0.08974893621453356
2010-06-09,0.035585,0.035657,0.09380041189404564,0.08965824850207983
2010-06-10,0.038261,0.03837,0.1011986622908847,0.0963992795116023
2010-06-11,0.038117,0.03837,0.10079928430631901,0.09603653803894323
2010-06-14,0.038225,0.03837,0.10109880426656548,0.09630859419238894
2010-06-15,0.038298,0.03837,0.10130130354864986,0.09649248383345392
2010-06-16,0.038261,0.03837,0.1011986622908847,0.0963992795116023
2010-06-17,0.038261,0.03837,0.1011986622908847,0.0963992795116023
2010-06-18,0.038298,0.03837,0.10130130354864986,0.09649248383345392
2010-06-21,0.038298,0.03837,0.10130130354864986,0.09649248383345392
2010-06-22,0.038298,0.03837,0.10130130354864986,0.09649248383345392
2010-06-23,0.038298,0.03837,0.10130130354864986,0.09649248383345392
2010-06-24,0.038298,0.03837,0.10130130354864986,0.09649248383345392
2010-06-25,0.038298,0.03837,0.10130130354864986,0.09649248383345392
2010-06-28,0.038298,0.038406,0.10130130354864986,0.09649248383345392
2010-06-29,0.038298,0.038406,0.10130130354864986,0.09649248383345392
2010-06-30,0.038261,0.038406,0.1011986622908847,0.0963992795116023
2010-07-01,0.038334,0.038406,0.10140117986462882,0.09658316908649238
2010-07-02,0.038334,0.038406,0.10140117986462882,0.09658316908649238
2010-07-05,0.038334,0.038406,0.10140117986462882,0.09658316908649238
2010-07-06,0.038334,0.038406,0.10140117986462882,0.09658316908649238
2010-07-07,0.038334,0.038406,0.10140117986462882,0.09658316908649238
2010-07-08,0.038334,0.038406,0.10140117986462882,0.09658316908649238
2010-07-09,0.038334,0.038406,0.10140117986462882,0.09658316908649238
2010-07-12,0.038334,0.038406,0.10140117986462882,0.09658316908649238
2010-07-13,0.038334,0.038406,0.10140117986462882,0.09658316908649238
2010-07-14,0.038298,0.038406,0.10130130354864986,0.09649248383345392
2010-07-15,0.038334,0.038406,0.10140117986462882,0.09658316908649238
2010-07-16,0.038334,0.038406,0.10140117986462882,0.09658316908649238
2010-07-19,0.038298,0.038406,0.10130130354864986,0.09649248383345392
2010-07-20,0.038334,0.038406,0.10140117986462882,0.09658316908649238
2010-07-21,0.038334,0.038406,0.10140117986462882,0.09658316908649238
2010-07-22,0.040132,0.040203,0.10640094130758837,0.10111235215222215
2010-07-23,0.040132,0.040203,0.10640094130758837,0.10111235215222215
2010-07-26,0.040132,0.040203,0.10640094130758837,0.10111235215222215
2010-07-27,0.040096,0.040203,0.10630061341065855,0.10102166852905076
2010-07-28,0.040096,0.040203,0.10630061341065855,0.10102166852905076
2010-07-29,0.040096,0.040203,0.10630061341065855,0.10102166852905076
2010-07-30,0.040096,0.040203,0.10630061341065855,0.10102166852905076
2010-08-02,0.040168,0.040203,0.10650127826691946,0.10120303574276056
2010-08-03,0.040132,0.040203,0.10640094130758837,0.10111235215222215
2010-08-04,0.040132,0.040203,0.10640094130758837,0.10111235215222215
2010-08-05,0.040132,0.040203,0.10640094130758837,0.10111235215222215
2010-08-06,0.040132,0.040203,0.10640094130758837,0.10111235215222215
2010-08-09,0.040132,0.040203,0.10640094130758837,0.10111235215222215
2010-08-10,0.040132,0.040203,0.10640094130758837,0.10111235215222215
2010-08-11,0.040132,0.040203,0.10640094130758837,0.10111235215222215
2010-08-12,0.040132,0.040203,0.10640094130758837,0.10111235215222215
2010-08-13,0.040132,0.040203,0.10640094130758837,0.10111235215222215
2010-08-16,0.040132,0.040203,0.10640094130758837,0.10111235215222215
2010-08-17,0.040132,0.040203,0.10640094130758837,0.10111235215222215
2010-08-18,0.040096,0.040203,0.10630061341065855,0.10102166852905076
2010-08-19,0.040096,0.040203,0.10630061341065855,0.10102166852905076
2010-08-20,0.040096,0.040203,0.10630061341065855,0.10102166852905076
2010-08-23,0.040096,0.040203,0.10630061341065855,0.10102166852905076
2010-08-24,0.040096,0.040203,0.10630061341065855,0.10102166852905076
2010-08-25,0.040132,0.040203,0.10640094130758837,0.10111235215222215
2010-08-26,0.040096,0.040203,0.10630061341065855,0.10102166852905076
2010-08-27,0.040132,0.040203,0.10640094130758837,0.10111235215222215
2010-08-30,0.040024,0.040203,0.10609998480080396,0.10084030118480883
2010-08-31,0.040096,0.040203,0.10630061341065855,0.10102166852905076
2010-09-01,0.040096,0.040203,0.10630061341065855,0.10102166852905076
2010-09-02,0.040096,0.040203,0.10630061341065855,0.10102166852905076
2010-09-03,0.04006,0.040203,0.10620029457537683,0.10093098487324632
2010-09-06,0.040024,0.040203,0.10609998480080396,0.10084030118480883
2010-09-08,0.04006,0.040203,0.10620029457537683,0.10093098487324632
2010-09-09,0.040132,0.040203,0.10640094130758837,0.10111235215222215
2010-09-10,0.040096,0.040203,0.10630061341065855,0.10102166852905076
2010-09-13,0.04006,0.040203,0.10620029457537683,0.10093098487324632
2010-09-14,0.04006,0.040203,0.10620029457537683,0.10093098487324632
2010-09-15,0.039916,0.040203,0.10579910983355956,0.1005682499236979
2010-09-16,0.039988,0.040203,0.10599968408618676,0.1007496174637383
2010-09-17,0.04006,0.040203,0.10620029457537683,0.10093098487324632
2010-09-20,0.04006,0.040203,0.10620029457537683,0.10093098487324632
2010-09-21,0.04006,0.040203,0.10620029457537683,0.10093098487324632
2010-09-22,0.04006,0.040203,0.10620029457537683,0.10093098487324632
2010-09-23,0.040096,0.040203,0.10630061341065855,0.10102166852905076
2010-09-24,0.040096,0.040203,0.10630061341065855,0.10102166852905076
2010-09-27,0.040096,0.040203,0.10630061341065855,0.10102166852905076
2010-09-28,0.04006,0.040203,0.10620029457537683,0.10093098487324632
2010-09-29,0.039988,0.040203,0.10599968408618676,0.1007496174637383
2010-09-30,0.040024,0.040203,0.10609998480080396,0.10084030118480883
2010-10-01,0.040132,0.040203,0.10640094130758837,0.10111235215222215
2010-10-04,0.040132,0.040203,0.10640094130758837,0.10111235215222215
2010-10-05,0.040132,0.040203,0.10640094130758837,0.10111235215222215
2010-10-06,0.040132,0.040203,0.10640094130758837,0.10111235215222215
2010-10-07,0.040132,0.040203,0.10640094130758837,0.10111235215222215
2010-10-08,0.040132,0.040203,0.10640094130758837,0.10111235215222215
2010-10-11,0.040132,0.040203,0.10640094130758837,0.10111235215222215
2010-10-13,0.040132,0.040203,0.10640094130758837,0.10111235215222215
2010-10-14,0.040096,0.040203,0.10630061341065855,0.10102166852905076
2010-10-15,0.040132,0.040203,0.10640094130758837,0.10111235215222215
2010-10-18,0.040132,0.040203,0.10640094130758837,0.10111235215222215
2010-10-19,0.040132,0.040203,0.10640094130758837,0.10111235215222215
2010-10-20,0.040132,0.040203,0.10640094130758837,0.10111235215222215
2010-10-21,0.040132,0.040203,0.10640094130758837,0.10111235215222215
2010-10-22,0.040132,0.040203,0.10640094130758837,0.10111235215222215
2010-10-25,0.040132,0.040203,0.10640094130758837,0.10111235215222215
2010-10-26,0.040132,0.040203,0.10640094130758837,0.10111235215222215
2010-10-27,0.040132,0.040203,0.10640094130758837,0.10111235215222215
2010-10-28,0.040132,0.040203,0.10640094130758837,0.10111235215222215
2010-10-29,0.040132,0.040203,0.10640094130758837,0.10111235215222215
2010-11-01,0.040132,0.040203,0.10640094130758837,0.10111235215222215
2010-11-03,0.040132,0.040203,0.10640094130758837,0.10111235215222215
2010-11-04,0.040132,0.040203,0.10640094130758837,0.10111235215222215
2010-11-05,0.040132,0.040203,0.10640094130758837,0.10111235215222215
2010-11-08,0.040132,0.040203,0.10640094130758837,0.10111235215222215
2010-11-09,0.040132,0.040203,0.10640094130758837,0.10111235215222215
2010-11-10,0.040096,0.040203,0.10630061341065855,0.10102166852905076
2010-11-11,0.040096,0.040203,0.10630061341065855,0.10102166852905076
2010-11-12,0.040132,0.040203,0.10640094130758837,0.10111235215222215
2010-11-16,0.040132,0.040203,0.10640094130758837,0.10111235215222215
2010-11-17,0.040132,0.040203,0.10640094130758837,0.10111235215222215
2010-11-18,0.040132,0.040203,0.10640094130758837,0.10111235215222215
2010-11-19,0.040132,0.040203,0.10640094130758837,0.10111235215222215
2010-11-22,0.040132,0.040203,0.10640094130758837,0.10111235215222215
2010-11-23,0.040132,0.040203,0.10640094130758837,0.10111235215222215
2010-11-24,0.040132,0.040203,0.10640094130758837,0.10111235215222215
2010-11-25,0.040132,0.040203,0.10640094130758837,0.10111235215222215
2010-11-26,0.040132,0.040203,0.10640094130758837,0.10111235215222215
2010-11-29,0.040132,0.040203,0.10640094130758837,0.10111235215222215
2010-11-30,0.040132,0.040203,0.10640094130758837,0.10111235215222215
2010-12-01,0.040132,0.040203,0.10640094130758837,0.10111235215222215
2010-12-02,0.040132,0.040203,0.10640094130758837,0.10111235215222215
2010-12-03,0.040132,0.040203,0.10640094130758837,0.10111235215222215
2010-12-06,0.040132,0.040203,0.10640094130758837,0.10111235215222215
2010-12-07,0.040132,0.040203,0.10640094130758837,0.10111235215222215
2010-12-08,0.040132,0.040203,0.10640094130758837,0.10111235215222215
2010-12-09,0.040132,0.040203,0.10640094130758837,0.10111235215222215
2010-12-10,0.040168,0.040203,0.10650127826691946,0.10120303574276056
2010-12-13,0.040132,0.040203,0.10640094130758837,0.10111235215222215
2010-12-14,0.040132,0.040203,0.10640094130758837,0.10111235215222215
2010-12-15,0.040132,0.040203,0.10640094130758837,0.10111235215222215
2010-12-16,0.040132,0.040239,0.10640094130758837,0.10111235215222215
2010-12-17,0.040132,0.040203,0.10640094130758837,0.10111235215222215
2010-12-20,0.040132,0.040203,0.10640094130758837,0.10111235215222215
2010-12-21,0.040132,0.040203,0.10640094130758837,0.10111235215222215
2010-12-22,0.040132,0.040203,0.10640094130758837,0.10111235215222215
2010-12-23,0.040132,0.040203,0.10640094130758837,0.10111235215222215
2010-12-24,0.040132,0.040203,0.10640094130758837,0.10111235215222215
2010-12-27,0.040132,0.040203,0.10640094130758837,0.10111235215222215
2010-12-28,0.040132,0.040203,0.10640094130758837,0.10111235215222215
2010-12-29,0.040132,0.040203,0.10640094130758837,0.10111235215222215
2010-12-30,0.040132,0.040239,0.10640094130758837,0.10111235215222215
2010-12-31,0.040132,0.040239,0.10640094130758837,0.10111235215222215
2011-01-03,0.040132,0.040239,0.10640094130758837,0.10111235215222215
2011-01-04,0.040132,0.040203,0.10640094130758837,0.10111235215222215
2011-01-05,0.040132,0.040239,0.10640094130758837,0.10111235215222215
2011-01-06,0.040132,0.040203,0.10640094130758837,0.10111235215222215
2011-01-07,0.040132,0.040239,0.10640094130758837,0.10111235215222215
2011-01-10,0.040132,0.040203,0.10640094130758837,0.10111235215222215
2011-01-11,0.040132,0.040203,0.10640094130758837,0.10111235215222215
2011-01-12,0.040132,0.040203,0.10640094130758837,0.10111235215222215
2011-01-13,0.040132,0.040203,0.10640094130758837,0.10111235215222215
2011-01-14,0.040132,0.040203,0.10640094130758837,0.10111235215222215
2011-01-17,0.040132,0.040203,0.10640094130758837,0.10111235215222215
2011-01-18,0.040132,0.040203,0.10640094130758837,0.10111235215222215
2011-01-19,0.040132,0.040203,0.10640094130758837,0.10111235215222215
2011-01-20,0.041922,0.041993,0.11140091179480249,0.10562130226537958
2011-01-21,0.041922,0.041993,0.11140091179480249,0.10562130226537958
2011-01-24,0.041922,0.041993,0.11140091179480249,0.10562130226537958
2011-01-25,0.041922,0.041993,0.11140091179480249,0.10562130226537958
2011-01-26,0.041922,0.041993,0.11140091179480249,0.10562130226537958
2011-01-27,0.041922,0.042029,0.11140091179480249,0.10562130226537958
2011-01-28,0.041922,0.042029,0.11140091179480249,0.10562130226537958
2011-01-31,0.041922,0.042029,0.11140091179480249,0.10562130226537958
2011-02-01,0.041922,0.041993,0.11140091179480249,0.10562130226537958
2011-02-02,0.041922,0.042029,0.11140091179480249,0.10562130226537958
2011-02-03,0.041922,0.042029,0.11140091179480249,0.10562130226537958
2011-02-04,0.041922,0.042029,0.11140091179480249,0.10562130226537958
2011-02-07,0.041922,0.042029,0.11140091179480249,0.10562130226537958
2011-02-08,0.041922,0.042029,0.11140091179480249,0.10562130226537958
2011-02-09,0.041922,0.042029,0.11140091179480249,0.10562130226537958
2011-02-10,0.041957,0.042029,0.11149890058048428,0.10570946529024776
2011-02-11,0.041922,0.042029,0.11140091179480249,0.10562130226537958
2011-02-14,0.041957,0.042029,0.11149890058048428,0.10570946529024776
2011-02-15,0.041957,0.042029,0.11149890058048428,0.10570946529024776
2011-02-16,0.041957,0.042029,0.11149890058048428,0.10570946529024776
2011-02-17,0.041957,0.042029,0.11149890058048428,0.10570946529024776
2011-02-18,0.041993,0.042029,0.11159969802313041,0.105800147226505
2011-02-21,0.041993,0.042029,0.11159969802313041,0.105800147226505
2011-02-22,0.041993,0.042029,0.11159969802313041,0.105800147226505
2011-02-23,0.041993,0.042029,0.11159969802313041,0.105800147226505
2011-02-24,0.041993,0.042029,0.11159969802313041,0.105800147226505
2011-02-25,0.041993,0.042029,0.11159969802313041,0.105800147226505
2011-02-28,0.041957,0.042029,0.11149890058048428,0.10570946529024776
2011-03-01,0.041993,0.042029,0.11159969802313041,0.105800147226505
2011-03-02,0.041993,0.042029,0.11159969802313041,0.105800147226505
2011-03-03,0.043704,0.04381,0.11640089069835446,0.11011002051055599
2011-03-04,0.043704,0.04381,0.11640089069835446,0.11011002051055599
2011-03-09,0.043704,0.04381,0.11640089069835446,0.11011002051055599
2011-03-10,0.043704,0.04381,0.11640089069835446,0.11011002051055599
2011-03-11,0.043704,0.04381,0.11640089069835446,0.11011002051055599
2011-03-14,0.043704,0.04381,0.11640089069835446,0.11011002051055599
2011-03-15,0.043739,0.04381,0.11649931856340623,0.11019818196504569
2011-03-16,0.043739,0.04381,0.11649931856340623,0.11019818196504569
2011-03-17,0.043704,0.04381,0.11640089069835446,0.11011002051055599
2011-03-18,0.043739,0.04381,0.11649931856340623,0.11019818196504569
2011-03-21,0.043704,0.04381,0.11640089069835446,0.11011002051055599
2011-03-22,0.043704,0.04381,0.11640089069835446,0.11011002051055599
2011-03-23,0.043739,0.04381,0.11649931856340623,0.11019818196504569
2011-03-24,0.043739,0.04381,0.11649931856340623,0.11019818196504569
2011-03-25,0.043739,0.04381,0.11649931856340623,0.11019818196504569
2011-03-28,0.043775,0.04381,0.11660056767055127,0.11028886228605761
2011-03-29,0.043775,0.04381,0.11660056767055127,0.11028886228605761
2011-03-30,0.043775,0.04381,0.11660056767055127,0.11028886228605761
2011-03-31,0.043775,0.04381,0.11660056767055127,0.11028886228605761
2011-04-01,0.04381,0.04381,0.11669901307032271,0.11037702367798005
2011-04-04,0.043775,0.04381,0.11660056767055127,0.11028886228605761
2011-04-05,0.043739,0.04381,0.11649931856340623,0.11019818196504569
2011-04-06,0.043704,0.04381,0.11640089069835446,0.11011002051055599
2011-04-07,0.043739,0.04381,0.11649931856340623,0.11019818196504569
2011-04-08,0.043704,0.04381,0.11640089069835446,0.11011002051055599
2011-04-11,0.043704,0.04381,0.11640089069835446,0.11011002051055599
2011-04-12,0.043668,0.04381,0.11629965962525857,0.11001934012518916
2011-04-13,0.043739,0.04381,0.11649931856340623,0.11019818196504569
2011-04-14,0.043775,0.04381,0.11660056767055127,0.11028886228605761
2011-04-15,0.043775,0.04381,0.11660056767055127,0.11028886228605761
2011-04-18,0.043881,0.04381,0.11689874315238158,0.11055586526399248
2011-04-19,0.043775,0.04381,0.11660056767055127,0.11028886228605761
2011-04-20,0.043704,0.04381,0.11640089069835446,0.11011002051055599
2011-04-25,0.044556,0.044698,0.1187993635082385,0.11225611343975932
2011-04-26,0.044592,0.044698,0.11890082036513916,0.11234679302024311
2011-04-27,0.044592,0.044698,0.11890082036513916,0.11234679302024311
2011-04-28,0.044592,0.044698,0.11890082036513916,0.11234679302024311
2011-04-29,0.044663,0.044698,0.11910094269270988,0.1125256332083382
2011-05-02,0.044627,0.044698,0.11899946776169767,0.11243495369220816
2011-05-03,0.044627,0.044698,0.11899946776169767,0.11243495369220816
2011-05-04,0.044627,0.044698,0.11899946776169767,0.11243495369220816
2011-05-05,0.044627,0.044698,0.11899946776169767,0.11243495369220816
2011-05-06,0.044627,0.044698,0.11899946776169767,0.11243495369220816
2011-05-09,0.044592,0.044698,0.11890082036513916,0.11234679302024311
2011-05-10,0.044592,0.044698,0.11890082036513916,0.11234679302024311
2011-05-11,0.044556,0.044698,0.1187993635082385,0.11225611343975932
2011-05-12,0.044521,0.044698,0.11870073368229761,0.11216795270522806
2011-05-13,0.044521,0.044698,0.11870073368229761,0.11216795270522806
2011-05-16,0.044485,0.044698,0.11859929489636456,0.11207727306039039
2011-05-17,0.044556,0.044698,0.1187993635082385,0.11225611343975932
2011-05-18,0.044556,0.044698,0.1187993635082385,0.11225611343975932
2011-05-19,0.044556,0.044698,0.1187993635082385,0.11225611343975932
2011-05-20,0.044627,0.044698,0.11899946776169767,0.11243495369220816
2011-05-23,0.044627,0.044698,0.11899946776169767,0.11243495369220816
2011-05-24,0.044592,0.044698,0.11890082036513916,0.11234679302024311
2011-05-25,0.044592,0.044698,0.11890082036513916,0.11234679302024311
2011-05-26,0.044556,0.044698,0.1187993635082385,0.11225611343975932
2011-05-27,0.044592,0.044698,0.11890082036513916,0.11234679302024311
2011-05-30,0.044556,0.044698,0.1187993635082385,0.11225611343975932
2011-05-31,0.04445,0.044698,0.118500682637799,0.11198911226329286
2011-06-01,0.044663,0.044698,0.11910094269270988,0.1125256332083382
2011-06-02,0.044592,0.044698,0.11890082036513916,0.11234679302024311
2011-06-03,0.044592,0.044698,0.11890082036513916,0.11234679302024311
2011-06-06,0.044663,0.044698,0.11910094269270988,0.1125256332083382
2011-06-07,0.044592,0.044698,0.11890082036513916,0.11234679302024311
2011-06-08,0.044556,0.044698,0.1187993635082385,0.11225611343975932
2011-06-09,0.04523,0.045584,0.12070038239127356,0.11395383128329424
2011-06-10,0.045301,0.045584,0.12090082530326596,0.11413267033090516
2011-06-13,0.04523,0.045584,0.12070038239127356,0.11395383128329424
2011-06-14,0.045194,0.045584,0.12059876300625527,0.1138631522810847
2011-06-15,0.045442,0.045584,0.12129899386392928,0.11448782919000347
2011-06-16,0.045442,0.045584,0.12129899386392928,0.11448782919000347
2011-06-17,0.045442,0.045584,0.12129899386392928,0.11448782919000347
2011-06-20,0.045407,0.045584,0.1212001445537676,0.11439966923622168
2011-06-21,0.045478,0.045584,0.12140067649599162,0.11457850796743123
2011-06-22,0.045442,0.045584,0.12129899386392928,0.11448782919000347
2011-06-24,0.045407,0.045584,0.1212001445537676,0.11439966923622168
2011-06-27,0.045407,0.045584,0.1212001445537676,0.11439966923622168
2011-06-28,0.045372,0.045584,0.12110130392325802,0.11431150925159789
2011-06-29,0.045407,0.045584,0.1212001445537676,0.11439966923622168
2011-06-30,0.045513,0.045584,0.12149954341558988,0.11466666785864793
2011-07-01,0.045513,0.045584,0.12149954341558988,0.11466666785864793
2011-07-04,0.045513,0.045584,0.12149954341558988,0.11466666785864793
2011-07-05,0.045549,0.045584,0.12160124416188722,0.11475734657172308
2011-07-06,0.045513,0.045584,0.12149954341558988,0.11466666785864793
2011-07-07,0.045513,0.045584,0.12149954341558988,0.11466666785864793
2011-07-08,0.045513,0.045584,0.12149954341558988,0.11466666785864793
2011-07-11,0.045513,0.045584,0.12149954341558988,0.11466666785864793
2011-07-12,0.045513,0.045584,0.12149954341558988,0.11466666785864793
2011-07-13,0.045549,0.045584,0.12160124416188722,0.11475734657172308
2011-07-14,0.045549,0.045584,0.12160124416188722,0.11475734657172308
2011-07-15,0.045549,0.045584,0.12160124416188722,0.11475734657172308
2011-07-18,0.045549,0.045584,0.12160124416188722,0.11475734657172308
2011-07-19,0.045513,0.045584,0.12149954341558988,0.11466666785864793
2011-07-20,0.045513,0.045584,0.12149954341558988,0.11466666785864793
2011-07-21,0.046397,0.046468,0.12399952019491023,0.1168933245985576
2011-07-22,0.046397,0.046468,0.12399952019491023,0.1168933245985576
2011-07-25,0.046432,0.046468,0.12409861532813848,0.11698148367996077
2011-07-26,0.046397,0.046468,0.12399952019491023,0.1168933245985576
2011-07-27,0.046397,0.046468,0.12399952019491023,0.1168933245985576
2011-07-28,0.046397,0.046468,0.12399952019491023,0.1168933245985576
2011-07-29,0.046397,0.046468,0.12399952019491023,0.1168933245985576
2011-08-01,0.046432,0.046468,0.12409861532813848,0.11698148367996077
2011-08-02,0.046397,0.046468,0.12399952019491023,0.1168933245985576
2011-08-03,0.046397,0.046468,0.12399952019491023,0.1168933245985576
2011-08-04,0.046397,0.046468,0.12399952019491023,0.1168933245985576
2011-08-05,0.046397,0.046468,0.12399952019491023,0.1168933245985576
2011-08-08,0.046397,0.046468,0.12399952019491023,0.1168933245985576
2011-08-09,0.046397,0.046468,0.12399952019491023,0.1168933245985576
2011-08-10,0.046397,0.046468,0.12399952019491023,0.1168933245985576
2011-08-11,0.046397,0.046468,0.12399952019491023,0.1168933245985576
2011-08-12,0.046397,0.046468,0.12399952019491023,0.1168933245985576
2011-08-15,0.046397,0.046468,0.12399952019491023,0.1168933245985576
2011-08-16,0.046397,0.046468,0.12399952019491023,0.1168933245985576
2011-08-17,0.046397,0.046468,0.12399952019491023,0.1168933245985576
2011-08-18,0.046362,0.046468,0.1239004337628331,0.11680516548631306
2011-08-19,0.046397,0.046468,0.12399952019491023,0.1168933245985576
2011-08-22,0.046362,0.046468,0.1239004337628331,0.11680516548631306
2011-08-23,0.046397,0.046468,0.12399952019491023,0.1168933245985576
2011-08-24,0.046397,0.046468,0.12399952019491023,0.1168933245985576
2011-08-25,0.046362,0.046432,0.1239004337628331,0.11680516548631306
2011-08-26,0.046362,0.046432,0.1239004337628331,0.11680516548631306
2011-08-29,0.046362,0.046432,0.1239004337628331,0.11680516548631306
2011-08-30,0.046362,0.046432,0.1239004337628331,0.11680516548631306
2011-08-31,0.046362,0.046432,0.1239004337628331,0.11680516548631306
2011-09-01,0.044556,0.044663,0.1187993635082385,0.11225611343975932
2011-09-02,0.044556,0.044663,0.1187993635082385,0.11225611343975932
2011-09-05,0.044556,0.044663,0.1187993635082385,0.11225611343975932
2011-09-06,0.044556,0.044663,0.1187993635082385,0.11225611343975932
2011-09-08,0.044556,0.044663,0.1187993635082385,0.11225611343975932
2011-09-09,0.044556,0.044663,0.1187993635082385,0.11225611343975932
2011-09-12,0.044556,0.044663,0.1187993635082385,0.11225611343975932
2011-09-13,0.044556,0.044663,0.1187993635082385,0.11225611343975932
2011-09-14,0.044556,0.044663,0.1187993635082385,0.11225611343975932
2011-09-15,0.044556,0.044663,0.1187993635082385,0.11225611343975932
2011-09-16,0.044556,0.044663,0.1187993635082385,0.11225611343975932
2011-09-19,0.044521,0.044627,0.11870073368229761,0.11216795270522806
2011-09-20,0.044521,0.044627,0.11870073368229761,0.11216795270522806
2011-09-21,0.044556,0.044627,0.1187993635082385,0.11225611343975932
2011-09-22,0.044556,0.044627,0.1187993635082385,0.11225611343975932
2011-09-23,0.044556,0.044627,0.1187993635082385,0.11225611343975932
2011-09-26,0.044556,0.044627,0.1187993635082385,0.11225611343975932
2011-09-27,0.044556,0.044627,0.1187993635082385,0.11225611343975932
2011-09-28,0.044556,0.044627,0.1187993635082385,0.11225611343975932
2011-09-29,0.044556,0.044627,0.1187993635082385,0.11225611343975932
2011-09-30,0.044556,0.044627,0.1187993635082385,0.11225611343975932
2011-10-03,0.044592,0.044627,0.11890082036513916,0.11234679302024311
2011-10-04,0.044556,0.044627,0.1187993635082385,0.11225611343975932
2011-10-05,0.044556,0.044627,0.1187993635082385,0.11225611343975932
2011-10-06,0.044556,0.044627,0.1187993635082385,0.11225611343975932
2011-10-07,0.044556,0.044627,0.1187993635082385,0.11225611343975932
2011-10-10,0.044556,0.044627,0.1187993635082385,0.11225611343975932
2011-10-11,0.044556,0.044627,0.1187993635082385,0.11225611343975932
2011-10-13,0.044521,0.044627,0.11870073368229761,0.11216795270522806
2011-10-14,0.044521,0.044627,0.11870073368229761,0.11216795270522806
2011-10-17,0.044521,0.044627,0.11870073368229761,0.11216795270522806
2011-10-18,0.044521,0.044627,0.11870073368229761,0.11216795270522806
2011-10-19,0.044556,0.044592,0.1187993635082385,0.11225611343975932
2011-10-20,0.042814,0.042849,0.11390091276884307,0.10786819030387032
2011-10-21,0.042814,0.042849,0.11390091276884307,0.10786819030387032
2011-10-24,0.042814,0.042849,0.11390091276884307,0.10786819030387032
2011-10-25,0.042814,0.042849,0.11390091276884307,0.10786819030387032
2011-10-26,0.042814,0.042849,0.11390091276884307,0.10786819030387032
2011-10-27,0.042814,0.042849,0.11390091276884307,0.10786819030387032
2011-10-28,0.042814,0.042849,0.11390091276884307,0.10786819030387032
2011-10-31,0.042814,0.042849,0.11390091276884307,0.10786819030387032
2011-11-01,0.042814,0.042849,0.11390091276884307,0.10786819030387032
2011-11-03,0.042849,0.042849,0.11399912109619925,0.107956352542661
2011-11-04,0.042814,0.042849,0.11390091276884307,0.10786819030387032
2011-11-07,0.042921,0.042849,0.11420117677510855,0.10813771476547177
2011-11-08,0.042814,0.042849,0.11390091276884307,0.10786819030387032
2011-11-09,0.042778,0.042849,0.11379990748597946,0.10777750911179326
2011-11-10,0.042742,0.042849,0.11369891132557663,0.10768682788708497
2011-11-11,0.042742,0.042849,0.11369891132557663,0.10768682788708497
2011-11-14,0.042671,0.042849,0.113499751188048,0.10750798426493646
2011-11-16,0.042707,0.042849,0.11360072935921406,0.10759866555400097
2011-11-17,0.042707,0.042849,0.11360072935921406,0.10759866555400097
2011-11-18,0.042742,0.042849,0.11369891132557663,0.10768682788708497
2011-11-21,0.042778,0.042849,0.11379990748597946,0.10777750911179326
2011-11-22,0.042778,0.042849,0.11379990748597946,0.10777750911179326
2011-11-23,0.042778,0.042849,0.11379990748597946,0.10777750911179326
2011-11-24,0.042778,0.042849,0.11379990748597946,0.10777750911179326
2011-11-25,0.042707,0.042849,0.11360072935921406,0.10759866555400097
2011-11-28,0.042671,0.042849,0.113499751188048,0.10750798426493646
2011-11-29,0.042635,0.042849,0.11339878213696575,0.10741730294324059
2011-11-30,0.042707,0.042849,0.11360072935921406,0.10759866555400097
2011-12-01,0.040956,0.041063,0.10869981463559597,0.10318799060537945
2011-12-02,0.040992,0.041063,0.10880035924627451,0.10327867344899112
2011-12-05,0.041028,0.041063,0.10890091293885162,0.10336935625997033
2011-12-06,0.040992,0.041063,0.10880035924627451,0.10327867344899112
2011-12-07,0.040956,0.041063,0.10869981463559597,0.10318799060537945
2011-12-08,0.040884,0.041063,0.10849875265666609,0.1030066248202587
2011-12-09,0.040813,0.041063,0.10830051876996882,0.1028277778765525
2011-12-12,0.040777,0.041063,0.10820001930437861,0.10273709487068475
2011-12-13,0.040813,0.041063,0.10830051876996882,0.1028277778765525
2011-12-14,0.04092,0.041063,0.10859927910599865,0.10309730772913532
2011-12-15,0.040956,0.041063,0.10869981463559597,0.10318799060537945
2011-12-16,0.040992,0.041063,0.10880035924627451,0.10327867344899112
2011-12-19,0.041028,0.041063,0.10890091293885162,0.10336935625997033
2011-12-20,0.041063,0.041063,0.10899868218102293,0.10345752007269259
2011-12-21,0.041028,0.041063,0.10890091293885162,0.10336935625997033
2011-12-22,0.040992,0.041063,0.10880035924627451,0.10327867344899112
2011-12-23,0.040992,0.041063,0.10880035924627451,0.10327867344899112
2011-12-26,0.040884,0.041063,0.10849875265666609,0.1030066248202587
2011-12-27,0.04092,0.041063,0.10859927910599865,0.10309730772913532
2011-12-28,0.040884,0.041063,0.10849875265666609,0.1030066248202587
2011-12-29,0.040956,0.041063,0.10869981463559597,0.10318799060537945
2011-12-30,0.040956,0.041099,0.10869981463559597,0.10318799060537945
2012-01-02,0.041028,0.041063,0.10890091293885162,0.10336935625997033
2012-01-03,0.040992,0.041063,0.10880035924627451,0.10327867344899112
2012-01-04,0.040992,0.041063,0.10880035924627451,0.10327867344899112
2012-01-05,0.040884,0.041063,0.10849875265666609,0.1030066248202587
2012-01-06,0.04092,0.041063,0.10859927910599865,0.10309730772913532
2012-01-09,0.040777,0.041063,0.10820001930437861,0.10273709487068475
2012-01-10,0.040813,0.041063,0.10830051876996882,0.1028277778765525
2012-01-11,0.040777,0.041063,0.10820001930437861,0.10273709487068475
2012-01-12,0.040741,0.041063,0.10809952891580865,0.10264641183218441
2012-01-13,0.040777,0.041063,0.10820001930437861,0.10273709487068475
2012-01-16,0.040777,0.041063,0.10820001930437861,0.10273709487068475
2012-01-17,0.040741,0.041063,0.10809952891580865,0.10264641183218441
2012-01-18,0.040705,0.041063,0.10799904760344248,0.10255572876105147
2012-01-19,0.038946,0.03927,0.10310045822998992,0.09812481339513632
2012-01-20,0.038982,0.03927,0.10320049706213186,0.09821549806076321
2012-01-23,0.038982,0.03927,0.10320049706213186,0.09821549806076321
2012-01-24,0.039018,0.03927,0.10330054493060681,0.09830618269375632
2012-01-25,0.039018,0.03927,0.10330054493060681,0.09830618269375632
2012-01-26,0.038946,0.03927,0.10310045822998992,0.09812481339513632
2012-01-27,0.03891,0.03927,0.1030004284334296,0.09803412869687565
2012-01-30,0.03891,0.03927,0.1030004284334296,0.09803412869687565
2012-01-31,0.038946,0.03927,0.10310045822998992,0.09812481339513632
2012-02-01,0.03891,0.03927,0.1030004284334296,0.09803412869687565
2012-02-02,0.03891,0.03927,0.1030004284334296,0.09803412869687565
2012-02-03,0.038982,0.03927,0.10320049706213186,0.09821549806076321
2012-02-06,0.03891,0.03927,0.1030004284334296,0.09803412869687565
2012-02-07,0.03891,0.03927,0.1030004284334296,0.09803412869687565
2012-02-08,0.038874,0.03927,0.10290040767163822,0.09794344396598119
2012-02-09,0.03891,0.03927,0.1030004284334296,0.09803412869687565
2012-02-10,0.03891,0.03927,0.1030004284334296,0.09803412869687565
2012-02-13,0.038838,0.03927,0.10280039594380264,0.0978527592024529
2012-02-14,0.038874,0.03927,0.10290040767163822,0.09794344396598119
2012-02-15,0.038874,0.03927,0.10290040767163822,0.09794344396598119
2012-02-16,0.038838,0.03927,0.10280039594380264,0.0978527592024529
2012-02-17,0.038982,0.03927,0.10320049706213186,0.09821549806076321
2012-02-22,0.038874,0.03927,0.10290040767163822,0.09794344396598119
2012-02-23,0.038874,0.03927,0.10290040767163822,0.09794344396598119
2012-02-24,0.038946,0.03927,0.10310045822998992,0.09812481339513632
2012-02-27,0.038946,0.03927,0.10310045822998992,0.09812481339513632
2012-02-28,0.038838,0.03927,0.10280039594380264,0.0978527592024529
2012-02-29,0.038802,0.03927,0.1027003932491104,0.09776207440629078
2012-03-01,0.038802,0.03927,0.1027003932491104,0.09776207440629078
2012-03-02,0.038766,0.03927,0.10260039958674882,0.09767138957749477
2012-03-05,0.038766,0.03927,0.10260039958674882,0.09767138957749477
2012-03-06,0.03873,0.03927,0.10250041495596718,0.09758070471606488
2012-03-07,0.038622,0.03927,0.1022005152444212,0.09730864993597159
2012-03-08,0.036129,0.036564,0.09530037105954214,0.09102863712183583
2012-03-09,0.036056,0.036564,0.09509897081902463,0.09084474349364356
2012-03-12,0.035948,0.036564,0.09480107647032399,0.09057268144142358
2012-03-13,0.035875,0.036564,0.09459976767425426,0.09038878748050334
2012-03-14,0.035839,0.036564,0.09450050567828794,0.09029809999831385
2012-03-15,0.035839,0.036564,0.09450050567828794,0.09029809999831385
2012-03-16,0.035984,0.036564,0.09490036561734327,0.09066336882479926
2012-03-19,0.035948,0.036564,0.09480107647032399,0.09057268144142358
2012-03-20,0.035948,0.036564,0.09480107647032399,0.09057268144142358
2012-03-21,0.035948,0.036564,0.09480107647032399,0.09057268144142358
2012-03-22,0.035948,0.036564,0.09480107647032399,0.09057268144142358
2012-03-23,0.036093,0.036564,0.09520104578268396,0.09093794986990936
2012-03-26,0.035984,0.036564,0.09490036561734327,0.09066336882479926
2012-03-27,0.035984,0.036564,0.09490036561734327,0.09066336882479926
2012-03-28,0.035948,0.036564,0.09480107647032399,0.09057268144142358
2012-03-29,0.035948,0.036564,0.09480107647032399,0.09057268144142358
2012-03-30,0.036093,0.036564,0.09520104578268396,0.09093794986990936
2012-04-02,0.03602,0.036564,0.09499966373330793,0.09075405617553926
2012-04-03,0.03602,0.036564,0.09499966373330793,0.09075405617553926
2012-04-04,0.036129,0.036564,0.09530037105954214,0.09102863712183583
2012-04-05,0.036093,0.036564,0.09520104578268396,0.09093794986990936
2012-04-09,0.03602,0.036564,0.09499966373330793,0.09075405617553926
2012-04-10,0.036093,0.036564,0.09520104578268396,0.09093794986990936
2012-04-11,0.035984,0.036564,0.09490036561734327,0.09066336882479926
2012-04-12,0.035948,0.036564,0.09480107647032399,0.09057268144142358
2012-04-13,0.035948,0.036564,0.09480107647032399,0.09057268144142358
2012-04-16,0.035911,0.036564,0.0946990386367228,0.09047947493005708
2012-04-17,0.035875,0.036564,0.09459976767425426,0.09038878748050334
2012-04-18,0.035911,0.036564,0.0946990386367228,0.09047947493005708
2012-04-19,0.033182,0.033839,0.0871991150682696,0.08360476989960393
2012-04-20,0.033219,0.033839,0.08730045659232655,0.0836979789537319
2012-04-23,0.033365,0.033839,0.08770043659078741,0.08406577650657067
2012-04-24,0.033182,0.033839,0.0871991150682696,0.08360476989960393
2012-04-25,0.033182,0.033839,0.0871991150682696,0.08360476989960393
2012-04-26,0.033182,0.033839,0.0871991150682696,0.08360476989960393
2012-04-27,0.033219,0.033839,0.08730045659232655,0.0836979789537319
2012-04-30,0.033109,0.033839,0.08699919857126592,0.0834208708538621
2012-05-02,0.033328,0.033839,0.08759905793466749,0.08397256758848255
2012-05-03,0.033328,0.033839,0.08759905793466749,0.08397256758848255
2012-05-04,0.033146,0.033839,0.08710052153437164,0.08351407997601017
2012-05-07,0.033146,0.033839,0.08710052153437164,0.08351407997601017
2012-05-08,0.033073,0.033839,0.08690062309502466,0.08333018086408663
2012-05-09,0.033073,0.033839,0.08690062309502466,0.08333018086408663
2012-05-10,0.033036,0.033839,0.08679931868948443,0.0832369716739184
2012-05-11,0.033036,0.033839,0.08679931868948443,0.0832369716739184
2012-05-14,0.032854,0.033803,0.08630114742183825,0.0827784827231031
2012-05-15,0.033182,0.033803,0.0871991150682696,0.08360476989960393
2012-05-16,0.033219,0.033803,0.08730045659232655,0.0836979789537319
2012-05-17,0.033255,0.033803,0.08739906818717613,0.08378866881114398
2012-05-18,0.033328,0.033803,0.08759905793466749,0.08397256758848255
2012-05-21,0.033219,0.033803,0.08730045659232655,0.0836979789537319
2012-05-22,0.033365,0.033803,0.08770043659078741,0.08406577650657067
2012-05-23,0.033401,0.033803,0.08779908431742656,0.08415646623161976
2012-05-24,0.033401,0.033803,0.08779908431742656,0.08415646623161976
2012-05-25,0.033438,0.033803,0.08790048154465957,0.08424967508168812
2012-05-28,0.033401,0.033803,0.08779908431742656,0.08415646623161976
2012-05-29,0.033438,0.033803,0.08790048154465957,0.08424967508168812
2012-05-30,0.033511,0.033766,0.08810056314387227,0.08443357352260453
2012-05-31,0.031756,0.031976,0.08330051817659556,0.08001241630083304
2012-06-01,0.031792,0.031976,0.08339876843813987,0.08010310748461633
2012-06-04,0.031829,0.031976,0.08349975712231528,0.08019631783393814
2012-06-05,0.031866,0.031976,0.08360075518276067,0.08028952814878311
2012-06-06,0.031719,0.031976,0.08319954798900508,0.07991920588348925
2012-06-08,0.031866,0.031976,0.08360075518276067,0.08028952814878311
2012-06-11,0.031719,0.031976,0.08319954798900508,0.07991920588348925
2012-06-12,0.031792,0.031976,0.08339876843813987,0.08010310748461633
2012-06-13,0.031829,0.031976,0.08349975712231528,0.08019631783393814
2012-06-14,0.031792,0.031976,0.08339876843813987,0.08010310748461633
2012-06-15,0.031719,0.031976,0.08319954798900508,0.07991920588348925
2012-06-18,0.031829,0.031976,0.08349975712231528,0.08019631783393814
2012-06-19,0.031719,0.031976,0.08319954798900508,0.07991920588348925
2012-06-20,0.031902,0.031976,0.08369903256631361,0.08038021923283788
2012-06-21,0.031939,0.031976,0.08380004912842964,0.08047342947966106
2012-06-22,0.031866,0.031976,0.08360075518276067,0.08028952814878311
2012-06-25,0.031939,0.031976,0.08380004912842964,0.08047342947966106
2012-06-26,0.031829,0.031976,0.08349975712231528,0.08019631783393814
2012-06-27,0.031902,0.031976,0.08369903256631361,0.08038021923283788
2012-06-28,0.031866,0.031976,0.08360075518276067,0.08028952814878311
2012-06-29,0.031939,0.032012,0.08380004912842964,0.08047342947966106
2012-07-02,0.031866,0.031976,0.08360075518276067,0.08028952814878311
2012-07-03,0.031866,0.031976,0.08360075518276067,0.08028952814878311
2012-07-04,0.031902,0.031976,0.08369903256631361,0.08038021923283788
2012-07-05,0.031866,0.031976,0.08360075518276067,0.08028952814878311
2012-07-06,0.031792,0.031976,0.08339876843813987,0.08010310748461633
2012-07-09,0.031866,0.031976,0.08360075518276067,0.08028952814878311
2012-07-10,0.031719,0.031976,0.08319954798900508,0.07991920588348925
2012-07-11,0.031646,0.031976,0.0830003640281165,0.07973530414815654
2012-07-12,0.029993,0.03014,0.0784998282059628,0.07557102755728567
2012-07-13,0.029919,0.03014,0.0782987885269828,0.07538460340250547
2012-07-16,0.029993,0.03014,0.0784998282059628,0.07557102755728567
2012-07-17,0.029883,0.03014,0.07820099893674692,0.0752939105205841
2012-07-18,0.029809,0.03014,0.07800001474057239,0.0751074861607985
2012-07-19,0.029919,0.03014,0.0782987885269828,0.07538460340250547
2012-07-20,0.029956,0.03014,0.07839930370023196,0.07547781549713463
2012-07-23,0.029956,0.03014,0.07839930370023196,0.07547781549713463
2012-07-24,0.029883,0.03014,0.07820099893674692,0.0752939105205841
2012-07-25,0.029956,0.03014,0.07839930370023196,0.07547781549713463
2012-07-26,0.029846,0.03014,0.07810050217370135,0.0752006983579304
2012-07-27,0.029772,0.03014,0.07789953663649718,0.07501427392918836
2012-07-30,0.029919,0.03014,0.0782987885269828,0.07538460340250547
2012-07-31,0.029919,0.03014,0.0782987885269828,0.07538460340250547
2012-08-01,0.029919,0.03014,0.0782987885269828,0.07538460340250547
2012-08-02,0.029883,0.03014,0.07820099893674692,0.0752939105205841
2012-08-03,0.029919,0.03014,0.0782987885269828,0.07538460340250547
2012-08-06,0.029883,0.03014,0.07820099893674692,0.0752939105205841
2012-08-07,0.029883,0.03014,0.07820099893674692,0.0752939105205841
2012-08-08,0.029883,0.03014,0.07820099893674692,0.0752939105205841
2012-08-09,0.029883,0.03014,0.07820099893674692,0.0752939105205841
2012-08-10,0.029883,0.03014,0.07820099893674692,0.0752939105205841
2012-08-13,0.029809,0.03014,0.07800001474057239,0.0751074861607985
2012-08-14,0.029919,0.03014,0.0782987885269828,0.07538460340250547
2012-08-15,0.029919,0.03014,0.0782987885269828,0.07538460340250547
2012-08-16,0.029883,0.03014,0.07820099893674692,0.0752939105205841
2012-08-17,0.029956,0.03014,0.07839930370023196,0.07547781549713463
2012-08-20,0.029993,0.03014,0.0784998282059628,0.07557102755728567
2012-08-21,0.029883,0.03014,0.07820099893674692,0.0752939105205841
2012-08-22,0.029846,0.03014,0.07810050217370135,0.0752006983579304
2012-08-23,0.029846,0.03014,0.07810050217370135,0.0752006983579304
2012-08-24,0.029883,0.03014,0.07820099893674692,0.0752939105205841
2012-08-27,0.029919,0.03014,0.0782987885269828,0.07538460340250547
2012-08-28,0.029919,0.03014,0.0782987885269828,0.07538460340250547
2012-08-29,0.029883,0.03014,0.07820099893674692,0.0752939105205841
2012-08-30,0.028259,0.028296,0.07379877682790004,0.07120261989959063
2012-08-31,0.028259,0.028296,0.07379877682790004,0.07120261989959063
2012-09-03,0.02837,0.028296,0.0740990967884283,0.07148226072069036
2012-09-04,0.028296,0.028296,0.07389887418727947,0.07129583354110315
2012-09-05,0.028296,0.028296,0.07389887418727947,0.07129583354110315
2012-09-06,0.028296,0.028296,0.07389887418727947,0.07129583354110315
2012-09-10,0.028259,0.028296,0.07379877682790004,0.07120261989959063
2012-09-11,0.028222,0.028296,0.07369868876150476,0.0711094062235988
2012-09-12,0.028186,0.028296,0.0736013146967871,0.07101871180305316
2012-09-13,0.028186,0.028296,0.0736013146967871,0.07101871180305316
2012-09-14,0.028149,0.028296,0.07350124496267818,0.07092549805903452
2012-09-17,0.028112,0.028296,0.07340118451893884,0.07083228428053646
2012-09-18,0.028075,0.028296,0.07330113336483035,0.070739070467559
2012-09-19,0.028075,0.028296,0.07330113336483035,0.070739070467559
2012-09-20,0.028149,0.028296,0.07350124496267818,0.07092549805903452
2012-09-21,0.028149,0.028296,0.07350124496267818,0.07092549805903452
2012-09-24,0.028149,0.028296,0.07350124496267818,0.07092549805903452
2012-09-25,0.028259,0.028296,0.07379877682790004,0.07120261989959063
2012-09-26,0.028222,0.028296,0.07369868876150476,0.0711094062235988
2012-09-27,0.028186,0.028296,0.0736013146967871,0.07101871180305316
2012-09-28,0.028186,0.028296,0.0736013146967871,0.07101871180305316
2012-10-01,0.028186,0.028296,0.0736013146967871,0.07101871180305316
2012-10-02,0.028149,0.028296,0.07350124496267818,0.07092549805903452
2012-10-03,0.028186,0.028296,0.0736013146967871,0.07101871180305316
2012-10-04,0.028186,0.028296,0.0736013146967871,0.07101871180305316
2012-10-05,0.028186,0.028296,0.0736013146967871,0.07101871180305316
2012-10-08,0.028186,0.028296,0.0736013146967871,0.07101871180305316
2012-10-09,0.028149,0.028296,0.07350124496267818,0.07092549805903452
2012-10-10,0.028075,0.028296,0.07330113336483035,0.070739070467559
2012-10-11,0.027001,0.027371,0.07040099031416225,0.06803333557280833
2012-10-15,0.027001,0.027371,0.07040099031416225,0.06803333557280833
2012-10-16,0.027038,0.027371,0.07050077219368545,0.06812655038663169
2012-10-17,0.027075,0.027371,0.07060056333793696,0.06821976516597494
2012-10-18,0.027149,0.027371,0.07080017342375267,0.06840619462122104
2012-10-19,0.027149,0.027371,0.07080017342375267,0.06840619462122104
2012-10-22,0.027297,0.027371,0.07119950480910853,0.06877905311795254
2012-10-23,0.027297,0.027371,0.07119950480910853,0.06877905311795254
2012-10-24,0.027334,0.027371,0.07129936082997324,0.06887226765593542
2012-10-25,0.02726,0.027371,0.07109965805891139,0.0686858385454897
2012-10-26,0.027186,0.027371,0.07089999236709055,0.06849940929712396
2012-10-29,0.027149,0.027371,0.07080017342375267,0.06840619462122104
2012-10-30,0.027112,0.027371,0.07070036374765376,0.06831297991083804
2012-10-31,0.027186,0.027371,0.07089999236709055,0.06849940929712396
2012-11-01,0.02726,0.027371,0.07109965805891139,0.0686858385454897
2012-11-05,0.027297,0.027371,0.07119950480910853,0.06877905311795254
2012-11-06,0.027297,0.027371,0.07119950480910853,0.06877905311795254
2012-11-07,0.027334,0.027371,0.07129936082997324,0.06887226765593542
2012-11-08,0.027186,0.027371,0.07089999236709055,0.06849940929712396
2012-11-09,0.027186,0.027371,0.07089999236709055,0.06849940929712396
2012-11-12,0.027112,0.027371,0.07070036374765376,0.06831297991083804
2012-11-13,0.027075,0.027371,0.07060056333793696,0.06821976516597494
2012-11-14,0.027075,0.027371,0.07060056333793696,0.06821976516597494
2012-11-16,0.027038,0.027371,0.07050077219368545,0.06812655038663169
2012-11-19,0.026964,0.027371,0.07030121769845055,0.06794012072450477
2012-11-20,0.026889,0.027371,0.07009900432708593,0.06775117160189026
2012-11-21,0.026815,0.027371,0.06989952442914005,0.0675647416620577
2012-11-22,0.027186,0.027371,0.07089999236709055,0.06849940929712396
2012-11-23,0.027297,0.027371,0.07119950480910853,0.06877905311795254
2012-11-26,0.027334,0.027371,0.07129936082997324,0.06887226765593542
2012-11-27,0.027297,0.027371,0.07119950480910853,0.06877905311795254
2012-11-28,0.02726,0.027371,0.07109965805891139,0.0686858385454897
2012-11-29,0.027112,0.027371,0.07070036374765376,0.06831297991083804
2012-11-30,0.027075,0.027371,0.07060056333793696,0.06821976516597494
2012-12-03,0.027112,0.027371,0.07070036374765376,0.06831297991083804
2012-12-04,0.027112,0.027371,0.07070036374765376,0.06831297991083804
2012-12-05,0.027075,0.027371,0.07060056333793696,0.06821976516597494
2012-12-06,0.027038,0.027371,0.07050077219368545,0.06812655038663169
2012-12-07,0.027001,0.027371,0.07040099031416225,0.06803333557280833
2012-12-10,0.026889,0.027371,0.07009900432708593,0.06775117160189026
2012-12-11,0.026741,0.027334,0.06970008156927898,0.06737831158430391
2012-12-12,0.026741,0.027334,0.06970008156927898,0.06737831158430391
2012-12-13,0.026667,0.027334,0.06950067574059271,0.06719188136862869
2012-12-14,0.026481,0.027297,0.06899962996601672,0.06672328589319021
2012-12-17,0.026444,0.027297,0.06889998745383208,0.06663007056029767
2012-12-18,0.02637,0.02726,0.06870073018138023,0.0664436397910709
2012-12-19,0.026258,0.02726,0.0683992219769809,0.06616147404016656
2012-12-20,0.026295,0.02726,0.06849881799317736,0.06625468954639405
2012-12-21,0.02637,0.02726,0.06870073018138023,0.0664436397910709
2012-12-24,0.02637,0.027556,0.06870073018138023,0.0664436397910709
2012-12-26,0.026481,0.027742,0.06899962996601672,0.06672328589319021
2012-12-27,0.026481,0.027779,0.06899962996601672,0.06672328589319021
2012-12-28,0.026481,0.027853,0.06899962996601672,0.06672328589319021
2012-12-31,0.026481,0.027927,0.06899962996601672,0.06672328589319021
2013-01-02,0.026555,0.02726,0.06919894274658067,0.06690971645553369
2013-01-03,0.026555,0.02726,0.06919894274658067,0.06690971645553369
2013-01-04,0.026593,0.02726,0.06930130693623338,0.06700545101503184
2013-01-07,0.026555,0.02726,0.06919894274658067,0.06690971645553369
2013-01-08,0.026518,0.02726,0.06909928172998092,0.0668165011916022
2013-01-09,0.026481,0.02726,0.06899962996601672,0.06672328589319021
2013-01-10,0.026518,0.02726,0.06909928172998092,0.0668165011916022
2013-01-11,0.026555,0.02726,0.06919894274658067,0.06690971645553369
2013-01-14,0.026593,0.02726,0.06930130693623338,0.06700545101503184
2013-01-15,0.02663,0.02726,0.06940098671080008,0.0670986662090705
2013-01-16,0.02663,0.02726,0.06940098671080008,0.0670986662090705
2013-01-17,0.02663,0.02726,0.06940098671080008,0.0670986662090705
2013-01-18,0.026555,0.02726,0.06919894274658067,0.06690971645553369
2013-01-21,0.026593,0.02726,0.06930130693623338,0.06700545101503184
2013-01-22,0.026593,0.02726,0.06930130693623338,0.06700545101503184
2013-01-23,0.026593,0.02726,0.06930130693623338,0.06700545101503184
2013-01-24,0.026593,0.02726,0.06930130693623338,0.06700545101503184
2013-01-25,0.02663,0.02726,0.06940098671080008,0.0670986662090705
2013-01-28,0.02663,0.02726,0.06940098671080008,0.0670986662090705
2013-01-29,0.026667,0.02726,0.06950067574059271,0.06719188136862869
2013-01-30,0.026667,0.02726,0.06950067574059271,0.06719188136862869
2013-01-31,0.026667,0.02726,0.06950067574059271,0.06719188136862869
2013-02-01,0.026667,0.02726,0.06950067574059271,0.06719188136862869
2013-02-04,0.026704,0.02726,0.06960037402646702,0.0672850964937065
2013-02-05,0.026704,0.02726,0.06960037402646702,0.0672850964937065
2013-02-06,0.026704,0.02726,0.06960037402646702,0.0672850964937065
2013-02-07,0.026667,0.02726,0.06950067574059271,0.06719188136862869
2013-02-08,0.026667,0.02726,0.06950067574059271,0.06719188136862869
2013-02-13,0.026667,0.02726,0.06950067574059271,0.06719188136862869
2013-02-14,0.02663,0.02726,0.06940098671080008,0.0670986662090705
2013-02-15,0.02663,0.02726,0.06940098671080008,0.0670986662090705
2013-02-18,0.02663,0.02726,0.06940098671080008,0.0670986662090705
2013-02-19,0.026593,0.02726,0.06930130693623338,0.06700545101503184
2013-02-20,0.026667,0.02726,0.06950067574059271,0.06719188136862869
2013-02-21,0.026667,0.02726,0.06950067574059271,0.06719188136862869
2013-02-22,0.026704,0.02726,0.06960037402646702,0.0672850964937065
2013-02-25,0.026852,0.02726,0.06999925974796173,0.06765795664921412
2013-02-26,0.026778,0.027519,0.06979979836988459,0.06747152664042097
2013-02-27,0.026778,0.027594,0.06979979836988459,0.06747152664042097
2013-02-28,0.026778,0.027594,0.06979979836988459,0.06747152664042097
2013-03-01,0.026778,0.027371,0.06979979836988459,0.06747152664042097
2013-03-04,0.026815,0.027297,0.06989952442914005,0.0675647416620577
2013-03-05,0.026815,0.027297,0.06989952442914005,0.0675647416620577
2013-03-06,0.026815,0.027371,0.06989952442914005,0.0675647416620577
2013-03-07,0.026815,0.027297,0.06989952442914005,0.0675647416620577
2013-03-08,0.026815,0.027334,0.06989952442914005,0.0675647416620577
2013-03-11,0.026815,0.027334,0.06989952442914005,0.0675647416620577
2013-03-12,0.026815,0.027371,0.06989952442914005,0.0675647416620577
2013-03-13,0.026815,0.027408,0.06989952442914005,0.0675647416620577
2013-03-14,0.026815,0.027445,0.06989952442914005,0.0675647416620577
2013-03-15,0.026815,0.027445,0.06989952442914005,0.0675647416620577
2013-03-18,0.026815,0.027445,0.06989952442914005,0.0675647416620577
2013-03-19,0.026815,0.027445,0.06989952442914005,0.0675647416620577
2013-03-20,0.026815,0.027445,0.06989952442914005,0.0675647416620577
2013-03-21,0.026815,0.027445,0.06989952442914005,0.0675647416620577
2013-03-22,0.026815,0.027445,0.06989952442914005,0.0675647416620577
2013-03-25,0.026815,0.027445,0.06989952442914005,0.0675647416620577
2013-03-26,0.026815,0.027445,0.06989952442914005,0.0675647416620577
2013-03-27,0.026815,0.027445,0.06989952442914005,0.0675647416620577
2013-03-28,0.026889,0.027445,0.07009900432708593,0.06775117160189026
2013-04-01,0.026926,0.027445,0.07019875816742904,0.06784438652008616
2013-04-02,0.026926,0.027445,0.07019875816742904,0.06784438652008616
2013-04-03,0.026889,0.027445,0.07009900432708593,0.06775117160189026
2013-04-04,0.026889,0.027445,0.07009900432708593,0.06775117160189026
2013-04-05,0.026889,0.027445,0.07009900432708593,0.06775117160189026
2013-04-08,0.026889,0.027445,0.07009900432708593,0.06775117160189026
2013-04-09,0.026889,0.027445,0.07009900432708593,0.06775117160189026
2013-04-10,0.026889,0.027445,0.07009900432708593,0.06775117160189026
2013-04-11,0.026889,0.027445,0.07009900432708593,0.06775117160189026
2013-04-12,0.026889,0.027445,0.07009900432708593,0.06775117160189026
2013-04-15,0.026889,0.027445,0.07009900432708593,0.06775117160189026
2013-04-16,0.026852,0.027445,0.06999925974796173,0.06765795664921412
2013-04-17,0.026852,0.027445,0.06999925974796173,0.06765795664921412
2013-04-18,0.027742,0.02837,0.07240109086675761,0.06990014459918421
2013-04-19,0.027742,0.02837,0.07240109086675761,0.06990014459918421
2013-04-22,0.027742,0.028333,0.07240109086675761,0.06990014459918421
2013-04-23,0.027742,0.028333,0.07240109086675761,0.06990014459918421
2013-04-24,0.027742,0.028333,0.07240109086675761,0.06990014459918421
2013-04-25,0.027742,0.028333,0.07240109086675761,0.06990014459918421
2013-04-26,0.027705,0.028333,0.07230113256112225,0.06980693044141124
2013-04-29,0.027705,0.028333,0.07230113256112225,0.06980693044141124
2013-04-30,0.027705,0.028333,0.07230113256112225,0.06980693044141124
2013-05-02,0.027705,0.028333,0.07230113256112225,0.06980693044141124
2013-05-03,0.027705,0.028333,0.07230113256112225,0.06980693044141124
2013-05-06,0.027742,0.028333,0.07240109086675761,0.06990014459918421
2013-05-07,0.027742,0.028333,0.07240109086675761,0.06990014459918421
2013-05-08,0.027705,0.028333,0.07230113256112225,0.06980693044141124
2013-05-09,0.027742,0.028333,0.07240109086675761,0.06990014459918421
2013-05-10,0.027705,0.028333,0.07230113256112225,0.06980693044141124
2013-05-13,0.027668,0.028333,0.07220118353561267,0.06971371624915858
2013-05-14,0.027668,0.028333,0.07220118353561267,0.06971371624915858
2013-05-15,0.027668,0.028333,0.07220118353561267,0.06971371624915858
2013-05-16,0.027668,0.028333,0.07220118353561267,0.06971371624915858
2013-05-17,0.027668,0.028333,0.07220118353561267,0.06971371624915858
2013-05-20,0.027668,0.028333,0.07220118353561267,0.06971371624915858
2013-05-21,0.027668,0.028333,0.07220118353561267,0.06971371624915858
2013-05-22,0.027668,0.028333,0.07220118353561267,0.06971371624915858
2013-05-23,0.027668,0.028333,0.07220118353561267,0.06971371624915858
2013-05-24,0.027668,0.028333,0.07220118353561267,0.06971371624915858
2013-05-27,0.027668,0.028333,0.07220118353561267,0.06971371624915858
2013-05-28,0.027668,0.028333,0.07220118353561267,0.06971371624915858
2013-05-29,0.027668,0.028333,0.07220118353561267,0.06971371624915858
2013-05-31,0.029514,0.030177,0.07719916478650646,0.07436430659900369
2013-06-03,0.029514,0.030177,0.07719916478650646,0.07436430659900369
2013-06-04,0.029514,0.030177,0.07719916478650646,0.07436430659900369
2013-06-05,0.029514,0.030177,0.07719916478650646,0.07436430659900369
2013-06-06,0.029514,0.030177,0.07719916478650646,0.07436430659900369
2013-06-07,0.029514,0.030177,0.07719916478650646,0.07436430659900369
2013-06-10,0.029514,0.030177,0.07719916478650646,0.07436430659900369
2013-06-11,0.029514,0.030177,0.07719916478650646,0.07436430659900369
2013-06-12,0.029514,0.030177,0.07719916478650646,0.07436430659900369
2013-06-13,0.029514,0.030177,0.07719916478650646,0.07436430659900369
2013-06-14,0.029514,0.030177,0.07719916478650646,0.07436430659900369
2013-06-17,0.029514,0.030177,0.07719916478650646,0.07436430659900369
2013-06-18,0.029514,0.030177,0.07719916478650646,0.07436430659900369
2013-06-19,0.029514,0.030177,0.07719916478650646,0.07436430659900369
2013-06-20,0.029514,0.030177,0.07719916478650646,0.07436430659900369
2013-06-21,0.029514,0.030177,0.07719916478650646,0.07436430659900369
2013-06-24,0.029514,0.030177,0.07719916478650646,0.07436430659900369
2013-06-25,0.029514,0.030177,0.07719916478650646,0.07436430659900369
2013-06-26,0.029514,0.030177,0.07719916478650646,0.07436430659900369
2013-06-27,0.029514,0.030177,0.07719916478650646,0.07436430659900369
2013-06-28,0.029514,0.030177,0.07719916478650646,0.07436430659900369
2013-07-01,0.029514,0.030177,0.07719916478650646,0.07436430659900369
2013-07-02,0.029514,0.030177,0.07719916478650646,0.07436430659900369
2013-07-03,0.029514,0.030177,0.07719916478650646,0.07436430659900369
2013-07-04,0.029514,0.030177,0.07719916478650646,0.07436430659900369
2013-07-05,0.029514,0.030177,0.07719916478650646,0.07436430659900369
2013-07-08,0.029514,0.030177,0.07719916478650646,0.07436430659900369
2013-07-09,0.029514,0.030177,0.07719916478650646,0.07436430659900369
2013-07-10,0.029514,0.030177,0.07719916478650646,0.07436430659900369
2013-07-11,0.031353,0.032012,0.08220126663803273,0.07899717665462584
2013-07-12,0.031353,0.032012,0.08220126663803273,0.07899717665462584
2013-07-15,0.031353,0.032012,0.08220126663803273,0.07899717665462584
2013-07-16,0.031353,0.032012,0.08220126663803273,0.07899717665462584
2013-07-17,0.031353,0.032012,0.08220126663803273,0.07899717665462584
2013-07-18,0.031353,0.032012,0.08220126663803273,0.07899717665462584
2013-07-19,0.031353,0.032012,0.08220126663803273,0.07899717665462584
2013-07-22,0.031353,0.032012,0.08220126663803273,0.07899717665462584
2013-07-23,0.031353,0.032012,0.08220126663803273,0.07899717665462584
2013-07-24,0.031353,0.032012,0.08220126663803273,0.07899717665462584
2013-07-25,0.031353,0.032012,0.08220126663803273,0.07899717665462584
2013-07-26,0.031353,0.032012,0.08220126663803273,0.07899717665462584
2013-07-29,0.031353,0.032012,0.08220126663803273,0.07899717665462584
2013-07-30,0.031353,0.032012,0.08220126663803273,0.07899717665462584
2013-07-31,0.031353,0.032012,0.08220126663803273,0.07899717665462584
2013-08-01,0.031389,0.032012,0.08229941759807358,0.07908786820377994
2013-08-02,0.031389,0.032012,0.08229941759807358,0.07908786820377994
2013-08-05,0.031353,0.032012,0.08220126663803273,0.07899717665462584
2013-08-06,0.031353,0.032012,0.08220126663803273,0.07899717665462584
2013-08-07,0.031353,0.032012,0.08220126663803273,0.07899717665462584
2013-08-08,0.031353,0.032012,0.08220126663803273,0.07899717665462584
2013-08-09,0.031353,0.032012,0.08220126663803273,0.07899717665462584
2013-08-12,0.031353,0.032012,0.08220126663803273,0.07899717665462584
2013-08-13,0.031353,0.032012,0.08220126663803273,0.07899717665462584
2013-08-14,0.031353,0.032012,0.08220126663803273,0.07899717665462584
2013-08-15,0.031353,0.032012,0.08220126663803273,0.07899717665462584
2013-08-16,0.031353,0.032012,0.08220126663803273,0.07899717665462584
2013-08-19,0.031353,0.032012,0.08220126663803273,0.07899717665462584
2013-08-20,0.031353,0.032012,0.08220126663803273,0.07899717665462584
2013-08-21,0.031353,0.032012,0.08220126663803273,0.07899717665462584
2013-08-22,0.031353,0.032012,0.08220126663803273,0.07899717665462584
2013-08-23,0.031353,0.032012,0.08220126663803273,0.07899717665462584
2013-08-26,0.031353,0.032012,0.08220126663803273,0.07899717665462584
2013-08-27,0.031353,0.032012,0.08220126663803273,0.07899717665462584
2013-08-28,0.031353,0.032012,0.08220126663803273,0.07899717665462584
2013-08-29,0.033182,0.033839,0.0871991150682696,0.08360476989960393
2013-08-30,0.033182,0.033839,0.0871991150682696,0.08360476989960393
2013-09-02,0.033182,0.033839,0.0871991150682696,0.08360476989960393
2013-09-03,0.033182,0.033839,0.0871991150682696,0.08360476989960393
2013-09-04,0.033182,0.033839,0.0871991150682696,0.08360476989960393
2013-09-05,0.033182,0.033839,0.0871991150682696,0.08360476989960393
2013-09-06,0.033182,0.033839,0.0871991150682696,0.08360476989960393
2013-09-09,0.033182,0.033839,0.0871991150682696,0.08360476989960393
2013-09-10,0.033182,0.033839,0.0871991150682696,0.08360476989960393
2013-09-11,0.033182,0.033839,0.0871991150682696,0.08360476989960393
2013-09-12,0.033182,0.033839,0.0871991150682696,0.08360476989960393
2013-09-13,0.033182,0.033839,0.0871991150682696,0.08360476989960393
2013-09-16,0.033182,0.033839,0.0871991150682696,0.08360476989960393
2013-09-17,0.033182,0.033839,0.0871991150682696,0.08360476989960393
2013-09-18,0.033182,0.033839,0.0871991150682696,0.08360476989960393
2013-09-19,0.033146,0.033839,0.08710052153437164,0.08351407997601017
2013-09-20,0.033109,0.033839,0.08699919857126592,0.0834208708538621
2013-09-23,0.033109,0.033839,0.08699919857126592,0.0834208708538621
2013-09-24,0.033109,0.033839,0.08699919857126592,0.0834208708538621
2013-09-25,0.033511,0.033839,0.08810056314387227,0.08443357352260453
2013-09-26,0.033182,0.033839,0.0871991150682696,0.08360476989960393
2013-09-27,0.033146,0.033839,0.08710052153437164,0.08351407997601017
2013-09-30,0.033146,0.033839,0.08710052153437164,0.08351407997601017
2013-10-01,0.033146,0.033839,0.08710052153437164,0.08351407997601017
2013-10-02,0.033109,0.033839,0.08699919857126592,0.0834208708538621
2013-10-03,0.033109,0.033839,0.08699919857126592,0.0834208708538621
2013-10-04,0.033584,0.033839,0.08830068139511149,0.08461747182932007
2013-10-07,0.033511,0.033839,0.08810056314387227,0.08443357352260453
2013-10-08,0.033511,0.033839,0.08810056314387227,0.08443357352260453
2013-10-09,0.033657,0.033839,0.088500836305065,0.084801370001835
2013-10-10,0.035512,0.035657,0.09359928636747328,0.08947435387386173
2013-10-11,0.035367,0.035657,0.0931998997012391,0.08910908332391823
2013-10-14,0.035476,0.035657,0.09350011473867603,0.08938366606259346
2013-10-15,0.035476,0.035657,0.09350011473867603,0.08938366606259346
2013-10-16,0.035476,0.035657,0.09350011473867603,0.08938366606259346
2013-10-17,0.035476,0.035657,0.09350011473867603,0.08938366606259346
2013-10-18,0.035367,0.035657,0.0931998997012391,0.08910908332391823
2013-10-21,0.035476,0.035657,0.09350011473867603,0.08938366606259346
2013-10-22,0.035476,0.035657,0.09350011473867603,0.08938366606259346
2013-10-23,0.035367,0.035657,0.0931998997012391,0.08910908332391823
2013-10-24,0.035367,0.035657,0.0931998997012391,0.08910908332391823
2013-10-25,0.035367,0.035657,0.0931998997012391,0.08910908332391823
2013-10-28,0.035367,0.035657,0.0931998997012391,0.08910908332391823
2013-10-29,0.035367,0.035657,0.0931998997012391,0.08910908332391823
2013-10-30,0.035367,0.035657,0.0931998997012391,0.08910908332391823
2013-10-31,0.035367,0.035657,0.0931998997012391,0.08910908332391823
2013-11-01,0.035367,0.035657,0.0931998997012391,0.08910908332391823
2013-11-04,0.035222,0.035657,0.09280065831396245,0.08874381224451929
2013-11-05,0.035222,0.035657,0.09280065831396245,0.08874381224451929
2013-11-06,0.035222,0.035657,0.09280065831396245,0.08874381224451929
2013-11-07,0.035222,0.035657,0.09280065831396245,0.08874381224451929
2013-11-08,0.035222,0.035657,0.09280065831396245,0.08874381224451929
2013-11-11,0.035222,0.035657,0.09280065831396245,0.08874381224451929
2013-11-12,0.035222,0.035657,0.09280065831396245,0.08874381224451929
2013-11-13,0.035222,0.035657,0.09280065831396245,0.08874381224451929
2013-11-14,0.035222,0.035657,0.09280065831396245,0.08874381224451929
2013-11-18,0.035222,0.035657,0.09280065831396245,0.08874381224451929
2013-11-19,0.035222,0.035657,0.09280065831396245,0.08874381224451929
2013-11-20,0.035222,0.035657,0.09280065831396245,0.08874381224451929
2013-11-21,0.035222,0.035657,0.09280065831396245,0.08874381224451929
2013-11-22,0.035222,0.035657,0.09280065831396245,0.08874381224451929
2013-11-25,0.035222,0.035657,0.09280065831396245,0.08874381224451929
2013-11-26,0.035222,0.035657,0.09280065831396245,0.08874381224451929
2013-11-27,0.035222,0.035657,0.09280065831396245,0.08874381224451929
2013-11-28,0.036998,0.037468,0.09770069704699225,0.09321771671773155
2013-11-29,0.036998,0.037468,0.09770069704699225,0.09321771671773155
2013-12-02,0.036998,0.037468,0.09770069704699225,0.09321771671773155
2013-12-03,0.036998,0.037468,0.09770069704699225,0.09321771671773155
2013-12-04,0.036998,0.037468,0.09770069704699225,0.09321771671773155
2013-12-05,0.036998,0.037468,0.09770069704699225,0.09321771671773155
2013-12-06,0.036962,0.037431,0.09760115496570587,0.093127030253586
2013-12-09,0.037287,0.037468,0.09850012465148072,0.09394572631676673
2013-12-10,0.036998,0.037468,0.09770069704699225,0.09321771671773155
2013-12-11,0.036998,0.037468,0.09770069704699225,0.09321771671773155
2013-12-12,0.036998,0.037468,0.09770069704699225,0.09321771671773155
2013-12-13,0.036998,0.037468,0.09770069704699225,0.09321771671773155
2013-12-16,0.037287,0.037468,0.09850012465148072,0.09394572631676673
2013-12-17,0.036998,0.037468,0.09770069704699225,0.09321771671773155
2013-12-18,0.036998,0.037468,0.09770069704699225,0.09321771671773155
2013-12-19,0.036998,0.037468,0.09770069704699225,0.09321771671773155
2013-12-20,0.036998,0.037468,0.09770069704699225,0.09321771671773155
2013-12-23,0.036998,0.037468,0.09770069704699225,0.09321771671773155
2013-12-24,0.036998,0.037468,0.09770069704699225,0.09321771671773155
2013-12-26,0.036998,0.037468,0.09770069704699225,0.09321771671773155
2013-12-27,0.036998,0.037468,0.09770069704699225,0.09321771671773155
2013-12-30,0.036998,0.037468,0.09770069704699225,0.09321771671773155
2013-12-31,0.036998,0.037468,0.09770069704699225,0.09321771671773155
2014-01-02,0.036998,0.037468,0.09770069704699225,0.09321771671773155
2014-01-03,0.036998,0.037468,0.09770069704699225,0.09321771671773155
2014-01-06,0.036998,0.037468,0.09770069704699225,0.09321771671773155
2014-01-07,0.036998,0.037468,0.09770069704699225,0.09321771671773155
2014-01-08,0.036998,0.037468,0.09770069704699225,0.09321771671773155
2014-01-09,0.036998,0.037468,0.09770069704699225,0.09321771671773155
2014-01-10,0.036998,0.037468,0.09770069704699225,0.09321771671773155
2014-01-13,0.036998,0.037468,0.09770069704699225,0.09321771671773155
2014-01-14,0.036998,0.037468,0.09770069704699225,0.09321771671773155
2014-01-15,0.036998,0.037468,0.09770069704699225,0.09321771671773155
2014-01-16,0.038802,0.03927,0.1027003932491104,0.09776207440629078
2014-01-17,0.039054,0.03927,0.10340060183635091,0.09839686729411573
2014-01-20,0.03909,0.03927,0.10350066778011557,0.09848755186184144
2014-01-21,0.03909,0.03927,0.10350066778011557,0.09848755186184144
2014-01-22,0.038802,0.03927,0.1027003932491104,0.09776207440629078
2014-01-23,0.038802,0.03927,0.1027003932491104,0.09776207440629078
2014-01-24,0.038802,0.03927,0.1027003932491104,0.09776207440629078
2014-01-27,0.038802,0.03927,0.1027003932491104,0.09776207440629078
2014-01-28,0.038802,0.03927,0.1027003932491104,0.09776207440629078
2014-01-29,0.038802,0.03927,0.1027003932491104,0.09776207440629078
2014-01-30,0.038802,0.03927,0.1027003932491104,0.09776207440629078
2014-01-31,0.038802,0.03927,0.1027003932491104,0.09776207440629078
2014-02-03,0.038802,0.03927,0.1027003932491104,0.09776207440629078
2014-02-04,0.038874,0.03927,0.10290040767163822,0.09794344396598119
2014-02-05,0.038874,0.03927,0.10290040767163822,0.09794344396598119
2014-02-06,0.038874,0.03927,0.10290040767163822,0.09794344396598119
2014-02-07,0.038874,0.03927,0.10290040767163822,0.09794344396598119
2014-02-10,0.038874,0.03927,0.10290040767163822,0.09794344396598119
2014-02-11,0.038874,0.03927,0.10290040767163822,0.09794344396598119
2014-02-12,0.038874,0.03927,0.10290040767163822,0.09794344396598119
2014-02-13,0.038874,0.03927,0.10290040767163822,0.09794344396598119
2014-02-14,0.038874,0.03927,0.10290040767163822,0.09794344396598119
2014-02-17,0.038874,0.03927,0.10290040767163822,0.09794344396598119
2014-02-18,0.038874,0.03927,0.10290040767163822,0.09794344396598119
2014-02-19,0.038874,0.03927,0.10290040767163822,0.09794344396598119
2014-02-20,0.038874,0.03927,0.10290040767163822,0.09794344396598119
2014-02-21,0.038874,0.03927,0.10290040767163822,0.09794344396598119
2014-02-24,0.038874,0.03927,0.10290040767163822,0.09794344396598119
2014-02-25,0.038874,0.03927,0.10290040767163822,0.09794344396598119
2014-02-26,0.03909,0.03927,0.10350066778011557,0.09848755186184144
2014-02-27,0.039952,0.040168,0.10589939243071034,0.10065893371003465
2014-02-28,0.039952,0.040168,0.10589939243071034,0.10065893371003465
2014-03-05,0.039809,0.040168,0.10550110113465716,0.10029871736611362
2014-03-06,0.039809,0.040168,0.10550110113465716,0.10029871736611362
2014-03-07,0.039809,0.040168,0.10550110113465716,0.10029871736611362
2014-03-10,0.039809,0.040168,0.10550110113465716,0.10029871736611362
2014-03-11,0.039809,0.040168,0.10550110113465716,0.10029871736611362
2014-03-12,0.039809,0.040168,0.10550110113465716,0.10029871736611362
2014-03-13,0.039809,0.040168,0.10550110113465716,0.10029871736611362
2014-03-14,0.039809,0.040168,0.10550110113465716,0.10029871736611362
2014-03-17,0.039809,0.040168,0.10550110113465716,0.10029871736611362
2014-03-18,0.039809,0.040168,0.10550110113465716,0.10029871736611362
2014-03-19,0.039952,0.040168,0.10589939243071034,0.10065893371003465
2014-03-20,0.039952,0.040168,0.10589939243071034,0.10065893371003465
2014-03-21,0.039952,0.040168,0.10589939243071034,0.10065893371003465
2014-03-24,0.039952,0.040168,0.10589939243071034,0.10065893371003465
2014-03-25,0.039952,0.040168,0.10589939243071034,0.10065893371003465
2014-03-26,0.039952,0.040168,0.10589939243071034,0.10065893371003465
2014-03-27,0.039809,0.040168,0.10550110113465716,0.10029871736611362
2014-03-28,0.039809,0.040168,0.10550110113465716,0.10029871736611362
2014-03-31,0.039809,0.040168,0.10550110113465716,0.10029871736611362
2014-04-01,0.039809,0.040168,0.10550110113465716,0.10029871736611362
2014-04-02,0.039809,0.040168,0.10550110113465716,0.10029871736611362
2014-04-03,0.040705,0.041063,0.10799904760344248,0.10255572876105147
2014-04-04,0.040705,0.041063,0.10799904760344248,0.10255572876105147
2014-04-07,0.040705,0.041063,0.10799904760344248,0.10255572876105147
2014-04-08,0.040705,0.041063,0.10799904760344248,0.10255572876105147
2014-04-09,0.040705,0.041063,0.10799904760344248,0.10255572876105147
2014-04-10,0.040705,0.041063,0.10799904760344248,0.10255572876105147
2014-04-11,0.040705,0.041063,0.10799904760344248,0.10255572876105147
2014-04-14,0.040705,0.041063,0.10799904760344248,0.10255572876105147
2014-04-15,0.040705,0.041063,0.10799904760344248,0.10255572876105147
2014-04-16,0.040705,0.041063,0.10799904760344248,0.10255572876105147
2014-04-17,0.040705,0.041063,0.10799904760344248,0.10255572876105147
2014-04-22,0.040705,0.041063,0.10799904760344248,0.10255572876105147
2014-04-23,0.040705,0.041063,0.10799904760344248,0.10255572876105147
2014-04-24,0.040705,0.041063,0.10799904760344248,0.10255572876105147
2014-04-25,0.040705,0.041063,0.10799904760344248,0.10255572876105147
2014-04-28,0.040705,0.041063,0.10799904760344248,0.10255572876105147
2014-04-29,0.040705,0.041063,0.10799904760344248,0.10255572876105147
2014-04-30,0.040705,0.041063,0.10799904760344248,0.10255572876105147
2014-05-02,0.040705,0.041063,0.10799904760344248,0.10255572876105147
2014-05-05,0.040705,0.041063,0.10799904760344248,0.10255572876105147
2014-05-06,0.040705,0.041063,0.10799904760344248,0.10255572876105147
2014-05-07,0.040705,0.041063,0.10799904760344248,0.10255572876105147
2014-05-08,0.040705,0.041063,0.10799904760344248,0.10255572876105147
2014-05-09,0.040705,0.041063,0.10799904760344248,0.10255572876105147
2014-05-12,0.040705,0.041063,0.10799904760344248,0.10255572876105147
2014-05-13,0.040705,0.041063,0.10799904760344248,0.10255572876105147
2014-05-14,0.040705,0.041063,0.10799904760344248,0.10255572876105147
2014-05-15,0.040705,0.041063,0.10799904760344248,0.10255572876105147
2014-05-16,0.040705,0.041063,0.10799904760344248,0.10255572876105147
2014-05-19,0.040705,0.041063,0.10799904760344248,0.10255572876105147
2014-05-20,0.040705,0.041063,0.10799904760344248,0.10255572876105147
2014-05-21,0.040705,0.041063,0.10799904760344248,0.10255572876105147
2014-05-22,0.040705,0.041063,0.10799904760344248,0.10255572876105147
2014-05-23,0.040705,0.041063,0.10799904760344248,0.10255572876105147
2014-05-26,0.040705,0.041063,0.10799904760344248,0.10255572876105147
2014-05-27,0.040705,0.041063,0.10799904760344248,0.10255572876105147
2014-05-28,0.040705,0.041063,0.10799904760344248,0.10255572876105147
2014-05-29,0.040705,0.041063,0.10799904760344248,0.10255572876105147
2014-05-30,0.040705,0.041063,0.10799904760344248,0.10255572876105147
2014-06-02,0.040705,0.041063,0.10799904760344248,0.10255572876105147
2014-06-03,0.040705,0.041063,0.10799904760344248,0.10255572876105147
2014-06-04,0.040705,0.041063,0.10799904760344248,0.10255572876105147
2014-06-05,0.040705,0.041063,0.10799904760344248,0.10255572876105147
2014-06-06,0.040705,0.041063,0.10799904760344248,0.10255572876105147
2014-06-09,0.040849,0.041063,0.10840102731339618,0.10291846084978772
2014-06-10,0.040705,0.041063,0.10799904760344248,0.10255572876105147
2014-06-11,0.040705,0.041063,0.10799904760344248,0.10255572876105147
2014-06-12,0.040705,0.041063,0.10799904760344248,0.10255572876105147
2014-06-13,0.040705,0.041063,0.10799904760344248,0.10255572876105147
2014-06-16,0.040705,0.041063,0.10799904760344248,0.10255572876105147
2014-06-17,0.040705,0.041063,0.10799904760344248,0.10255572876105147
2014-06-18,0.040705,0.041063,0.10799904760344248,0.10255572876105147
2014-06-20,0.040705,0.041063,0.10799904760344248,0.10255572876105147
2014-06-23,0.040705,0.041063,0.10799904760344248,0.10255572876105147
2014-06-24,0.040705,0.041063,0.10799904760344248,0.10255572876105147
2014-06-25,0.040705,0.041063,0.10799904760344248,0.10255572876105147
2014-06-26,0.040705,0.041063,0.10799904760344248,0.10255572876105147
2014-06-27,0.040705,0.041063,0.10799904760344248,0.10255572876105147
2014-06-30,0.040705,0.041063,0.10799904760344248,0.10255572876105147
2014-07-01,0.040705,0.041063,0.10799904760344248,0.10255572876105147
2014-07-02,0.040705,0.041063,0.10799904760344248,0.10255572876105147
2014-07-03,0.040705,0.041063,0.10799904760344248,0.10255572876105147
2014-07-04,0.040705,0.041063,0.10799904760344248,0.10255572876105147
2014-07-07,0.040705,0.041063,0.10799904760344248,0.10255572876105147
2014-07-08,0.040705,0.041063,0.10799904760344248,0.10255572876105147
2014-07-09,0.040705,0.041063,0.10799904760344248,0.10255572876105147
2014-07-10,0.040705,0.041063,0.10799904760344248,0.10255572876105147
2014-07-11,0.040705,0.041063,0.10799904760344248,0.10255572876105147
2014-07-14,0.040705,0.041063,0.10799904760344248,0.10255572876105147
2014-07-15,0.040705,0.041063,0.10799904760344248,0.10255572876105147
2014-07-16,0.040705,0.041063,0.10799904760344248,0.10255572876105147
2014-07-17,0.040705,0.041063,0.10799904760344248,0.10255572876105147
2014-07-18,0.040705,0.041063,0.10799904760344248,0.10255572876105147
2014-07-21,0.040705,0.041063,0.10799904760344248,0.10255572876105147
2014-07-22,0.040705,0.041063,0.10799904760344248,0.10255572876105147
2014-07-23,0.040705,0.041063,0.10799904760344248,0.10255572876105147
2014-07-24,0.040705,0.041063,0.10799904760344248,0.10255572876105147
2014-07-25,0.040705,0.041063,0.10799904760344248,0.10255572876105147
2014-07-28,0.040705,0.041063,0.10799904760344248,0.10255572876105147
2014-07-29,0.040705,0.041063,0.10799904760344248,0.10255572876105147
2014-07-30,0.040705,0.041063,0.10799904760344248,0.10255572876105147
2014-07-31,0.040705,0.041063,0.10799904760344248,0.10255572876105147
2014-08-01,0.040705,0.041063,0.10799904760344248,0.10255572876105147
2014-08-04,0.040741,0.041063,0.10809952891580865,0.10264641183218441
2014-08-05,0.040741,0.041063,0.10809952891580865,0.10264641183218441
2014-08-06,0.040741,0.041063,0.10809952891580865,0.10264641183218441
2014-08-07,0.040741,0.041063,0.10809952891580865,0.10264641183218441
2014-08-08,0.040741,0.041063,0.10809952891580865,0.10264641183218441
2014-08-11,0.040741,0.041063,0.10809952891580865,0.10264641183218441
2014-08-12,0.040741,0.041063,0.10809952891580865,0.10264641183218441
2014-08-13,0.040741,0.041063,0.10809952891580865,0.10264641183218441
2014-08-14,0.040741,0.041063,0.10809952891580865,0.10264641183218441
2014-08-15,0.040777,0.041099,0.10820001930437861,0.10273709487068475
2014-08-18,0.040741,0.041063,0.10809952891580865,0.10264641183218441
2014-08-19,0.040741,0.041063,0.10809952891580865,0.10264641183218441
2014-08-20,0.040849,0.041099,0.10840102731339618,0.10291846084978772
2014-08-21,0.040777,0.041099,0.10820001930437861,0.10273709487068475
2014-08-22,0.040741,0.041063,0.10809952891580865,0.10264641183218441
2014-08-25,0.040849,0.041063,0.10840102731339618,0.10291846084978772
2014-08-26,0.040849,0.041063,0.10840102731339618,0.10291846084978772
2014-08-27,0.040741,0.041063,0.10809952891580865,0.10264641183218441
2014-08-28,0.040849,0.041063,0.10840102731339618,0.10291846084978772
2014-08-29,0.040741,0.041063,0.10809952891580865,0.10264641183218441
2014-09-01,0.040741,0.041063,0.10809952891580865,0.10264641183218441
2014-09-02,0.040741,0.041063,0.10809952891580865,0.10264641183218441
2014-09-03,0.040741,0.041063,0.10809952891580865,0.10264641183218441
2014-09-04,0.040741,0.041063,0.10809952891580865,0.10264641183218441
2014-09-05,0.040741,0.041063,0.10809952891580865,0.10264641183218441
2014-09-08,0.040741,0.041063,0.10809952891580865,0.10264641183218441
2014-09-09,0.040741,0.041063,0.10809952891580865,0.10264641183218441
2014-09-10,0.040849,0.041063,0.10840102731339618,0.10291846084978772
2014-09-11,0.040741,0.041063,0.10809952891580865,0.10264641183218441
2014-09-12,0.040741,0.041063,0.10809952891580865,0.10264641183218441
2014-09-15,0.040741,0.041063,0.10809952891580865,0.10264641183218441
2014-09-16,0.040741,0.041063,0.10809952891580865,0.10264641183218441
2014-09-17,0.040741,0.041063,0.10809952891580865,0.10264641183218441
2014-09-18,0.040741,0.041063,0.10809952891580865,0.10264641183218441
2014-09-19,0.040741,0.041063,0.10809952891580865,0.10264641183218441
2014-09-22,0.040741,0.041063,0.10809952891580865,0.10264641183218441
2014-09-23,0.040849,0.041063,0.10840102731339618,0.10291846084978772
2014-09-24,0.040849,0.041063,0.10840102731339618,0.10291846084978772
2014-09-25,0.040849,0.041063,0.10840102731339618,0.10291846084978772
2014-09-26,0.040741,0.041063,0.10809952891580865,0.10264641183218441
2014-09-29,0.040741,0.041063,0.10809952891580865,0.10264641183218441
2014-09-30,0.040741,0.041063,0.10809952891580865,0.10264641183218441
2014-10-01,0.040741,0.041063,0.10809952891580865,0.10264641183218441
2014-10-02,0.040741,0.041063,0.10809952891580865,0.10264641183218441
2014-10-03,0.040741,0.041063,0.10809952891580865,0.10264641183218441
2014-10-06,0.040741,0.041063,0.10809952891580865,0.10264641183218441
2014-10-07,0.040849,0.041063,0.10840102731339618,0.10291846084978772
2014-10-08,0.040849,0.041063,0.10840102731339618,0.10291846084978772
2014-10-09,0.040849,0.041063,0.10840102731339618,0.10291846084978772
2014-10-10,0.040849,0.041063,0.10840102731339618,0.10291846084978772
2014-10-13,0.040741,0.041063,0.10809952891580865,0.10264641183218441
2014-10-14,0.040849,0.041063,0.10840102731339618,0.10291846084978772
2014-10-15,0.040741,0.041063,0.10809952891580865,0.10264641183218441
2014-10-16,0.040849,0.041063,0.10840102731339618,0.10291846084978772
2014-10-17,0.040849,0.041063,0.10840102731339618,0.10291846084978772
2014-10-20,0.040849,0.041063,0.10840102731339618,0.10291846084978772
2014-10-21,0.040849,0.041063,0.10840102731339618,0.10291846084978772
2014-10-22,0.040849,0.041063,0.10840102731339618,0.10291846084978772
2014-10-23,0.040849,0.041063,0.10840102731339618,0.10291846084978772
2014-10-24,0.040849,0.041063,0.10840102731339618,0.10291846084978772
2014-10-27,0.040849,0.041063,0.10840102731339618,0.10291846084978772
2014-10-28,0.040849,0.041063,0.10840102731339618,0.10291846084978772
2014-10-29,0.040849,0.041063,0.10840102731339618,0.10291846084978772
2014-10-30,0.041743,0.041957,0.11089990366160296,0.10517041088451635
2014-10-31,0.041636,0.041957,0.11060052578467583,0.10490088324923984
2014-11-03,0.041636,0.041957,0.11060052578467583,0.10490088324923984
2014-11-04,0.041636,0.041957,0.11060052578467583,0.10490088324923984
2014-11-05,0.041743,0.041957,0.11089990366160296,0.10517041088451635
2014-11-06,0.041743,0.041957,0.11089990366160296,0.10517041088451635
2014-11-07,0.041743,0.041957,0.11089990366160296,0.10517041088451635
2014-11-10,0.041743,0.041957,0.11089990366160296,0.10517041088451635
2014-11-11,0.041743,0.041957,0.11089990366160296,0.10517041088451635
2014-11-12,0.041743,0.041957,0.11089990366160296,0.10517041088451635
2014-11-13,0.041743,0.041957,0.11089990366160296,0.10517041088451635
2014-11-14,0.041743,0.041957,0.11089990366160296,0.10517041088451635
2014-11-17,0.041743,0.041957,0.11089990366160296,0.10517041088451635
2014-11-18,0.041743,0.041957,0.11089990366160296,0.10517041088451635
2014-11-19,0.041743,0.041957,0.11089990366160296,0.10517041088451635
2014-11-20,0.041743,0.041957,0.11089990366160296,0.10517041088451635
2014-11-21,0.041743,0.041957,0.11089990366160296,0.10517041088451635
2014-11-24,0.041743,0.041957,0.11089990366160296,0.10517041088451635
2014-11-25,0.041743,0.041957,0.11089990366160296,0.10517041088451635
2014-11-26,0.041743,0.041957,0.11089990366160296,0.10517041088451635
2014-11-27,0.041743,0.041957,0.11089990366160296,0.10517041088451635
2014-11-28,0.041636,0.041957,0.11060052578467583,0.10490088324923984
2014-12-01,0.041636,0.041957,0.11060052578467583,0.10490088324923984
2014-12-02,0.041636,0.041957,0.11060052578467583,0.10490088324923984
2014-12-03,0.041743,0.041957,0.11089990366160296,0.10517041088451635
2014-12-04,0.043526,0.043739,0.11590044843027947,0.10966165606470896
2014-12-05,0.043526,0.043739,0.11590044843027947,0.10966165606470896
2014-12-08,0.043526,0.043739,0.11590044843027947,0.10966165606470896
2014-12-09,0.043455,0.043739,0.11570089616083123,0.1094828138440849
2014-12-10,0.043455,0.043739,0.11570089616083123,0.1094828138440849
2014-12-11,0.043526,0.043739,0.11590044843027947,0.10966165606470896
2014-12-12,0.043526,0.043739,0.11590044843027947,0.10966165606470896
2014-12-15,0.043526,0.043739,0.11590044843027947,0.10966165606470896
2014-12-16,0.043526,0.043739,0.11590044843027947,0.10966165606470896
2014-12-17,0.043526,0.043739,0.11590044843027947,0.10966165606470896
2014-12-18,0.043526,0.043739,0.11590044843027947,0.10966165606470896
2014-12-19,0.043526,0.043739,0.11590044843027947,0.10966165606470896
2014-12-22,0.043526,0.043739,0.11590044843027947,0.10966165606470896
2014-12-23,0.043455,0.043739,0.11570089616083123,0.1094828138440849
2014-12-24,0.043455,0.043739,0.11570089616083123,0.1094828138440849
2014-12-26,0.043455,0.043739,0.11570089616083123,0.1094828138440849
2014-12-29,0.043526,0.043739,0.11590044843027947,0.10966165606470896
2014-12-30,0.043455,0.043739,0.11570089616083123,0.1094828138440849
2014-12-31,0.043455,0.043739,0.11570089616083123,0.1094828138440849
2015-01-02,0.043455,0.043739,0.11570089616083123,0.1094828138440849
2015-01-05,0.043455,0.043739,0.11570089616083123,0.1094828138440849
2015-01-06,0.043455,0.043739,0.11570089616083123,0.1094828138440849
2015-01-07,0.043455,0.043739,0.11570089616083123,0.1094828138440849
2015-01-08,0.043455,0.043739,0.11570089616083123,0.1094828138440849
2015-01-09,0.043455,0.043739,0.11570089616083123,0.1094828138440849
2015-01-12,0.043455,0.043739,0.11570089616083123,0.1094828138440849
2015-01-13,0.043455,0.043739,0.11570089616083123,0.1094828138440849
2015-01-14,0.043455,0.043739,0.11570089616083123,0.1094828138440849
2015-01-15,0.043455,0.043739,0.11570089616083123,0.1094828138440849
2015-01-16,0.043455,0.043739,0.11570089616083123,0.1094828138440849
2015-01-19,0.043455,0.043739,0.11570089616083123,0.1094828138440849
2015-01-20,0.043455,0.043739,0.11570089616083123,0.1094828138440849
2015-01-21,0.043455,0.043739,0.11570089616083123,0.1094828138440849
2015-01-22,0.045301,0.045513,0.12090082530326596,0.11413267033090516
2015-01-23,0.045265,0.045513,0.12079918781523524,0.11404199139304859
2015-01-26,0.045265,0.045513,0.12079918781523524,0.11404199139304859
2015-01-27,0.045265,0.045513,0.12079918781523524,0.11404199139304859
2015-01-28,0.045265,0.045513,0.12079918781523524,0.11404199139304859
2015-01-29,0.045265,0.045513,0.12079918781523524,0.11404199139304859
2015-01-30,0.045265,0.045513,0.12079918781523524,0.11404199139304859
2015-02-02,0.045265,0.045513,0.12079918781523524,0.11404199139304859
2015-02-03,0.045301,0.045513,0.12090082530326596,0.11413267033090516
2015-02-04,0.045301,0.045513,0.12090082530326596,0.11413267033090516
2015-02-05,0.045301,0.045513,0.12090082530326596,0.11413267033090516
2015-02-06,0.045301,0.045513,0.12090082530326596,0.11413267033090516
2015-02-09,0.045301,0.045513,0.12090082530326596,0.11413267033090516
2015-02-10,0.045301,0.045513,0.12090082530326596,0.11413267033090516
2015-02-11,0.045301,0.045513,0.12090082530326596,0.11413267033090516
2015-02-12,0.045301,0.045513,0.12090082530326596,0.11413267033090516
2015-02-13,0.045301,0.045513,0.12090082530326596,0.11413267033090516
2015-02-18,0.045301,0.045513,0.12090082530326596,0.11413267033090516
2015-02-19,0.045301,0.045513,0.12090082530326596,0.11413267033090516
2015-02-20,0.045301,0.045513,0.12090082530326596,0.11413267033090516
2015-02-23,0.045301,0.045513,0.12090082530326596,0.11413267033090516
2015-02-24,0.045301,0.045513,0.12090082530326596,0.11413267033090516
2015-02-25,0.045301,0.045513,0.12090082530326596,0.11413267033090516
2015-02-26,0.045301,0.045513,0.12090082530326596,0.11413267033090516
2015-02-27,0.045301,0.045513,0.12090082530326596,0.11413267033090516
2015-03-02,0.045301,0.045513,0.12090082530326596,0.11413267033090516
2015-03-03,0.045301,0.045513,0.12090082530326596,0.11413267033090516
2015-03-04,0.045301,0.045513,0.12090082530326596,0.11413267033090516
2015-03-05,0.047103,0.047279,0.1260000940560273,0.11867161324862108
2015-03-06,0.047103,0.047279,0.1260000940560273,0.11867161324862108
2015-03-09,0.047103,0.047279,0.1260000940560273,0.11867161324862108
2015-03-10,0.047103,0.047279,0.1260000940560273,0.11867161324862108
2015-03-11,0.047103,0.047279,0.1260000940560273,0.11867161324862108
2015-03-12,0.047103,0.047279,0.1260000940560273,0.11867161324862108
2015-03-13,0.047103,0.047279,0.1260000940560273,0.11867161324862108
2015-03-16,0.047103,0.047279,0.1260000940560273,0.11867161324862108
2015-03-17,0.047103,0.047279,0.1260000940560273,0.11867161324862108
2015-03-18,0.047103,0.047279,0.1260000940560273,0.11867161324862108
2015-03-19,0.047103,0.047279,0.1260000940560273,0.11867161324862108
2015-03-20,0.047103,0.047279,0.1260000940560273,0.11867161324862108
2015-03-23,0.047138,0.047279,0.12609936486522622,0.11875977170791427
2015-03-24,0.047138,0.047279,0.12609936486522622,0.11875977170791427
2015-03-25,0.047138,0.047279,0.12609936486522622,0.11875977170791427
2015-03-26,0.047138,0.047279,0.12609936486522622,0.11875977170791427
2015-03-27,0.047138,0.047279,0.12609936486522622,0.11875977170791427
2015-03-30,0.047103,0.047279,0.1260000940560273,0.11867161324862108
2015-03-31,0.047103,0.047279,0.1260000940560273,0.11867161324862108
2015-04-01,0.047103,0.047279,0.1260000940560273,0.11867161324862108
2015-04-02,0.047103,0.047279,0.1260000940560273,0.11867161324862108
2015-04-06,0.047103,0.047279,0.1260000940560273,0.11867161324862108
2015-04-07,0.047103,0.047279,0.1260000940560273,0.11867161324862108
2015-04-08,0.047103,0.047279,0.1260000940560273,0.11867161324862108
2015-04-09,0.047103,0.047279,0.1260000940560273,0.11867161324862108
2015-04-10,0.047103,0.047279,0.1260000940560273,0.11867161324862108
2015-04-13,0.047103,0.047279,0.1260000940560273,0.11867161324862108
2015-04-14,0.047103,0.047279,0.1260000940560273,0.11867161324862108
2015-04-15,0.047103,0.047279,0.1260000940560273,0.11867161324862108
2015-04-16,0.047103,0.047279,0.1260000940560273,0.11867161324862108
2015-04-17,0.047103,0.047279,0.1260000940560273,0.11867161324862108
2015-04-20,0.047103,0.047279,0.1260000940560273,0.11867161324862108
2015-04-22,0.047103,0.047279,0.1260000940560273,0.11867161324862108
2015-04-23,0.047103,0.047279,0.1260000940560273,0.11867161324862108
2015-04-24,0.047103,0.047279,0.1260000940560273,0.11867161324862108
2015-04-27,0.047138,0.047314,0.12609936486522622,0.11875977170791427
2015-04-28,0.047173,0.04735,0.12619864439157658,0.11884793013636655
2015-04-29,0.047173,0.04735,0.12619864439157658,0.11884793013636655
2015-04-30,0.048897,0.049037,0.13109967617995566,0.12319032426745317
2015-05-04,0.048897,0.049037,0.13109967617995566,0.12319032426745317
2015-05-05,0.048967,0.049037,0.13129912216059836,0.1233666379936207
2015-05-06,0.048967,0.049037,0.13129912216059836,0.1233666379936207
2015-05-07,0.048967,0.049037,0.13129912216059836,0.1233666379936207
2015-05-08,0.048967,0.049037,0.13129912216059836,0.1233666379936207
2015-05-11,0.048967,0.049037,0.13129912216059836,0.1233666379936207
2015-05-12,0.048967,0.049037,0.13129912216059836,0.1233666379936207
2015-05-13,0.048967,0.049037,0.13129912216059836,0.1233666379936207
2015-05-14,0.048967,0.049037,0.13129912216059836,0.1233666379936207
2015-05-15,0.048967,0.049037,0.13129912216059836,0.1233666379936207
2015-05-18,0.048967,0.049037,0.13129912216059836,0.1233666379936207
2015-05-19,0.048967,0.049037,0.13129912216059836,0.1233666379936207
2015-05-20,0.048967,0.049037,0.13129912216059836,0.1233666379936207
2015-05-21,0.048967,0.049037,0.13129912216059836,0.1233666379936207
2015-05-22,0.048967,0.049037,0.13129912216059836,0.1233666379936207
2015-05-25,0.048967,0.049037,0.13129912216059836,0.1233666379936207
2015-05-26,0.048967,0.049037,0.13129912216059836,0.1233666379936207
2015-05-27,0.048967,0.049037,0.13129912216059836,0.1233666379936207
2015-05-28,0.048967,0.049037,0.13129912216059836,0.1233666379936207
2015-05-29,0.048967,0.049037,0.13129912216059836,0.1233666379936207
2015-06-01,0.048967,0.049037,0.13129912216059836,0.1233666379936207
2015-06-02,0.048967,0.049037,0.13129912216059836,0.1233666379936207
2015-06-03,0.048967,0.049037,0.13129912216059836,0.1233666379936207
2015-06-05,0.050753,0.050788,0.13639970914432453,0.12786511505307835
2015-06-08,0.050753,0.050788,0.13639970914432453,0.12786511505307835
2015-06-09,0.050753,0.050788,0.13639970914432453,0.12786511505307835
2015-06-10,0.050753,0.050788,0.13639970914432453,0.12786511505307835
2015-06-11,0.050753,0.050788,0.13639970914432453,0.12786511505307835
2015-06-12,0.050753,0.050788,0.13639970914432453,0.12786511505307835
2015-06-15,0.050753,0.050788,0.13639970914432453,0.12786511505307835
2015-06-16,0.050753,0.050788,0.13639970914432453,0.12786511505307835
2015-06-17,0.050753,0.050788,0.13639970914432453,0.12786511505307835
2015-06-18,0.050753,0.050788,0.13639970914432453,0.12786511505307835
2015-06-19,0.050753,0.050788,0.13639970914432453,0.12786511505307835
2015-06-22,0.050753,0.050788,0.13639970914432453,0.12786511505307835
2015-06-23,0.050753,0.050788,0.13639970914432453,0.12786511505307835
2015-06-24,0.050753,0.050788,0.13639970914432453,0.12786511505307835
2015-06-25,0.050753,0.050788,0.13639970914432453,0.12786511505307835
2015-06-26,0.050753,0.050788,0.13639970914432453,0.12786511505307835
2015-06-29,0.050753,0.050788,0.13639970914432453,0.12786511505307835
2015-06-30,0.050753,0.050788,0.13639970914432453,0.12786511505307835
2015-07-01,0.050753,0.050788,0.13639970914432453,0.12786511505307835
2015-07-02,0.050753,0.050788,0.13639970914432453,0.12786511505307835
2015-07-03,0.050753,0.050788,0.13639970914432453,0.12786511505307835
2015-07-06,0.050753,0.050788,0.13639970914432453,0.12786511505307835
2015-07-07,0.050753,0.050788,0.13639970914432453,0.12786511505307835
2015-07-08,0.050753,0.050788,0.13639970914432453,0.12786511505307835
2015-07-09,0.050753,0.050788,0.13639970914432453,0.12786511505307835
2015-07-10,0.050753,0.050788,0.13639970914432453,0.12786511505307835
2015-07-13,0.050753,0.050788,0.13639970914432453,0.12786511505307835
2015-07-14,0.050753,0.050788,0.13639970914432453,0.12786511505307835
2015-07-15,0.050753,0.050788,0.13639970914432453,0.12786511505307835
2015-07-16,0.050753,0.050788,0.13639970914432453,0.12786511505307835
2015-07-17,0.050753,0.050788,0.13639970914432453,0.12786511505307835
2015-07-20,0.050753,0.050788,0.13639970914432453,0.12786511505307835
2015-07-21,0.050753,0.050788,0.13639970914432453,0.12786511505307835
2015-07-22,0.050753,0.050788,0.13639970914432453,0.12786511505307835
2015-07-23,0.050753,0.050788,0.13639970914432453,0.12786511505307835
2015-07-24,0.050753,0.050788,0.13639970914432453,0.12786511505307835
2015-07-27,0.050753,0.050788,0.13639970914432453,0.12786511505307835
2015-07-28,0.050753,0.050788,0.13639970914432453,0.12786511505307835
2015-07-29,0.050753,0.050788,0.13639970914432453,0.12786511505307835
2015-07-30,0.052461,0.052531,0.1412989629852197,0.13216705495105974
2015-07-31,0.052461,0.052531,0.1412989629852197,0.13216705495105974
2015-08-03,0.052461,0.052531,0.1412989629852197,0.13216705495105974
2015-08-04,0.052461,0.052531,0.1412989629852197,0.13216705495105974
2015-08-05,0.052461,0.052531,0.1412989629852197,0.13216705495105974
2015-08-06,0.052461,0.052531,0.1412989629852197,0.13216705495105974
2015-08-07,0.052461,0.052531,0.1412989629852197,0.13216705495105974
2015-08-10,0.052461,0.052531,0.1412989629852197,0.13216705495105974
2015-08-11,0.052461,0.052531,0.1412989629852197,0.13216705495105974
2015-08-12,0.052461,0.052531,0.1412989629852197,0.13216705495105974
2015-08-13,0.052461,0.052531,0.1412989629852197,0.13216705495105974
2015-08-14,0.052461,0.052531,0.1412989629852197,0.13216705495105974
2015-08-17,0.052461,0.052531,0.1412989629852197,0.13216705495105974
2015-08-18,0.052461,0.052531,0.1412989629852197,0.13216705495105974
2015-08-19,0.052461,0.052531,0.1412989629852197,0.13216705495105974
2015-08-20,0.052461,0.052531,0.1412989629852197,0.13216705495105974
2015-08-21,0.052461,0.052531,0.1412989629852197,0.13216705495105974
2015-08-24,0.052461,0.052531,0.1412989629852197,0.13216705495105974
2015-08-25,0.052461,0.052531,0.1412989629852197,0.13216705495105974
2015-08-26,0.052461,0.052531,0.1412989629852197,0.13216705495105974
2015-08-27,0.052461,0.052531,0.1412989629852197,0.13216705495105974
2015-08-28,0.052461,0.052531,0.1412989629852197,0.13216705495105974
2015-08-31,0.052461,0.052531,0.1412989629852197,0.13216705495105974
2015-09-01,0.052461,0.052531,0.1412989629852197,0.13216705495105974
2015-09-02,0.052461,0.052531,0.1412989629852197,0.13216705495105974
2015-09-03,0.052461,0.052531,0.1412989629852197,0.13216705495105974
2015-09-04,0.052461,0.052531,0.1412989629852197,0.13216705495105974
2015-09-08,0.052461,0.052531,0.1412989629852197,0.13216705495105974
2015-09-09,0.052461,0.052531,0.1412989629852197,0.13216705495105974
2015-09-10,0.052461,0.052531,0.1412989629852197,0.13216705495105974
2015-09-11,0.052461,0.052531,0.1412989629852197,0.13216705495105974
2015-09-14,0.052461,0.052531,0.1412989629852197,0.13216705495105974
2015-09-15,0.052461,0.052531,0.1412989629852197,0.13216705495105974
2015-09-16,0.052461,0.052531,0.1412989629852197,0.13216705495105974
2015-09-17,0.052461,0.052531,0.1412989629852197,0.13216705495105974
2015-09-18,0.052461,0.052531,0.1412989629852197,0.13216705495105974
2015-09-21,0.052461,0.052531,0.1412989629852197,0.13216705495105974
2015-09-22,0.052461,0.052531,0.1412989629852197,0.13216705495105974
2015-09-23,0.052461,0.052531,0.1412989629852197,0.13216705495105974
2015-09-24,0.052461,0.052531,0.1412989629852197,0.13216705495105974
2015-09-25,0.052461,0.052531,0.1412989629852197,0.13216705495105974
2015-09-28,0.052461,0.052531,0.1412989629852197,0.13216705495105974
2015-09-29,0.052461,0.052531,0.1412989629852197,0.13216705495105974
2015-09-30,0.052461,0.052531,0.1412989629852197,0.13216705495105974
2015-10-01,0.052461,0.052531,0.1412989629852197,0.13216705495105974
2015-10-02,0.052461,0.052531,0.1412989629852197,0.13216705495105974
2015-10-05,0.052461,0.052531,0.1412989629852197,0.13216705495105974
2015-10-06,0.052461,0.052531,0.1412989629852197,0.13216705495105974
2015-10-07,0.052461,0.052531,0.1412989629852197,0.13216705495105974
2015-10-08,0.052461,0.052531,0.1412989629852197,0.13216705495105974
2015-10-09,0.052461,0.052531,0.1412989629852197,0.13216705495105974
2015-10-13,0.052461,0.052531,0.1412989629852197,0.13216705495105974
2015-10-14,0.052461,0.052531,0.1412989629852197,0.13216705495105974
2015-10-15,0.052461,0.052531,0.1412989629852197,0.13216705495105974
2015-10-16,0.052461,0.052531,0.1412989629852197,0.13216705495105974
2015-10-19,0.052461,0.052531,0.1412989629852197,0.13216705495105974
2015-10-20,0.052461,0.052531,0.1412989629852197,0.13216705495105974
2015-10-21,0.052461,0.052531,0.1412989629852197,0.13216705495105974
2015-10-22,0.052496,0.052531,0.14139957718991392,0.13225520868930024
2015-10-23,0.052496,0.052531,0.14139957718991392,0.13225520868930024
2015-10-26,0.052496,0.052531,0.14139957718991392,0.13225520868930024
2015-10-27,0.052496,0.052531,0.14139957718991392,0.13225520868930024
2015-10-28,0.052496,0.052531,0.14139957718991392,0.13225520868930024
2015-10-29,0.052496,0.052531,0.14139957718991392,0.13225520868930024
2015-10-30,0.052496,0.052531,0.14139957718991392,0.13225520868930024
2015-11-03,0.052496,0.052531,0.14139957718991392,0.13225520868930024
2015-11-04,0.052496,0.052531,0.14139957718991392,0.13225520868930024
2015-11-05,0.052496,0.052531,0.14139957718991392,0.13225520868930024
2015-11-06,0.052496,0.052531,0.14139957718991392,0.13225520868930024
2015-11-09,0.052496,0.052531,0.14139957718991392,0.13225520868930024
2015-11-10,0.052496,0.052531,0.14139957718991392,0.13225520868930024
2015-11-11,0.052496,0.052531,0.14139957718991392,0.13225520868930024
2015-11-12,0.052496,0.052531,0.14139957718991392,0.13225520868930024
2015-11-13,0.052496,0.052531,0.14139957718991392,0.13225520868930024
2015-11-16,0.052496,0.052531,0.14139957718991392,0.13225520868930024
2015-11-17,0.052496,0.052531,0.14139957718991392,0.13225520868930024
2015-11-18,0.052496,0.052531,0.14139957718991392,0.13225520868930024
2015-11-19,0.052496,0.052531,0.14139957718991392,0.13225520868930024
2015-11-20,0.052496,0.052531,0.14139957718991392,0.13225520868930024
2015-11-23,0.052496,0.052531,0.14139957718991392,0.13225520868930024
2015-11-24,0.052496,0.052531,0.14139957718991392,0.13225520868930024
2015-11-25,0.052496,0.052531,0.14139957718991392,0.13225520868930024
2015-11-26,0.052496,0.052531,0.14139957718991392,0.13225520868930024
2015-11-27,0.052496,0.052531,0.14139957718991392,0.13225520868930024
2015-11-30,0.052496,0.052531,0.14139957718991392,0.13225520868930024
2015-12-01,0.052496,0.052531,0.14139957718991392,0.13225520868930024
2015-12-02,0.052496,0.052531,0.14139957718991392,0.13225520868930024
2015-12-03,0.052496,0.052531,0.14139957718991392,0.13225520868930024
2015-12-04,0.052496,0.052531,0.14139957718991392,0.13225520868930024
2015-12-07,0.052496,0.052531,0.14139957718991392,0.13225520868930024
2015-12-08,0.052496,0.052531,0.14139957718991392,0.13225520868930024
2015-12-09,0.052496,0.052531,0.14139957718991392,0.13225520868930024
2015-12-10,0.052496,0.052531,0.14139957718991392,0.13225520868930024
2015-12-11,0.052496,0.052531,0.14139957718991392,0.13225520868930024
2015-12-14,0.052496,0.052531,0.14139957718991392,0.13225520868930024
2015-12-15,0.052496,0.052531,0.14139957718991392,0.13225520868930024
2015-12-16,0.052496,0.052531,0.14139957718991392,0.13225520868930024
2015-12-17,0.052496,0.052531,0.14139957718991392,0.13225520868930024
2015-12-18,0.052496,0.052531,0.14139957718991392,0.13225520868930024
2015-12-21,0.052496,0.052531,0.14139957718991392,0.13225520868930024
2015-12-22,0.052496,0.052531,0.14139957718991392,0.13225520868930024
2015-12-23,0.052496,0.052531,0.14139957718991392,0.13225520868930024
2015-12-24,0.052496,0.052531,0.14139957718991392,0.13225520868930024
2015-12-28,0.052496,0.052531,0.14139957718991392,0.13225520868930024
2015-12-29,0.052496,0.052531,0.14139957718991392,0.13225520868930024
2015-12-30,0.052496,0.052531,0.14139957718991392,0.13225520868930024
2015-12-31,0.052496,0.052531,0.14139957718991392,0.13225520868930024
2016-01-04,0.052496,0.052531,0.14139957718991392,0.13225520868930024
2016-01-05,0.052496,0.052531,0.14139957718991392,0.13225520868930024
2016-01-06,0.052496,0.052531,0.14139957718991392,0.13225520868930024
2016-01-07,0.052496,0.052531,0.14139957718991392,0.13225520868930024
2016-01-08,0.052496,0.052531,0.14139957718991392,0.13225520868930024
2016-01-11,0.052496,0.052531,0.14139957718991392,0.13225520868930024
2016-01-12,0.052496,0.052531,0.14139957718991392,0.13225520868930024
2016-01-13,0.052496,0.052531,0.14139957718991392,0.13225520868930024
2016-01-14,0.052496,0.052531,0.14139957718991392,0.13225520868930024
2016-01-15,0.052496,0.052531,0.14139957718991392,0.13225520868930024
2016-01-18,0.052496,0.052531,0.14139957718991392,0.13225520868930024
2016-01-19,0.052496,0.052531,0.14139957718991392,0.13225520868930024
2016-01-20,0.052496,0.052531,0.14139957718991392,0.13225520868930024
2016-01-21,0.052461,0.052531,0.1412989629852197,0.13216705495105974
2016-01-22,0.052461,0.052531,0.1412989629852197,0.13216705495105974
2016-01-25,0.052461,0.052531,0.1412989629852197,0.13216705495105974
2016-01-26,0.052461,0.052531,0.1412989629852197,0.13216705495105974
2016-01-27,0.052461,0.052531,0.1412989629852197,0.13216705495105974
2016-01-28,0.052461,0.052531,0.1412989629852197,0.13216705495105974
2016-01-29,0.052461,0.052531,0.1412989629852197,0.13216705495105974
2016-02-01,0.052461,0.052531,0.1412989629852197,0.13216705495105974
2016-02-02,0.052461,0.052531,0.1412989629852197,0.13216705495105974
2016-02-03,0.052461,0.052531,0.1412989629852197,0.13216705495105974
2016-02-04,0.052461,0.052531,0.1412989629852197,0.13216705495105974
2016-02-05,0.052461,0.052531,0.1412989629852197,0.13216705495105974
2016-02-10,0.052461,0.052531,0.1412989629852197,0.13216705495105974
2016-02-11,0.052461,0.052531,0.1412989629852197,0.13216705495105974
2016-02-12,0.052461,0.052531,0.1412989629852197,0.13216705495105974
2016-02-15,0.052461,0.052531,0.1412989629852197,0.13216705495105974
2016-02-16,0.052461,0.052531,0.1412989629852197,0.13216705495105974
2016-02-17,0.052461,0.052531,0.1412989629852197,0.13216705495105974
2016-02-18,0.052461,0.052531,0.1412989629852197,0.13216705495105974
2016-02-19,0.052461,0.052531,0.1412989629852197,0.13216705495105974
2016-02-22,0.052461,0.052531,0.1412989629852197,0.13216705495105974
2016-02-23,0.052461,0.052531,0.1412989629852197,0.13216705495105974
2016-02-24,0.052461,0.052531,0.1412989629852197,0.13216705495105974
2016-02-25,0.052461,0.052531,0.1412989629852197,0.13216705495105974
2016-02-26,0.052461,0.052531,0.1412989629852197,0.13216705495105974
2016-02-29,0.052461,0.052531,0.1412989629852197,0.13216705495105974
2016-03-01,0.052461,0.052531,0.1412989629852197,0.13216705495105974
2016-03-02,0.052461,0.052531,0.1412989629852197,0.13216705495105974
2016-03-03,0.052461,0.052531,0.1412989629852197,0.13216705495105974
2016-03-04,0.052461,0.052531,0.1412989629852197,0.13216705495105974
2016-03-07,0.052461,0.052531,0.1412989629852197,0.13216705495105974
2016-03-08,0.052461,0.052531,0.1412989629852197,0.13216705495105974
2016-03-09,0.052461,0.052531,0.1412989629852197,0.13216705495105974
2016-03-10,0.052461,0.052531,0.1412989629852197,0.13216705495105974
2016-03-11,0.052461,0.052531,0.1412989629852197,0.13216705495105974
2016-03-14,0.052461,0.052531,0.1412989629852197,0.13216705495105974
2016-03-15,0.052461,0.052531,0.1412989629852197,0.13216705495105974
2016-03-16,0.052461,0.052531,0.1412989629852197,0.13216705495105974
2016-03-17,0.052461,0.052531,0.1412989629852197,0.13216705495105974
2016-03-18,0.052461,0.052531,0.1412989629852197,0.13216705495105974
2016-03-21,0.052461,0.052531,0.1412989629852197,0.13216705495105974
2016-03-22,0.052461,0.052531,0.1412989629852197,0.13216705495105974
2016-03-23,0.052461,0.052531,0.1412989629852197,0.13216705495105974
2016-03-24,0.052461,0.052531,0.1412989629852197,0.13216705495105974
2016-03-28,0.052461,0.052531,0.1412989629852197,0.13216705495105974
2016-03-29,0.052461,0.052531,0.1412989629852197,0.13216705495105974
2016-03-30,0.052461,0.052531,0.1412989629852197,0.13216705495105974
2016-03-31,0.052461,0.052531,0.1412989629852197,0.13216705495105974
2016-04-01,0.052461,0.052531,0.1412989629852197,0.13216705495105974
2016-04-04,0.052461,0.052531,0.1412989629852197,0.13216705495105974
2016-04-05,0.052461,0.052531,0.1412989629852197,0.13216705495105974
2016-04-06,0.052461,0.052531,0.1412989629852197,0.13216705495105974
2016-04-07,0.052461,0.052531,0.1412989629852197,0.13216705495105974
2016-04-08,0.052461,0.052531,0.1412989629852197,0.13216705495105974
2016-04-11,0.052461,0.052531,0.1412989629852197,0.13216705495105974
2016-04-12,0.052461,0.052531,0.1412989629852197,0.13216705495105974
2016-04-13,0.052461,0.052531,0.1412989629852197,0.13216705495105974
2016-04-14,0.052461,0.052531,0.1412989629852197,0.13216705495105974
2016-04-15,0.052461,0.052531,0.1412989629852197,0.13216705495105974
2016-04-18,0.052461,0.052531,0.1412989629852197,0.13216705495105974
2016-04-19,0.052461,0.052531,0.1412989629852197,0.13216705495105974
2016-04-20,0.052461,0.052531,0.1412989629852197,0.13216705495105974
2016-04-22,0.052461,0.052531,0.1412989629852197,0.13216705495105974
2016-04-25,0.052461,0.052531,0.1412989629852197,0.13216705495105974
2016-04-26,0.052461,0.052531,0.1412989629852197,0.13216705495105974
2016-04-27,0.052461,0.052531,0.1412989629852197,0.13216705495105974
2016-04-28,0.052461,0.052531,0.1412989629852197,0.13216705495105974
2016-04-29,0.052461,0.052531,0.1412989629852197,0.13216705495105974
2016-05-02,0.052461,0.052531,0.1412989629852197,0.13216705495105974
2016-05-03,0.052461,0.052531,0.1412989629852197,0.13216705495105974
2016-05-04,0.052461,0.052531,0.1412989629852197,0.13216705495105974
2016-05-05,0.052461,0.052531,0.1412989629852197,0.13216705495105974
2016-05-06,0.052461,0.052531,0.1412989629852197,0.13216705495105974
2016-05-09,0.052461,0.052531,0.1412989629852197,0.13216705495105974
2016-05-10,0.052461,0.052531,0.1412989629852197,0.13216705495105974
2016-05-11,0.052461,0.052531,0.1412989629852197,0.13216705495105974
2016-05-12,0.052461,0.052531,0.1412989629852197,0.13216705495105974
2016-05-13,0.052461,0.052531,0.1412989629852197,0.13216705495105974
2016-05-16,0.052461,0.052531,0.1412989629852197,0.13216705495105974
2016-05-17,0.052461,0.052531,0.1412989629852197,0.13216705495105974
2016-05-18,0.052461,0.052531,0.1412989629852197,0.13216705495105974
2016-05-19,0.052461,0.052531,0.1412989629852197,0.13216705495105974
2016-05-20,0.052461,0.052531,0.1412989629852197,0.13216705495105974
2016-05-23,0.052461,0.052531,0.1412989629852197,0.13216705495105974
2016-05-24,0.052461,0.052531,0.1412989629852197,0.13216705495105974
2016-05-25,0.052461,0.052531,0.1412989629852197,0.13216705495105974
2016-05-27,0.052461,0.052531,0.1412989629852197,0.13216705495105974
2016-05-30,0.052461,0.052531,0.1412989629852197,0.13216705495105974
2016-05-31,0.052461,0.052531,0.1412989629852197,0.13216705495105974
2016-06-01,0.052461,0.052531,0.1412989629852197,0.13216705495105974
2016-06-02,0.052461,0.052531,0.1412989629852197,0.13216705495105974
2016-06-03,0.052461,0.052531,0.1412989629852197,0.13216705495105974
2016-06-06,0.052461,0.052531,0.1412989629852197,0.13216705495105974
2016-06-07,0.052461,0.052531,0.1412989629852197,0.13216705495105974
2016-06-08,0.052461,0.052531,0.1412989629852197,0.13216705495105974
2016-06-09,0.052461,0.052531,0.1412989629852197,0.13216705495105974
2016-06-10,0.052461,0.052531,0.1412989629852197,0.13216705495105974
2016-06-13,0.052461,0.052531,0.1412989629852197,0.13216705495105974
2016-06-14,0.052461,0.052531,0.1412989629852197,0.13216705495105974
2016-06-15,0.052461,0.052531,0.1412989629852197,0.13216705495105974
2016-06-16,0.052461,0.052531,0.1412989629852197,0.13216705495105974
2016-06-17,0.052461,0.052531,0.1412989629852197,0.13216705495105974
2016-06-20,0.052461,0.052531,0.1412989629852197,0.13216705495105974
2016-06-21,0.052461,0.052531,0.1412989629852197,0.13216705495105974
2016-06-22,0.052461,0.052531,0.1412989629852197,0.13216705495105974
2016-06-23,0.052461,0.052531,0.1412989629852197,0.13216705495105974
2016-06-24,0.052461,0.052531,0.1412989629852197,0.13216705495105974
2016-06-27,0.052461,0.052531,0.1412989629852197,0.13216705495105974
2016-06-28,0.052461,0.052531,0.1412989629852197,0.13216705495105974
2016-06-29,0.052461,0.052531,0.1412989629852197,0.13216705495105974
2016-06-30,0.052461,0.052531,0.1412989629852197,0.13216705495105974
2016-07-01,0.052461,0.052531,0.1412989629852197,0.13216705495105974
2016-07-04,0.052461,0.052531,0.1412989629852197,0.13216705495105974
2016-07-05,0.052461,0.052531,0.1412989629852197,0.13216705495105974
2016-07-06,0.052461,0.052531,0.1412989629852197,0.13216705495105974
2016-07-07,0.052461,0.052531,0.1412989629852197,0.13216705495105974
2016-07-08,0.052461,0.052531,0.1412989629852197,0.13216705495105974
2016-07-11,0.052461,0.052531,0.1412989629852197,0.13216705495105974
2016-07-12,0.052461,0.052531,0.1412989629852197,0.13216705495105974
2016-07-13,0.052461,0.052531,0.1412989629852197,0.13216705495105974
2016-07-14,0.052461,0.052531,0.1412989629852197,0.13216705495105974
2016-07-15,0.052461,0.052531,0.1412989629852197,0.13216705495105974
2016-07-18,0.052461,0.052531,0.1412989629852197,0.13216705495105974
2016-07-19,0.052461,0.052531,0.1412989629852197,0.13216705495105974
2016-07-20,0.052461,0.052531,0.1412989629852197,0.13216705495105974
2016-07-21,0.052461,0.052531,0.1412989629852197,0.13216705495105974
2016-07-22,0.052461,0.052531,0.1412989629852197,0.13216705495105974
2016-07-25,0.052461,0.052531,0.1412989629852197,0.13216705495105974
2016-07-26,0.052461,0.052531,0.1412989629852197,0.13216705495105974
2016-07-27,0.052461,0.052531,0.1412989629852197,0.13216705495105974
2016-07-28,0.052461,0.052531,0.1412989629852197,0.13216705495105974
2016-07-29,0.052461,0.052531,0.1412989629852197,0.13216705495105974
2016-08-01,0.052461,0.052531,0.1412989629852197,0.13216705495105974
2016-08-02,0.052461,0.052531,0.1412989629852197,0.13216705495105974
2016-08-03,0.052461,0.052531,0.1412989629852197,0.13216705495105974
2016-08-04,0.052461,0.052531,0.1412989629852197,0.13216705495105974
2016-08-05,0.052461,0.052531,0.1412989629852197,0.13216705495105974
2016-08-08,0.052461,0.052531,0.1412989629852197,0.13216705495105974
2016-08-09,0.052461,0.052531,0.1412989629852197,0.13216705495105974
2016-08-10,0.052461,0.052531,0.1412989629852197,0.13216705495105974
2016-08-11,0.052461,0.052531,0.1412989629852197,0.13216705495105974
2016-08-12,0.052461,0.052531,0.1412989629852197,0.13216705495105974
2016-08-15,0.052461,0.052531,0.1412989629852197,0.13216705495105974
2016-08-16,0.052461,0.052531,0.1412989629852197,0.13216705495105974
2016-08-17,0.052461,0.052531,0.1412989629852197,0.13216705495105974
2016-08-18,0.052461,0.052531,0.1412989629852197,0.13216705495105974
2016-08-19,0.052461,0.052531,0.1412989629852197,0.13216705495105974
2016-08-22,0.052461,0.052531,0.1412989629852197,0.13216705495105974
2016-08-23,0.052461,0.052531,0.1412989629852197,0.13216705495105974
2016-08-24,0.052461,0.052531,0.1412989629852197,0.13216705495105974
2016-08-25,0.052461,0.052531,0.1412989629852197,0.13216705495105974
2016-08-26,0.052461,0.052531,0.1412989629852197,0.13216705495105974
2016-08-29,0.052461,0.052531,0.1412989629852197,0.13216705495105974
2016-08-30,0.052461,0.052531,0.1412989629852197,0.13216705495105974
2016-08-31,0.052461,0.052531,0.1412989629852197,0.13216705495105974
2016-09-01,0.052461,0.052531,0.1412989629852197,0.13216705495105974
2016-09-02,0.052461,0.052531,0.1412989629852197,0.13216705495105974
2016-09-05,0.052461,0.052531,0.1412989629852197,0.13216705495105974
2016-09-06,0.052461,0.052531,0.1412989629852197,0.13216705495105974
2016-09-08,0.052461,0.052531,0.1412989629852197,0.13216705495105974
2016-09-09,0.052461,0.052531,0.1412989629852197,0.13216705495105974
2016-09-12,0.052461,0.052531,0.1412989629852197,0.13216705495105974
2016-09-13,0.052461,0.052531,0.1412989629852197,0.13216705495105974
2016-09-14,0.052461,0.052531,0.1412989629852197,0.13216705495105974
2016-09-15,0.052461,0.052531,0.1412989629852197,0.13216705495105974
2016-09-16,0.052461,0.052531,0.1412989629852197,0.13216705495105974
2016-09-19,0.052461,0.052531,0.1412989629852197,0.13216705495105974
2016-09-20,0.052461,0.052531,0.1412989629852197,0.13216705495105974
2016-09-21,0.052461,0.052531,0.1412989629852197,0.13216705495105974
2016-09-22,0.052461,0.052531,0.1412989629852197,0.13216705495105974
2016-09-23,0.052461,0.052531,0.1412989629852197,0.13216705495105974
2016-09-26,0.052461,0.052531,0.1412989629852197,0.13216705495105974
2016-09-27,0.052461,0.052531,0.1412989629852197,0.13216705495105974
2016-09-28,0.052461,0.052531,0.1412989629852197,0.13216705495105974
2016-09-29,0.052461,0.052531,0.1412989629852197,0.13216705495105974
2016-09-30,0.052461,0.052531,0.1412989629852197,0.13216705495105974
2016-10-03,0.052461,0.052531,0.1412989629852197,0.13216705495105974
2016-10-04,0.052461,0.052531,0.1412989629852197,0.13216705495105974
2016-10-05,0.052461,0.052531,0.1412989629852197,0.13216705495105974
2016-10-06,0.052461,0.052531,0.1412989629852197,0.13216705495105974
2016-10-07,0.052461,0.052531,0.1412989629852197,0.13216705495105974
2016-10-10,0.052461,0.052531,0.1412989629852197,0.13216705495105974
2016-10-11,0.052461,0.052531,0.1412989629852197,0.13216705495105974
2016-10-13,0.052461,0.052531,0.1412989629852197,0.13216705495105974
2016-10-14,0.052461,0.052531,0.1412989629852197,0.13216705495105974
2016-10-17,0.052461,0.052531,0.1412989629852197,0.13216705495105974
2016-10-18,0.052461,0.052531,0.1412989629852197,0.13216705495105974
2016-10-19,0.052461,0.052531,0.1412989629852197,0.13216705495105974
2016-10-20,0.051591,0.05166,0.13880081828985258,0.12997579497596057
2016-10-21,0.051591,0.05166,0.13880081828985258,0.12997579497596057
2016-10-24,0.051591,0.05166,0.13880081828985258,0.12997579497596057
2016-10-25,0.051591,0.05166,0.13880081828985258,0.12997579497596057
2016-10-26,0.051591,0.05166,0.13880081828985258,0.12997579497596057
2016-10-27,0.051591,0.05166,0.13880081828985258,0.12997579497596057
2016-10-28,0.051591,0.05166,0.13880081828985258,0.12997579497596057
2016-10-31,0.051591,0.05166,0.13880081828985258,0.12997579497596057
2016-11-01,0.051591,0.05166,0.13880081828985258,0.12997579497596057
2016-11-03,0.051591,0.05166,0.13880081828985258,0.12997579497596057
2016-11-04,0.051591,0.05166,0.13880081828985258,0.12997579497596057
2016-11-07,0.051591,0.05166,0.13880081828985258,0.12997579497596057
2016-11-08,0.051591,0.05166,0.13880081828985258,0.12997579497596057
2016-11-09,0.051591,0.05166,0.13880081828985258,0.12997579497596057
2016-11-10,0.051591,0.05166,0.13880081828985258,0.12997579497596057
2016-11-11,0.051591,0.05166,0.13880081828985258,0.12997579497596057
2016-11-14,0.051591,0.05166,0.13880081828985258,0.12997579497596057
2016-11-16,0.051591,0.05166,0.13880081828985258,0.12997579497596057
2016-11-17,0.051591,0.05166,0.13880081828985258,0.12997579497596057
2016-11-18,0.051591,0.05166,0.13880081828985258,0.12997579497596057
2016-11-21,0.051591,0.05166,0.13880081828985258,0.12997579497596057
2016-11-22,0.051591,0.05166,0.13880081828985258,0.12997579497596057
2016-11-23,0.051591,0.05166,0.13880081828985258,0.12997579497596057
2016-11-24,0.051591,0.05166,0.13880081828985258,0.12997579497596057
2016-11-25,0.051591,0.05166,0.13880081828985258,0.12997579497596057
2016-11-28,0.051591,0.05166,0.13880081828985258,0.12997579497596057
2016-11-29,0.051591,0.05166,0.13880081828985258,0.12997579497596057
2016-11-30,0.051591,0.05166,0.13880081828985258,0.12997579497596057
2016-12-01,0.050718,0.050788,0.1362995339322015,0.1277769597790974
2016-12-02,0.050718,0.050788,0.1362995339322015,0.1277769597790974
2016-12-05,0.050718,0.050788,0.1362995339322015,0.1277769597790974
2016-12-06,0.050718,0.050788,0.1362995339322015,0.1277769597790974
2016-12-07,0.050718,0.050788,0.1362995339322015,0.1277769597790974
2016-12-08,0.050718,0.050788,0.1362995339322015,0.1277769597790974
2016-12-09,0.050718,0.050788,0.1362995339322015,0.1277769597790974
2016-12-12,0.050718,0.050788,0.1362995339322015,0.1277769597790974
2016-12-13,0.050718,0.050788,0.1362995339322015,0.1277769597790974
2016-12-14,0.050718,0.050788,0.1362995339322015,0.1277769597790974
2016-12-15,0.050718,0.050788,0.1362995339322015,0.1277769597790974
2016-12-16,0.050718,0.050788,0.1362995339322015,0.1277769597790974
2016-12-19,0.050718,0.050788,0.1362995339322015,0.1277769597790974
2016-12-20,0.050718,0.050788,0.1362995339322015,0.1277769597790974
2016-12-21,0.050718,0.050788,0.1362995339322015,0.1277769597790974
2016-12-22,0.050718,0.050788,0.1362995339322015,0.1277769597790974
2016-12-23,0.050718,0.050788,0.1362995339322015,0.1277769597790974
2016-12-26,0.050718,0.050788,0.1362995339322015,0.1277769597790974
2016-12-27,0.050718,0.050788,0.1362995339322015,0.1277769597790974
2016-12-28,0.050718,0.050788,0.1362995339322015,0.1277769597790974
2016-12-29,0.050718,0.050788,0.1362995339322015,0.1277769597790974
2016-12-30,0.050718,0.050788,0.1362995339322015,0.1277769597790974
2017-01-02,0.050718,0.050788,0.1362995339322015,0.1277769597790974
2017-01-03,0.050718,0.050788,0.1362995339322015,0.1277769597790974
2017-01-04,0.050718,0.050788,0.1362995339322015,0.1277769597790974
2017-01-05,0.050718,0.050788,0.1362995339322015,0.1277769597790974
2017-01-06,0.050718,0.050788,0.1362995339322015,0.1277769597790974
2017-01-09,0.050718,0.050788,0.1362995339322015,0.1277769597790974
2017-01-10,0.050718,0.050788,0.1362995339322015,0.1277769597790974
2017-01-11,0.050718,0.050788,0.1362995339322015,0.1277769597790974
2017-01-12,0.048089,0.048159,0.1288000334434629,0.1211551511839255
2017-01-13,0.048089,0.048159,0.1288000334434629,0.1211551511839255
2017-01-16,0.048089,0.048159,0.1288000334434629,0.1211551511839255
2017-01-17,0.048089,0.048159,0.1288000334434629,0.1211551511839255
2017-01-18,0.048089,0.048159,0.1288000334434629,0.1211551511839255
2017-01-19,0.048089,0.048159,0.1288000334434629,0.1211551511839255
2017-01-20,0.048089,0.048159,0.1288000334434629,0.1211551511839255
2017-01-23,0.048089,0.048159,0.1288000334434629,0.1211551511839255
2017-01-24,0.048089,0.048159,0.1288000334434629,0.1211551511839255
2017-01-25,0.048089,0.048159,0.1288000334434629,0.1211551511839255
2017-01-26,0.048089,0.048159,0.1288000334434629,0.1211551511839255
2017-01-27,0.048089,0.048159,0.1288000334434629,0.1211551511839255
2017-01-30,0.048089,0.048159,0.1288000334434629,0.1211551511839255
2017-01-31,0.048089,0.048159,0.1288000334434629,0.1211551511839255
2017-02-01,0.048089,0.048159,0.1288000334434629,0.1211551511839255
2017-02-02,0.048089,0.048159,0.1288000334434629,0.1211551511839255
2017-02-03,0.048089,0.048159,0.1288000334434629,0.1211551511839255
2017-02-06,0.048089,0.048159,0.1288000334434629,0.1211551511839255
2017-02-07,0.048089,0.048159,0.1288000334434629,0.1211551511839255
2017-02-08,0.048089,0.048159,0.1288000334434629,0.1211551511839255
2017-02-09,0.048089,0.048159,0.1288000334434629,0.1211551511839255
2017-02-10,0.048089,0.048159,0.1288000334434629,0.1211551511839255
2017-02-13,0.048089,0.048159,0.1288000334434629,0.1211551511839255
2017-02-14,0.048089,0.048159,0.1288000334434629,0.1211551511839255
2017-02-15,0.048089,0.048159,0.1288000334434629,0.1211551511839255
2017-02-16,0.048089,0.048159,0.1288000334434629,0.1211551511839255
2017-02-17,0.048089,0.048159,0.1288000334434629,0.1211551511839255
2017-02-20,0.048089,0.048159,0.1288000334434629,0.1211551511839255
2017-02-21,0.048089,0.048159,0.1288000334434629,0.1211551511839255
2017-02-22,0.048089,0.048159,0.1288000334434629,0.1211551511839255
2017-02-23,0.045442,0.045513,0.12129899386392928,0.11448782919000347
2017-02-24,0.045442,0.045513,0.12129899386392928,0.11448782919000347
2017-03-01,0.045442,0.045513,0.12129899386392928,0.11448782919000347
2017-03-02,0.045442,0.045513,0.12129899386392928,0.11448782919000347
2017-03-03,0.045442,0.045513,0.12129899386392928,0.11448782919000347
2017-03-06,0.045442,0.045513,0.12129899386392928,0.11448782919000347
2017-03-07,0.045442,0.045513,0.12129899386392928,0.11448782919000347
2017-03-08,0.045442,0.045513,0.12129899386392928,0.11448782919000347
2017-03-09,0.045442,0.045513,0.12129899386392928,0.11448782919000347
2017-03-10,0.045442,0.045513,0.12129899386392928,0.11448782919000347
2017-03-13,0.045442,0.045513,0.12129899386392928,0.11448782919000347
2017-03-14,0.045442,0.045513,0.12129899386392928,0.11448782919000347
2017-03-15,0.045442,0.045513,0.12129899386392928,0.11448782919000347
2017-03-16,0.045442,0.045513,0.12129899386392928,0.11448782919000347
2017-03-17,0.045442,0.045513,0.12129899386392928,0.11448782919000347
2017-03-20,0.045442,0.045513,0.12129899386392928,0.11448782919000347
2017-03-21,0.045442,0.045513,0.12129899386392928,0.11448782919000347
2017-03-22,0.045442,0.045513,0.12129899386392928,0.11448782919000347
2017-03-23,0.045442,0.045513,0.12129899386392928,0.11448782919000347
2017-03-24,0.045442,0.045513,0.12129899386392928,0.11448782919000347
2017-03-27,0.045442,0.045513,0.12129899386392928,0.11448782919000347
2017-03-28,0.045442,0.045513,0.12129899386392928,0.11448782919000347
2017-03-29,0.045442,0.045513,0.12129899386392928,0.11448782919000347
2017-03-30,0.045442,0.045513,0.12129899386392928,0.11448782919000347
2017-03-31,0.045442,0.045513,0.12129899386392928,0.11448782919000347
2017-04-03,0.045442,0.045513,0.12129899386392928,0.11448782919000347
2017-04-04,0.045442,0.045513,0.12129899386392928,0.11448782919000347
2017-04-05,0.045442,0.045513,0.12129899386392928,0.11448782919000347
2017-04-06,0.045442,0.045513,0.12129899386392928,0.11448782919000347
2017-04-07,0.045442,0.045513,0.12129899386392928,0.11448782919000347
2017-04-10,0.045442,0.045513,0.12129899386392928,0.11448782919000347
2017-04-11,0.045442,0.045513,0.12129899386392928,0.11448782919000347
2017-04-12,0.045442,0.045513,0.12129899386392928,0.11448782919000347
2017-04-13,0.041886,0.041957,0.11130013230613911,0.10553062026476512
2017-04-17,0.041886,0.041957,0.11130013230613911,0.10553062026476512
2017-04-18,0.041886,0.041957,0.11130013230613911,0.10553062026476512
2017-04-19,0.041886,0.041957,0.11130013230613911,0.10553062026476512
2017-04-20,0.041886,0.041957,0.11130013230613911,0.10553062026476512
2017-04-24,0.041886,0.041957,0.11130013230613911,0.10553062026476512
2017-04-25,0.041886,0.041957,0.11130013230613911,0.10553062026476512
2017-04-26,0.041886,0.041957,0.11130013230613911,0.10553062026476512
2017-04-27,0.041886,0.041957,0.11130013230613911,0.10553062026476512
2017-04-28,0.041886,0.041957,0.11130013230613911,0.10553062026476512
2017-05-02,0.041886,0.041957,0.11130013230613911,0.10553062026476512
2017-05-03,0.041886,0.041957,0.11130013230613911,0.10553062026476512
2017-05-04,0.041886,0.041957,0.11130013230613911,0.10553062026476512
2017-05-05,0.041886,0.041957,0.11130013230613911,0.10553062026476512
2017-05-08,0.041886,0.041957,0.11130013230613911,0.10553062026476512
2017-05-09,0.041886,0.041957,0.11130013230613911,0.10553062026476512
2017-05-10,0.041886,0.041957,0.11130013230613911,0.10553062026476512
2017-05-11,0.041886,0.041957,0.11130013230613911,0.10553062026476512
2017-05-12,0.041886,0.041957,0.11130013230613911,0.10553062026476512
2017-05-15,0.041886,0.041957,0.11130013230613911,0.10553062026476512
2017-05-16,0.041886,0.041957,0.11130013230613911,0.10553062026476512
2017-05-17,0.041886,0.041957,0.11130013230613911,0.10553062026476512
2017-05-18,0.041886,0.041957,0.11130013230613911,0.10553062026476512
2017-05-19,0.041886,0.041957,0.11130013230613911,0.10553062026476512
2017-05-22,0.041886,0.041957,0.11130013230613911,0.10553062026476512
2017-05-23,0.041886,0.041957,0.11130013230613911,0.10553062026476512
2017-05-24,0.041886,0.041957,0.11130013230613911,0.10553062026476512
2017-05-25,0.041886,0.041957,0.11130013230613911,0.10553062026476512
2017-05-26,0.041886,0.041957,0.11130013230613911,0.10553062026476512
2017-05-29,0.041886,0.041957,0.11130013230613911,0.10553062026476512
2017-05-30,0.041886,0.041957,0.11130013230613911,0.10553062026476512
2017-05-31,0.041886,0.041957,0.11130013230613911,0.10553062026476512
2017-06-01,0.038334,0.03837,0.10140117986462882,0.09658316908649238
2017-06-02,0.038334,0.03837,0.10140117986462882,0.09658316908649238
2017-06-05,0.038334,0.03837,0.10140117986462882,0.09658316908649238
2017-06-06,0.038334,0.03837,0.10140117986462882,0.09658316908649238
2017-06-07,0.038334,0.03837,0.10140117986462882,0.09658316908649238
2017-06-08,0.038334,0.03837,0.10140117986462882,0.09658316908649238
2017-06-09,0.038334,0.03837,0.10140117986462882,0.09658316908649238
2017-06-12,0.038334,0.03837,0.10140117986462882,0.09658316908649238
2017-06-13,0.038334,0.03837,0.10140117986462882,0.09658316908649238
2017-06-14,0.038334,0.03837,0.10140117986462882,0.09658316908649238
2017-06-16,0.038334,0.03837,0.10140117986462882,0.09658316908649238
2017-06-19,0.038334,0.03837,0.10140117986462882,0.09658316908649238
2017-06-20,0.038334,0.03837,0.10140117986462882,0.09658316908649238
2017-06-21,0.038334,0.03837,0.10140117986462882,0.09658316908649238
2017-06-22,0.038334,0.03837,0.10140117986462882,0.09658316908649238
2017-06-23,0.038334,0.03837,0.10140117986462882,0.09658316908649238
2017-06-26,0.038334,0.03837,0.10140117986462882,0.09658316908649238
2017-06-27,0.038334,0.03837,0.10140117986462882,0.09658316908649238
2017-06-28,0.038334,0.03837,0.10140117986462882,0.09658316908649238
2017-06-29,0.038334,0.03837,0.10140117986462882,0.09658316908649238
2017-06-30,0.038334,0.03837,0.10140117986462882,0.09658316908649238
2017-07-03,0.038334,0.03837,0.10140117986462882,0.09658316908649238
2017-07-04,0.038334,0.03837,0.10140117986462882,0.09658316908649238
2017-07-05,0.038334,0.03837,0.10140117986462882,0.09658316908649238
2017-07-06,0.038334,0.03837,0.10140117986462882,0.09658316908649238
2017-07-07,0.038334,0.03837,0.10140117986462882,0.09658316908649238
2017-07-10,0.038334,0.03837,0.10140117986462882,0.09658316908649238
2017-07-11,0.038334,0.03837,0.10140117986462882,0.09658316908649238
2017-07-12,0.038334,0.03837,0.10140117986462882,0.09658316908649238
2017-07-13,0.038334,0.03837,0.10140117986462882,0.09658316908649238
2017-07-14,0.038334,0.03837,0.10140117986462882,0.09658316908649238
2017-07-17,0.038334,0.03837,0.10140117986462882,0.09658316908649238
2017-07-18,0.038334,0.03837,0.10140117986462882,0.09658316908649238
2017-07-19,0.038334,0.03837,0.10140117986462882,0.09658316908649238
2017-07-20,0.038334,0.03837,0.10140117986462882,0.09658316908649238
2017-07-21,0.038334,0.03837,0.10140117986462882,0.09658316908649238
2017-07-24,0.038334,0.03837,0.10140117986462882,0.09658316908649238
2017-07-25,0.038334,0.03837,0.10140117986462882,0.09658316908649238
2017-07-26,0.038334,0.03837,0.10140117986462882,0.09658316908649238
2017-07-27,0.034713,0.034749,0.0914003327011852,0.0874615806088637
2017-07-28,0.034713,0.034749,0.0914003327011852,0.0874615806088637
2017-07-31,0.034713,0.034749,0.0914003327011852,0.0874615806088637
2017-08-01,0.034713,0.034749,0.0914003327011852,0.0874615806088637
2017-08-02,0.034713,0.034749,0.0914003327011852,0.0874615806088637
2017-08-03,0.034713,0.034749,0.0914003327011852,0.0874615806088637
2017-08-04,0.034713,0.034749,0.0914003327011852,0.0874615806088637
2017-08-07,0.034713,0.034749,0.0914003327011852,0.0874615806088637
2017-08-08,0.034713,0.034749,0.0914003327011852,0.0874615806088637
2017-08-09,0.034713,0.034749,0.0914003327011852,0.0874615806088637
2017-08-10,0.034713,0.034749,0.0914003327011852,0.0874615806088637
2017-08-11,0.034713,0.034749,0.0914003327011852,0.0874615806088637
2017-08-14,0.034713,0.034749,0.0914003327011852,0.0874615806088637
2017-08-15,0.034713,0.034749,0.0914003327011852,0.0874615806088637
2017-08-16,0.034713,0.034749,0.0914003327011852,0.0874615806088637
2017-08-17,0.034713,0.034749,0.0914003327011852,0.0874615806088637
2017-08-18,0.034713,0.034749,0.0914003327011852,0.0874615806088637
2017-08-21,0.034713,0.034749,0.0914003327011852,0.0874615806088637
2017-08-22,0.034713,0.034749,0.0914003327011852,0.0874615806088637
2017-08-23,0.034713,0.034749,0.0914003327011852,0.0874615806088637
2017-08-24,0.034713,0.034749,0.0914003327011852,0.0874615806088637
2017-08-25,0.034713,0.034749,0.0914003327011852,0.0874615806088637
2017-08-28,0.034713,0.034749,0.0914003327011852,0.0874615806088637
2017-08-29,0.034713,0.034749,0.0914003327011852,0.0874615806088637
2017-08-30,0.034713,0.034749,0.0914003327011852,0.0874615806088637
2017-08-31,0.034713,0.034749,0.0914003327011852,0.0874615806088637
2017-09-01,0.034713,0.034749,0.0914003327011852,0.0874615806088637
2017-09-04,0.034713,0.034749,0.0914003327011852,0.0874615806088637
2017-09-05,0.034713,0.034749,0.0914003327011852,0.0874615806088637
2017-09-06,0.034713,0.034749,0.0914003327011852,0.0874615806088637
2017-09-08,0.031059,0.031096,0.08140003224274728,0.07825652778151264
2017-09-11,0.031059,0.031096,0.08140003224274728,0.07825652778151264
2017-09-12,0.031059,0.031096,0.08140003224274728,0.07825652778151264
2017-09-13,0.031059,0.031096,0.08140003224274728,0.07825652778151264
2017-09-14,0.031059,0.031096,0.08140003224274728,0.07825652778151264
2017-09-15,0.031059,0.031096,0.08140003224274728,0.07825652778151264
2017-09-18,0.031059,0.031096,0.08140003224274728,0.07825652778151264
2017-09-19,0.031059,0.031096,0.08140003224274728,0.07825652778151264
2017-09-20,0.031059,0.031096,0.08140003224274728,0.07825652778151264
2017-09-21,0.031059,0.031096,0.08140003224274728,0.07825652778151264
2017-09-22,0.031059,0.031096,0.08140003224274728,0.07825652778151264
2017-09-25,0.031059,0.031096,0.08140003224274728,0.07825652778151264
2017-09-26,0.031059,0.031096,0.08140003224274728,0.07825652778151264
2017-09-27,0.031059,0.031096,0.08140003224274728,0.07825652778151264
2017-09-28,0.031059,0.031096,0.08140003224274728,0.07825652778151264
2017-09-29,0.031059,0.031096,0.08140003224274728,0.07825652778151264
2017-10-02,0.031059,0.031096,0.08140003224274728,0.07825652778151264
2017-10-03,0.031059,0.031096,0.08140003224274728,0.07825652778151264
2017-10-04,0.031059,0.031096,0.08140003224274728,0.07825652778151264
2017-10-05,0.031059,0.031096,0.08140003224274728,0.07825652778151264
2017-10-06,0.031059,0.031096,0.08140003224274728,0.07825652778151264
2017-10-09,0.031059,0.031096,0.08140003224274728,0.07825652778151264
2017-10-10,0.031059,0.031096,0.08140003224274728,0.07825652778151264
2017-10-11,0.031059,0.031096,0.08140003224274728,0.07825652778151264
2017-10-13,0.031059,0.031096,0.08140003224274728,0.07825652778151264
2017-10-16,0.031059,0.031096,0.08140003224274728,0.07825652778151264
2017-10-17,0.031059,0.031096,0.08140003224274728,0.07825652778151264
2017-10-18,0.031059,0.031096,0.08140003224274728,0.07825652778151264
2017-10-19,0.031059,0.031096,0.08140003224274728,0.07825652778151264
2017-10-20,0.031059,0.031096,0.08140003224274728,0.07825652778151264
2017-10-23,0.031059,0.031096,0.08140003224274728,0.07825652778151264
2017-10-24,0.031059,0.031096,0.08140003224274728,0.07825652778151264
2017-10-25,0.031059,0.031096,0.08140003224274728,0.07825652778151264
2017-10-26,0.028296,0.028333,0.07389887418727947,0.07129583354110315
2017-10-27,0.028296,0.028333,0.07389887418727947,0.07129583354110315
2017-10-30,0.028296,0.028333,0.07389887418727947,0.07129583354110315
2017-10-31,0.028296,0.028333,0.07389887418727947,0.07129583354110315
2017-11-01,0.028296,0.028333,0.07389887418727947,0.07129583354110315
2017-11-03,0.028296,0.028333,0.07389887418727947,0.07129583354110315
2017-11-06,0.028296,0.028333,0.07389887418727947,0.07129583354110315
2017-11-07,0.028296,0.028333,0.07389887418727947,0.07129583354110315
2017-11-08,0.028296,0.028333,0.07389887418727947,0.07129583354110315
2017-11-09,0.028296,0.028333,0.07389887418727947,0.07129583354110315
2017-11-10,0.028296,0.028333,0.07389887418727947,0.07129583354110315
2017-11-13,0.028296,0.028333,0.07389887418727947,0.07129583354110315
2017-11-14,0.028296,0.028333,0.07389887418727947,0.07129583354110315
2017-11-16,0.028296,0.028333,0.07389887418727947,0.07129583354110315
2017-11-17,0.028296,0.028333,0.07389887418727947,0.07129583354110315
2017-11-20,0.028296,0.028333,0.07389887418727947,0.07129583354110315
2017-11-21,0.028296,0.028333,0.07389887418727947,0.07129583354110315
2017-11-22,0.028296,0.028333,0.07389887418727947,0.07129583354110315
2017-11-23,0.028296,0.028333,0.07389887418727947,0.07129583354110315
2017-11-24,0.028296,0.028333,0.07389887418727947,0.07129583354110315
2017-11-27,0.028296,0.028333,0.07389887418727947,0.07129583354110315
2017-11-28,0.028296,0.028333,0.07389887418727947,0.07129583354110315
2017-11-29,0.028296,0.028333,0.07389887418727947,0.07129583354110315
2017-11-30,0.028296,0.028333,0.07389887418727947,0.07129583354110315
2017-12-01,0.028296,0.028333,0.07389887418727947,0.07129583354110315
2017-12-04,0.028296,0.028333,0.07389887418727947,0.07129583354110315
2017-12-05,0.028296,0.028333,0.07389887418727947,0.07129583354110315
2017-12-06,0.028296,0.028333,0.07389887418727947,0.07129583354110315
2017-12-07,0.026444,0.026481,0.06889998745383208,0.06663007056029767
2017-12-08,0.026444,0.026481,0.06889998745383208,0.06663007056029767
2017-12-11,0.026444,0.026481,0.06889998745383208,0.06663007056029767
2017-12-12,0.026444,0.026481,0.06889998745383208,0.06663007056029767
2017-12-13,0.026444,0.026481,0.06889998745383208,0.06663007056029767
2017-12-14,0.026444,0.026481,0.06889998745383208,0.06663007056029767
2017-12-15,0.026444,0.026481,0.06889998745383208,0.06663007056029767
2017-12-18,0.026444,0.026481,0.06889998745383208,0.06663007056029767
2017-12-19,0.026444,0.026481,0.06889998745383208,0.06663007056029767
2017-12-20,0.026444,0.026481,0.06889998745383208,0.06663007056029767
2017-12-21,0.026444,0.026481,0.06889998745383208,0.06663007056029767
2017-12-22,0.026444,0.026481,0.06889998745383208,0.06663007056029767
2017-12-26,0.026444,0.026481,0.06889998745383208,0.06663007056029767
2017-12-27,0.026444,0.026481,0.06889998745383208,0.06663007056029767
2017-12-28,0.026444,0.026481,0.06889998745383208,0.06663007056029767
2017-12-29,0.026444,0.026481,0.06889998745383208,0.06663007056029767
2018-01-02,0.026444,0.026481,0.06889998745383208,0.06663007056029767
2018-01-03,0.026444,0.026481,0.06889998745383208,0.06663007056029767
2018-01-04,0.026444,0.026481,0.06889998745383208,0.06663007056029767
2018-01-05,0.026444,0.026481,0.06889998745383208,0.06663007056029767
2018-01-08,0.026444,0.026481,0.06889998745383208,0.06663007056029767
2018-01-09,0.026444,0.026481,0.06889998745383208,0.06663007056029767
2018-01-10,0.026444,0.026481,0.06889998745383208,0.06663007056029767
2018-01-11,0.026444,0.026481,0.06889998745383208,0.06663007056029767
2018-01-12,0.026444,0.026481,0.06889998745383208,0.06663007056029767
2018-01-15,0.026444,0.026481,0.06889998745383208,0.06663007056029767
2018-01-16,0.026444,0.026481,0.06889998745383208,0.06663007056029767
2018-01-17,0.026444,0.026481,0.06889998745383208,0.06663007056029767
2018-01-18,0.026444,0.026481,0.06889998745383208,0.06663007056029767
2018-01-19,0.026444,0.026481,0.06889998745383208,0.06663007056029767
2018-01-22,0.026444,0.026481,0.06889998745383208,0.06663007056029767
2018-01-23,0.026444,0.026481,0.06889998745383208,0.06663007056029767
2018-01-24,0.026444,0.026481,0.06889998745383208,0.06663007056029767
2018-01-25,0.026444,0.026481,0.06889998745383208,0.06663007056029767
2018-01-26,0.026444,0.026481,0.06889998745383208,0.06663007056029767
2018-01-29,0.026444,0.026481,0.06889998745383208,0.06663007056029767
2018-01-30,0.026444,0.026481,0.06889998745383208,0.06663007056029767
2018-01-31,0.026444,0.026481,0.06889998745383208,0.06663007056029767
2018-02-01,0.026444,0.026481,0.06889998745383208,0.06663007056029767
2018-02-02,0.026444,0.026481,0.06889998745383208,0.06663007056029767
2018-02-05,0.026444,0.026481,0.06889998745383208,0.06663007056029767
2018-02-06,0.026444,0.026481,0.06889998745383208,0.06663007056029767
2018-02-07,0.026444,0.026481,0.06889998745383208,0.06663007056029767
2018-02-08,0.025515,0.025552,0.06640118234057457,0.06428959860319294
2018-02-09,0.025515,0.025552,0.06640118234057457,0.06428959860319294
2018-02-14,0.025515,0.025552,0.06640118234057457,0.06428959860319294
2018-02-15,0.025515,0.025552,0.06640118234057457,0.06428959860319294
2018-02-16,0.025515,0.025552,0.06640118234057457,0.06428959860319294
2018-02-19,0.025515,0.025552,0.06640118234057457,0.06428959860319294
2018-02-20,0.025515,0.025552,0.06640118234057457,0.06428959860319294
2018-02-21,0.025515,0.025552,0.06640118234057457,0.06428959860319294
2018-02-22,0.025515,0.025552,0.06640118234057457,0.06428959860319294
2018-02-23,0.025515,0.025552,0.06640118234057457,0.06428959860319294
2018-02-26,0.025515,0.025552,0.06640118234057457,0.06428959860319294
2018-02-27,0.025515,0.025552,0.06640118234057457,0.06428959860319294
2018-02-28,0.025515,0.025552,0.06640118234057457,0.06428959860319294
2018-03-01,0.025515,0.025552,0.06640118234057457,0.06428959860319294
2018-03-02,0.025515,0.025552,0.06640118234057457,0.06428959860319294
2018-03-05,0.025515,0.025552,0.06640118234057457,0.06428959860319294
2018-03-06,0.025515,0.025552,0.06640118234057457,0.06428959860319294
2018-03-07,0.025515,0.025552,0.06640118234057457,0.06428959860319294
2018-03-08,0.025515,0.025552,0.06640118234057457,0.06428959860319294
2018-03-09,0.025515,0.025552,0.06640118234057457,0.06428959860319294
2018-03-12,0.025515,0.025552,0.06640118234057457,0.06428959860319294
2018-03-13,0.025515,0.025552,0.06640118234057457,0.06428959860319294
2018-03-14,0.025515,0.025552,0.06640118234057457,0.06428959860319294
2018-03-15,0.025515,0.025552,0.06640118234057457,0.06428959860319294
2018-03-16,0.025515,0.025552,0.06640118234057457,0.06428959860319294
2018-03-19,0.025515,0.025552,0.06640118234057457,0.06428959860319294
2018-03-20,0.025515,0.025552,0.06640118234057457,0.06428959860319294
2018-03-21,0.025515,0.025552,0.06640118234057457,0.06428959860319294
2018-03-22,0.024583,0.02462,0.06390015450645237,0.06194154676668047
2018-03-23,0.024583,0.02462,0.06390015450645237,0.06194154676668047
2018-03-26,0.024583,0.02462,0.06390015450645237,0.06194154676668047
2018-03-27,0.024583,0.02462,0.06390015450645237,0.06194154676668047
2018-03-28,0.024583,0.02462,0.06390015450645237,0.06194154676668047
2018-03-29,0.024583,0.02462,0.06390015450645237,0.06194154676668047
2018-04-02,0.024583,0.02462,0.06390015450645237,0.06194154676668047
2018-04-03,0.024583,0.02462,0.06390015450645237,0.06194154676668047
2018-04-04,0.024583,0.02462,0.06390015450645237,0.06194154676668047
2018-04-05,0.024583,0.02462,0.06390015450645237,0.06194154676668047
2018-04-06,0.024583,0.02462,0.06390015450645237,0.06194154676668047
2018-04-09,0.024583,0.02462,0.06390015450645237,0.06194154676668047
2018-04-10,0.024583,0.02462,0.06390015450645237,0.06194154676668047
2018-04-11,0.024583,0.02462,0.06390015450645237,0.06194154676668047
2018-04-12,0.024583,0.02462,0.06390015450645237,0.06194154676668047
2018-04-13,0.024583,0.02462,0.06390015450645237,0.06194154676668047
2018-04-16,0.024583,0.02462,0.06390015450645237,0.06194154676668047
2018-04-17,0.024583,0.02462,0.06390015450645237,0.06194154676668047
2018-04-18,0.024583,0.02462,0.06390015450645237,0.06194154676668047
2018-04-19,0.024583,0.02462,0.06390015450645237,0.06194154676668047
2018-04-20,0.024583,0.02462,0.06390015450645237,0.06194154676668047
2018-04-23,0.024583,0.02462,0.06390015450645237,0.06194154676668047
2018-04-24,0.024583,0.02462,0.06390015450645237,0.06194154676668047
2018-04-25,0.024583,0.02462,0.06390015450645237,0.06194154676668047
2018-04-26,0.024583,0.02462,0.06390015450645237,0.06194154676668047
2018-04-27,0.024583,0.02462,0.06390015450645237,0.06194154676668047
2018-04-30,0.024583,0.02462,0.06390015450645237,0.06194154676668047
2018-05-02,0.024583,0.02462,0.06390015450645237,0.06194154676668047
2018-05-03,0.024583,0.02462,0.06390015450645237,0.06194154676668047
2018-05-04,0.024583,0.02462,0.06390015450645237,0.06194154676668047
2018-05-07,0.024583,0.02462,0.06390015450645237,0.06194154676668047
2018-05-08,0.024583,0.02462,0.06390015450645237,0.06194154676668047
2018-05-09,0.024583,0.02462,0.06390015450645237,0.06194154676668047
2018-05-10,0.024583,0.02462,0.06390015450645237,0.06194154676668047
2018-05-11,0.024583,0.02462,0.06390015450645237,0.06194154676668047
2018-05-14,0.024583,0.02462,0.06390015450645237,0.06194154676668047
2018-05-15,0.024583,0.02462,0.06390015450645237,0.06194154676668047
2018-05-16,0.024583,0.02462,0.06390015450645237,0.06194154676668047
2018-05-17,0.024583,0.02462,0.06390015450645237,0.06194154676668047
2018-05-18,0.024583,0.02462,0.06390015450645237,0.06194154676668047
2018-05-21,0.024583,0.02462,0.06390015450645237,0.06194154676668047
2018-05-22,0.024583,0.02462,0.06390015450645237,0.06194154676668047
2018-05-23,0.024583,0.02462,0.06390015450645237,0.06194154676668047
2018-05-24,0.024583,0.02462,0.06390015450645237,0.06194154676668047
2018-05-25,0.024583,0.02462,0.06390015450645237,0.06194154676668047
2018-05-28,0.024583,0.02462,0.06390015450645237,0.06194154676668047
2018-05-29,0.024583,0.02462,0.06390015450645237,0.06194154676668047
2018-05-30,0.024583,0.02462,0.06390015450645237,0.06194154676668047
2018-06-01,0.024583,0.02462,0.06390015450645237,0.06194154676668047
2018-06-04,0.024583,0.02462,0.06390015450645237,0.06194154676668047
2018-06-05,0.024583,0.02462,0.06390015450645237,0.06194154676668047
2018-06-06,0.024583,0.02462,0.06390015450645237,0.06194154676668047
2018-06-07,0.024583,0.02462,0.06390015450645237,0.06194154676668047
2018-06-08,0.024583,0.02462,0.06390015450645237,0.06194154676668047
2018-06-11,0.024583,0.02462,0.06390015450645237,0.06194154676668047
2018-06-12,0.024583,0.02462,0.06390015450645237,0.06194154676668047
2018-06-13,0.024583,0.02462,0.06390015450645237,0.06194154676668047
2018-06-14,0.024583,0.02462,0.06390015450645237,0.06194154676668047
2018-06-15,0.024583,0.02462,0.06390015450645237,0.06194154676668047
2018-06-18,0.024583,0.02462,0.06390015450645237,0.06194154676668047
2018-06-19,0.024583,0.02462,0.06390015450645237,0.06194154676668047
2018-06-20,0.024583,0.02462,0.06390015450645237,0.06194154676668047
2018-06-21,0.024583,0.02462,0.06390015450645237,0.06194154676668047
2018-06-22,0.024583,0.02462,0.06390015450645237,0.06194154676668047
2018-06-25,0.024583,0.02462,0.06390015450645237,0.06194154676668047
2018-06-26,0.024583,0.02462,0.06390015450645237,0.06194154676668047
2018-06-27,0.024583,0.02462,0.06390015450645237,0.06194154676668047
2018-06-28,0.024583,0.02462,0.06390015450645237,0.06194154676668047
2018-06-29,0.024583,0.02462,0.06390015450645237,0.06194154676668047
2018-07-02,0.024583,0.02462,0.06390015450645237,0.06194154676668047
2018-07-03,0.024583,0.02462,0.06390015450645237,0.06194154676668047
2018-07-04,0.024583,0.02462,0.06390015450645237,0.06194154676668047
2018-07-05,0.024583,0.02462,0.06390015450645237,0.06194154676668047
2018-07-06,0.024583,0.02462,0.06390015450645237,0.06194154676668047
2018-07-09,0.024583,0.02462,0.06390015450645237,0.06194154676668047
2018-07-10,0.024583,0.02462,0.06390015450645237,0.06194154676668047
2018-07-11,0.024583,0.02462,0.06390015450645237,0.06194154676668047
2018-07-12,0.024583,0.02462,0.06390015450645237,0.06194154676668047
2018-07-13,0.024583,0.02462,0.06390015450645237,0.06194154676668047
2018-07-16,0.024583,0.02462,0.06390015450645237,0.06194154676668047
2018-07-17,0.024583,0.02462,0.06390015450645237,0.06194154676668047
2018-07-18,0.024583,0.02462,0.06390015450645237,0.06194154676668047
2018-07-19,0.024583,0.02462,0.06390015450645237,0.06194154676668047
2018-07-20,0.024583,0.02462,0.06390015450645237,0.06194154676668047
2018-07-23,0.024583,0.02462,0.06390015450645237,0.06194154676668047
2018-07-24,0.024583,0.02462,0.06390015450645237,0.06194154676668047
2018-07-25,0.024583,0.02462,0.06390015450645237,0.06194154676668047
2018-07-26,0.024583,0.02462,0.06390015450645237,0.06194154676668047
2018-07-27,0.024583,0.02462,0.06390015450645237,0.06194154676668047
2018-07-30,0.024583,0.02462,0.06390015450645237,0.06194154676668047
2018-07-31,0.024583,0.02462,0.06390015450645237,0.06194154676668047
2018-08-01,0.024583,0.02462,0.06390015450645237,0.06194154676668047
2018-08-02,0.024583,0.02462,0.06390015450645237,0.06194154676668047
2018-08-03,0.024583,0.02462,0.06390015450645237,0.06194154676668047
2018-08-06,0.024583,0.02462,0.06390015450645237,0.06194154676668047
2018-08-07,0.024583,0.02462,0.06390015450645237,0.06194154676668047
2018-08-08,0.024583,0.02462,0.06390015450645237,0.06194154676668047
2018-08-09,0.024583,0.02462,0.06390015450645237,0.06194154676668047
2018-08-10,0.024583,0.02462,0.06390015450645237,0.06194154676668047
2018-08-13,0.024583,0.02462,0.06390015450645237,0.06194154676668047
2018-08-14,0.024583,0.02462,0.06390015450645237,0.06194154676668047
2018-08-15,0.024583,0.02462,0.06390015450645237,0.06194154676668047
2018-08-16,0.024583,0.02462,0.06390015450645237,0.06194154676668047
2018-08-17,0.024583,0.02462,0.06390015450645237,0.06194154676668047
2018-08-20,0.024583,0.02462,0.06390015450645237,0.06194154676668047
2018-08-21,0.024583,0.02462,0.06390015450645237,0.06194154676668047
2018-08-22,0.024583,0.02462,0.06390015450645237,0.06194154676668047
2018-08-23,0.024583,0.02462,0.06390015450645237,0.06194154676668047
2018-08-24,0.024583,0.02462,0.06390015450645237,0.06194154676668047
2018-08-27,0.024583,0.02462,0.06390015450645237,0.06194154676668047
2018-08-28,0.024583,0.02462,0.06390015450645237,0.06194154676668047
2018-08-29,0.024583,0.02462,0.06390015450645237,0.06194154676668047
2018-08-30,0.024583,0.02462,0.06390015450645237,0.06194154676668047
2018-08-31,0.024583,0.02462,0.06390015450645237,0.06194154676668047
2018-09-03,0.024583,0.02462,0.06390015450645237,0.06194154676668047
2018-09-04,0.024583,0.02462,0.06390015450645237,0.06194154676668047
2018-09-05,0.024583,0.02462,0.06390015450645237,0.06194154676668047
2018-09-06,0.024583,0.02462,0.06390015450645237,0.06194154676668047
2018-09-10,0.024583,0.02462,0.06390015450645237,0.06194154676668047
2018-09-11,0.024583,0.02462,0.06390015450645237,0.06194154676668047
2018-09-12,0.024583,0.02462,0.06390015450645237,0.06194154676668047
2018-09-13,0.024583,0.02462,0.06390015450645237,0.06194154676668047
2018-09-14,0.024583,0.02462,0.06390015450645237,0.06194154676668047
2018-09-17,0.024583,0.02462,0.06390015450645237,0.06194154676668047
2018-09-18,0.024583,0.02462,0.06390015450645237,0.06194154676668047
2018-09-19,0.024583,0.02462,0.06390015450645237,0.06194154676668047
2018-09-20,0.024583,0.02462,0.06390015450645237,0.06194154676668047
2018-09-21,0.024583,0.02462,0.06390015450645237,0.06194154676668047
2018-09-24,0.024583,0.02462,0.06390015450645237,0.06194154676668047
2018-09-25,0.024583,0.02462,0.06390015450645237,0.06194154676668047
2018-09-26,0.024583,0.02462,0.06390015450645237,0.06194154676668047
2018-09-27,0.024583,0.02462,0.06390015450645237,0.06194154676668047
2018-09-28,0.024583,0.02462,0.06390015450645237,0.06194154676668047
2018-10-01,0.02462,0.02462,0.06399933278118675,0.0620347638338837
2018-10-02,0.02462,0.02462,0.06399933278118675,0.0620347638338837
2018-10-03,0.02462,0.02462,0.06399933278118675,0.0620347638338837
2018-10-04,0.02462,0.02462,0.06399933278118675,0.0620347638338837
2018-10-05,0.02462,0.02462,0.06399933278118675,0.0620347638338837
2018-10-08,0.02462,0.02462,0.06399933278118675,0.0620347638338837
2018-10-09,0.02462,0.02462,0.06399933278118675,0.0620347638338837
2018-10-10,0.02462,0.02462,0.06399933278118675,0.0620347638338837
2018-10-11,0.02462,0.02462,0.06399933278118675,0.0620347638338837
2018-10-15,0.02462,0.02462,0.06399933278118675,0.0620347638338837
2018-10-16,0.02462,0.02462,0.06399933278118675,0.0620347638338837
2018-10-17,0.02462,0.02462,0.06399933278118675,0.0620347638338837
2018-10-18,0.02462,0.02462,0.06399933278118675,0.0620347638338837
2018-10-19,0.02462,0.02462,0.06399933278118675,0.0620347638338837
2018-10-22,0.02462,0.02462,0.06399933278118675,0.0620347638338837
2018-10-23,0.02462,0.02462,0.06399933278118675,0.0620347638338837
2018-10-24,0.02462,0.02462,0.06399933278118675,0.0620347638338837
2018-10-25,0.02462,0.02462,0.06399933278118675,0.0620347638338837
2018-10-26,0.02462,0.02462,0.06399933278118675,0.0620347638338837
2018-10-29,0.02462,0.02462,0.06399933278118675,0.0620347638338837
2018-10-30,0.02462,0.02462,0.06399933278118675,0.0620347638338837
2018-10-31,0.02462,0.02462,0.06399933278118675,0.0620347638338837
2018-11-01,0.02462,0.02462,0.06399933278118675,0.0620347638338837
2018-11-05,0.02462,0.02462,0.06399933278118675,0.0620347638338837
2018-11-06,0.02462,0.02462,0.06399933278118675,0.0620347638338837
2018-11-07,0.02462,0.02462,0.06399933278118675,0.0620347638338837
2018-11-08,0.02462,0.02462,0.06399933278118675,0.0620347638338837
2018-11-09,0.02462,0.02462,0.06399933278118675,0.0620347638338837
2018-11-12,0.02462,0.02462,0.06399933278118675,0.0620347638338837
2018-11-13,0.02462,0.02462,0.06399933278118675,0.0620347638338837
2018-11-14,0.02462,0.02462,0.06399933278118675,0.0620347638338837
2018-11-16,0.02462,0.02462,0.06399933278118675,0.0620347638338837
2018-11-19,0.02462,0.02462,0.06399933278118675,0.0620347638338837
2018-11-20,0.02462,0.02462,0.06399933278118675,0.0620347638338837
2018-11-21,0.02462,0.02462,0.06399933278118675,0.0620347638338837
2018-11-22,0.02462,0.02462,0.06399933278118675,0.0620347638338837
2018-11-23,0.02462,0.02462,0.06399933278118675,0.0620347638338837
2018-11-26,0.02462,0.02462,0.06399933278118675,0.0620347638338837
2018-11-27,0.02462,0.02462,0.06399933278118675,0.0620347638338837
2018-11-28,0.02462,0.02462,0.06399933278118675,0.0620347638338837
2018-11-29,0.02462,0.02462,0.06399933278118675,0.0620347638338837
2018-11-30,0.02462,0.02462,0.06399933278118675,0.0620347638338837
2018-12-03,0.02462,0.02462,0.06399933278118675,0.0620347638338837
2018-12-04,0.02462,0.02462,0.06399933278118675,0.0620347638338837
2018-12-05,0.02462,0.02462,0.06399933278118675,0.0620347638338837
2018-12-06,0.02462,0.02462,0.06399933278118675,0.0620347638338837
2018-12-07,0.02462,0.02462,0.06399933278118675,0.0620347638338837
2018-12-10,0.02462,0.02462,0.06399933278118675,0.0620347638338837
2018-12-11,0.02462,0.02462,0.06399933278118675,0.0620347638338837
2018-12-12,0.02462,0.02462,0.06399933278118675,0.0620347638338837
2018-12-13,0.02462,0.02462,0.06399933278118675,0.0620347638338837
2018-12-14,0.02462,0.02462,0.06399933278118675,0.0620347638338837
2018-12-17,0.02462,0.02462,0.06399933278118675,0.0620347638338837
2018-12-18,0.02462,0.02462,0.06399933278118675,0.0620347638338837
2018-12-19,0.02462,0.02462,0.06399933278118675,0.0620347638338837
2018-12-20,0.02462,0.02462,0.06399933278118675,0.0620347638338837
2018-12-21,0.02462,0.02462,0.06399933278118675,0.0620347638338837
2018-12-24,0.02462,0.02462,0.06399933278118675,0.0620347638338837
2018-12-26,0.02462,0.02462,0.06399933278118675,0.0620347638338837
2018-12-27,0.02462,0.02462,0.06399933278118675,0.0620347638338837
2018-12-28,0.02462,0.02462,0.06399933278118675,0.0620347638338837
2018-12-31,0.02462,0.02462,0.06399933278118675,0.0620347638338837
2019-01-02,0.02462,0.02462,0.06399933278118675,0.0620347638338837
2019-01-03,0.02462,0.02462,0.06399933278118675,0.0620347638338837
2019-01-04,0.02462,0.02462,0.06399933278118675,0.0620347638338837
2019-01-07,0.02462,0.02462,0.06399933278118675,0.0620347638338837
2019-01-08,0.02462,0.02462,0.06399933278118675,0.0620347638338837
2019-01-09,0.02462,0.02462,0.06399933278118675,0.0620347638338837
2019-01-10,0.02462,0.02462,0.06399933278118675,0.0620347638338837
2019-01-11,0.02462,0.02462,0.06399933278118675,0.0620347638338837
2019-01-14,0.02462,0.02462,0.06399933278118675,0.0620347638338837
2019-01-15,0.02462,0.02462,0.06399933278118675,0.0620347638338837
2019-01-16,0.02462,0.02462,0.06399933278118675,0.0620347638338837
2019-01-17,0.02462,0.02462,0.06399933278118675,0.0620347638338837
2019-01-18,0.02462,0.02462,0.06399933278118675,0.0620347638338837
2019-01-21,0.02462,0.02462,0.06399933278118675,0.0620347638338837
2019-01-22,0.02462,0.02462,0.06399933278118675,0.0620347638338837
2019-01-23,0.02462,0.02462,0.06399933278118675,0.0620347638338837
2019-01-24,0.02462,0.02462,0.06399933278118675,0.0620347638338837
2019-01-25,0.02462,0.02462,0.06399933278118675,0.0620347638338837
2019-01-28,0.02462,0.02462,0.06399933278118675,0.0620347638338837
2019-01-29,0.02462,0.02462,0.06399933278118675,0.0620347638338837
2019-01-30,0.02462,0.02462,0.06399933278118675,0.0620347638338837
2019-01-31,0.02462,0.02462,0.06399933278118675,0.0620347638338837
2019-02-01,0.02462,0.02462,0.06399933278118675,0.0620347638338837
2019-02-04,0.02462,0.02462,0.06399933278118675,0.0620347638338837
2019-02-05,0.02462,0.02462,0.06399933278118675,0.0620347638338837
2019-02-06,0.02462,0.02462,0.06399933278118675,0.0620347638338837
2019-02-07,0.02462,0.02462,0.06399933278118675,0.0620347638338837
2019-02-08,0.02462,0.02462,0.06399933278118675,0.0620347638338837
2019-02-11,0.02462,0.02462,0.06399933278118675,0.0620347638338837
2019-02-12,0.02462,0.02462,0.06399933278118675,0.0620347638338837
2019-02-13,0.02462,0.02462,0.06399933278118675,0.0620347638338837
2019-02-14,0.02462,0.02462,0.06399933278118675,0.0620347638338837
2019-02-15,0.02462,0.02462,0.06399933278118675,0.0620347638338837
2019-02-18,0.02462,0.02462,0.06399933278118675,0.0620347638338837
2019-02-19,0.02462,0.02462,0.06399933278118675,0.0620347638338837
2019-02-20,0.02462,0.02462,0.06399933278118675,0.0620347638338837
2019-02-21,0.02462,0.02462,0.06399933278118675,0.0620347638338837
2019-02-22,0.02462,0.02462,0.06399933278118675,0.0620347638338837
2019-02-25,0.02462,0.02462,0.06399933278118675,0.0620347638338837
2019-02-26,0.02462,0.02462,0.06399933278118675,0.0620347638338837
2019-02-27,0.02462,0.02462,0.06399933278118675,0.0620347638338837
2019-02-28,0.02462,0.02462,0.06399933278118675,0.0620347638338837
2019-03-01,0.02462,0.02462,0.06399933278118675,0.0620347638338837
2019-03-06,0.02462,0.02462,0.06399933278118675,0.0620347638338837
2019-03-07,0.02462,0.02462,0.06399933278118675,0.0620347638338837
2019-03-08,0.02462,0.02462,0.06399933278118675,0.0620347638338837
2019-03-11,0.02462,0.02462,0.06399933278118675,0.0620347638338837
2019-03-12,0.02462,0.02462,0.06399933278118675,0.0620347638338837
2019-03-13,0.02462,0.02462,0.06399933278118675,0.0620347638338837
2019-03-14,0.02462,0.02462,0.06399933278118675,0.0620347638338837
2019-03-15,0.02462,0.02462,0.06399933278118675,0.0620347638338837
2019-03-18,0.02462,0.02462,0.06399933278118675,0.0620347638338837
2019-03-19,0.02462,0.02462,0.06399933278118675,0.0620347638338837
2019-03-20,0.02462,0.02462,0.06399933278118675,0.0620347638338837
2019-03-21,0.02462,0.02462,0.06399933278118675,0.0620347638338837
2019-03-22,0.02462,0.02462,0.06399933278118675,0.0620347638338837
2019-03-25,0.02462,0.02462,0.06399933278118675,0.0620347638338837
2019-03-26,0.02462,0.02462,0.06399933278118675,0.0620347638338837
2019-03-27,0.02462,0.02462,0.06399933278118675,0.0620347638338837
2019-03-28,0.02462,0.02462,0.06399933278118675,0.0620347638338837
2019-03-29,0.02462,0.02462,0.06399933278118675,0.0620347638338837
2019-04-01,0.02462,0.02462,0.06399933278118675,0.0620347638338837
2019-04-02,0.02462,0.02462,0.06399933278118675,0.0620347638338837
2019-04-03,0.02462,0.02462,0.06399933278118675,0.0620347638338837
2019-04-04,0.02462,0.02462,0.06399933278118675,0.0620347638338837
2019-04-05,0.02462,0.02462,0.06399933278118675,0.0620347638338837
2019-04-08,0.02462,0.02462,0.06399933278118675,0.0620347638338837
2019-04-09,0.02462,0.02462,0.06399933278118675,0.0620347638338837
2019-04-10,0.02462,0.02462,0.06399933278118675,0.0620347638338837
2019-04-11,0.02462,0.02462,0.06399933278118675,0.0620347638338837
2019-04-12,0.02462,0.02462,0.06399933278118675,0.0620347638338837
2019-04-15,0.02462,0.02462,0.06399933278118675,0.0620347638338837
2019-04-16,0.02462,0.02462,0.06399933278118675,0.0620347638338837
2019-04-17,0.02462,0.02462,0.06399933278118675,0.0620347638338837
2019-04-18,0.02462,0.02462,0.06399933278118675,0.0620347638338837
2019-04-22,0.02462,0.02462,0.06399933278118675,0.0620347638338837
2019-04-23,0.02462,0.02462,0.06399933278118675,0.0620347638338837
2019-04-24,0.02462,0.02462,0.06399933278118675,0.0620347638338837
2019-04-25,0.02462,0.02462,0.06399933278118675,0.0620347638338837
2019-04-26,0.02462,0.02462,0.06399933278118675,0.0620347638338837
2019-04-29,0.02462,0.02462,0.06399933278118675,0.0620347638338837
2019-04-30,0.02462,0.02462,0.06399933278118675,0.0620347638338837
2019-05-02,0.02462,0.02462,0.06399933278118675,0.0620347638338837
2019-05-03,0.02462,0.02462,0.06399933278118675,0.0620347638338837
2019-05-06,0.02462,0.02462,0.06399933278118675,0.0620347638338837
2019-05-07,0.02462,0.02462,0.06399933278118675,0.0620347638338837
2019-05-08,0.02462,0.02462,0.06399933278118675,0.0620347638338837
2019-05-09,0.02462,0.02462,0.06399933278118675,0.0620347638338837
2019-05-10,0.02462,0.02462,0.06399933278118675,0.0620347638338837
2019-05-13,0.02462,0.02462,0.06399933278118675,0.0620347638338837
2019-05-14,0.02462,0.02462,0.06399933278118675,0.0620347638338837
2019-05-15,0.02462,0.02462,0.06399933278118675,0.0620347638338837
2019-05-16,0.02462,0.02462,0.06399933278118675,0.0620347638338837
2019-05-17,0.02462,0.02462,0.06399933278118675,0.0620347638338837
2019-05-20,0.02462,0.02462,0.06399933278118675,0.0620347638338837
2019-05-21,0.02462,0.02462,0.06399933278118675,0.0620347638338837
2019-05-22,0.02462,0.02462,0.06399933278118675,0.0620347638338837
2019-05-23,0.02462,0.02462,0.06399933278118675,0.0620347638338837
2019-05-24,0.02462,0.02462,0.06399933278118675,0.0620347638338837
2019-05-27,0.02462,0.02462,0.06399933278118675,0.0620347638338837
2019-05-28,0.02462,0.02462,0.06399933278118675,0.0620347638338837
2019-05-29,0.02462,0.02462,0.06399933278118675,0.0620347638338837
2019-05-30,0.02462,0.02462,0.06399933278118675,0.0620347638338837
2019-05-31,0.02462,0.02462,0.06399933278118675,0.0620347638338837
2019-06-03,0.02462,0.02462,0.06399933278118675,0.0620347638338837
2019-06-04,0.02462,0.02462,0.06399933278118675,0.0620347638338837
2019-06-05,0.02462,0.02462,0.06399933278118675,0.0620347638338837
2019-06-06,0.02462,0.02462,0.06399933278118675,0.0620347638338837
2019-06-07,0.02462,0.02462,0.06399933278118675,0.0620347638338837
2019-06-10,0.02462,0.02462,0.06399933278118675,0.0620347638338837
2019-06-11,0.02462,0.02462,0.06399933278118675,0.0620347638338837
2019-06-12,0.02462,0.02462,0.06399933278118675,0.0620347638338837
2019-06-13,0.02462,0.02462,0.06399933278118675,0.0620347638338837
2019-06-14,0.02462,0.02462,0.06399933278118675,0.0620347638338837
2019-06-17,0.02462,0.02462,0.06399933278118675,0.0620347638338837
2019-06-18,0.02462,0.02462,0.06399933278118675,0.0620347638338837
2019-06-19,0.02462,0.02462,0.06399933278118675,0.0620347638338837
2019-06-21,0.02462,0.02462,0.06399933278118675,0.0620347638338837
2019-06-24,0.02462,0.02462,0.06399933278118675,0.0620347638338837
2019-06-25,0.02462,0.02462,0.06399933278118675,0.0620347638338837
2019-06-26,0.02462,0.02462,0.06399933278118675,0.0620347638338837
2019-06-27,0.02462,0.02462,0.06399933278118675,0.0620347638338837
2019-06-28,0.02462,0.02462,0.06399933278118675,0.0620347638338837
2019-07-01,0.02462,0.02462,0.06399933278118675,0.0620347638338837
2019-07-02,0.02462,0.02462,0.06399933278118675,0.0620347638338837
2019-07-03,0.02462,0.02462,0.06399933278118675,0.0620347638338837
2019-07-04,0.02462,0.02462,0.06399933278118675,0.0620347638338837
2019-07-05,0.02462,0.02462,0.06399933278118675,0.0620347638338837
2019-07-08,0.02462,0.02462,0.06399933278118675,0.0620347638338837
2019-07-09,0.02462,0.02462,0.06399933278118675,0.0620347638338837
2019-07-10,0.02462,0.02462,0.06399933278118675,0.0620347638338837
2019-07-11,0.02462,0.02462,0.06399933278118675,0.0620347638338837
2019-07-12,0.02462,0.02462,0.06399933278118675,0.0620347638338837
2019-07-15,0.02462,0.02462,0.06399933278118675,0.0620347638338837
2019-07-16,0.02462,0.02462,0.06399933278118675,0.0620347638338837
2019-07-17,0.02462,0.02462,0.06399933278118675,0.0620347638338837
2019-07-18,0.02462,0.02462,0.06399933278118675,0.0620347638338837
2019-07-19,0.02462,0.02462,0.06399933278118675,0.0620347638338837
2019-07-22,0.02462,0.02462,0.06399933278118675,0.0620347638338837
2019-07-23,0.02462,0.02462,0.06399933278118675,0.0620347638338837
2019-07-24,0.02462,0.02462,0.06399933278118675,0.0620347638338837
2019-07-25,0.02462,0.02462,0.06399933278118675,0.0620347638338837
2019-07-26,0.02462,0.02462,0.06399933278118675,0.0620347638338837
2019-07-29,0.02462,0.02462,0.06399933278118675,0.0620347638338837
2019-07-30,0.02462,0.02462,0.06399933278118675,0.0620347638338837
2019-07-31,0.02462,0.02462,0.06399933278118675,0.0620347638338837
2019-08-01,0.022751,0.022751,0.059000987527425997,0.05732599912821101
2019-08-02,0.022751,0.022751,0.059000987527425997,0.05732599912821101
2019-08-05,0.022751,0.022751,0.059000987527425997,0.05732599912821101
2019-08-06,0.022751,0.022751,0.059000987527425997,0.05732599912821101
2019-08-07,0.022751,0.022751,0.059000987527425997,0.05732599912821101
2019-08-08,0.022751,0.022751,0.059000987527425997,0.05732599912821101
2019-08-09,0.022751,0.022751,0.059000987527425997,0.05732599912821101
2019-08-12,0.022751,0.022751,0.059000987527425997,0.05732599912821101
2019-08-13,0.022751,0.022751,0.059000987527425997,0.05732599912821101
2019-08-14,0.022751,0.022751,0.059000987527425997,0.05732599912821101
2019-08-15,0.022751,0.022751,0.059000987527425997,0.05732599912821101
2019-08-16,0.022751,0.022751,0.059000987527425997,0.05732599912821101
2019-08-19,0.022751,0.022751,0.059000987527425997,0.05732599912821101
2019-08-20,0.022751,0.022751,0.059000987527425997,0.05732599912821101
2019-08-21,0.022751,0.022751,0.059000987527425997,0.05732599912821101
2019-08-22,0.022751,0.022751,0.059000987527425997,0.05732599912821101
2019-08-23,0.022751,0.022751,0.059000987527425997,0.05732599912821101
2019-08-26,0.022751,0.022751,0.059000987527425997,0.05732599912821101
2019-08-27,0.022751,0.022751,0.059000987527425997,0.05732599912821101
2019-08-28,0.022751,0.022751,0.059000987527425997,0.05732599912821101
2019-08-29,0.022751,0.022751,0.059000987527425997,0.05732599912821101
2019-08-30,0.022751,0.022751,0.059000987527425997,0.05732599912821101
2019-09-02,0.022751,0.022751,0.059000987527425997,0.05732599912821101
2019-09-03,0.022751,0.022751,0.059000987527425997,0.05732599912821101
2019-09-04,0.022751,0.022751,0.059000987527425997,0.05732599912821101
2019-09-05,0.022751,0.022751,0.059000987527425997,0.05732599912821101
2019-09-06,0.022751,0.022751,0.059000987527425997,0.05732599912821101
2019-09-09,0.022751,0.022751,0.059000987527425997,0.05732599912821101
2019-09-10,0.022751,0.022751,0.059000987527425997,0.05732599912821101
2019-09-11,0.022751,0.022751,0.059000987527425997,0.05732599912821101
2019-09-12,0.022751,0.022751,0.059000987527425997,0.05732599912821101
2019-09-13,0.022751,0.022751,0.059000987527425997,0.05732599912821101
2019-09-16,0.022751,0.022751,0.059000987527425997,0.05732599912821101
2019-09-17,0.022751,0.022751,0.059000987527425997,0.05732599912821101
2019-09-18,0.022751,0.022751,0.059000987527425997,0.05732599912821101
2019-09-19,0.020872,0.020872,0.05399947466088717,0.05259195169482769
2019-09-20,0.020872,0.020872,0.05399947466088717,0.05259195169482769
2019-09-23,0.020872,0.020872,0.05399947466088717,0.05259195169482769
2019-09-24,0.020872,0.020872,0.05399947466088717,0.05259195169482769
2019-09-25,0.020872,0.020872,0.05399947466088717,0.05259195169482769
2019-09-26,0.020872,0.020872,0.05399947466088717,0.05259195169482769
2019-09-27,0.020872,0.020872,0.05399947466088717,0.05259195169482769
2019-09-30,0.020872,0.020872,0.05399947466088717,0.05259195169482769
2019-10-01,0.020872,0.020872,0.05399947466088717,0.05259195169482769
2019-10-02,0.020872,0.020872,0.05399947466088717,0.05259195169482769
2019-10-03,0.020872,0.020872,0.05399947466088717,0.05259195169482769
2019-10-04,0.020872,0.020872,0.05399947466088717,0.05259195169482769
2019-10-07,0.020872,0.020872,0.05399947466088717,0.05259195169482769
2019-10-08,0.020872,0.020872,0.05399947466088717,0.05259195169482769
2019-10-09,0.020872,0.020872,0.05399947466088717,0.05259195169482769
2019-10-10,0.020872,0.020872,0.05399947466088717,0.05259195169482769
2019-10-11,0.020872,0.020872,0.05399947466088717,0.05259195169482769
2019-10-14,0.020872,0.020872,0.05399947466088717,0.05259195169482769
2019-10-15,0.020872,0.020872,0.05399947466088717,0.05259195169482769
2019-10-16,0.020872,0.020872,0.05399947466088717,0.05259195169482769
2019-10-17,0.020872,0.020872,0.05399947466088717,0.05259195169482769
2019-10-18,0.020872,0.020872,0.05399947466088717,0.05259195169482769
2019-10-21,0.020872,0.020872,0.05399947466088717,0.05259195169482769
2019-10-22,0.020872,0.020872,0.05399947466088717,0.05259195169482769
2019-10-23,0.020872,0.020872,0.05399947466088717,0.05259195169482769
2019-10-24,0.020872,0.020872,0.05399947466088717,0.05259195169482769
2019-10-25,0.020872,0.020872,0.05399947466088717,0.05259195169482769
2019-10-28,0.020872,0.020872,0.05399947466088717,0.05259195169482769
2019-10-29,0.020872,0.020872,0.05399947466088717,0.05259195169482769
2019-10-30,0.020872,0.020872,0.05399947466088717,0.05259195169482769
2019-10-31,0.018985,0.018985,0.04900034589700164,0.04783765915387566
2019-11-01,0.018985,0.018985,0.04900034589700164,0.04783765915387566
2019-11-04,0.018985,0.018985,0.04900034589700164,0.04783765915387566
2019-11-05,0.018985,0.018985,0.04900034589700164,0.04783765915387566
2019-11-06,0.018985,0.018985,0.04900034589700164,0.04783765915387566
2019-11-07,0.018985,0.018985,0.04900034589700164,0.04783765915387566
2019-11-08,0.018985,0.018985,0.04900034589700164,0.04783765915387566
2019-11-11,0.018985,0.018985,0.04900034589700164,0.04783765915387566
2019-11-12,0.018985,0.018985,0.04900034589700164,0.04783765915387566
2019-11-13,0.018985,0.018985,0.04900034589700164,0.04783765915387566
2019-11-14,0.018985,0.018985,0.04900034589700164,0.04783765915387566
2019-11-18,0.018985,0.018985,0.04900034589700164,0.04783765915387566
2019-11-19,0.018985,0.018985,0.04900034589700164,0.04783765915387566
2019-11-20,0.018985,0.018985,0.04900034589700164,0.04783765915387566
2019-11-21,0.018985,0.018985,0.04900034589700164,0.04783765915387566
2019-11-22,0.018985,0.018985,0.04900034589700164,0.04783765915387566
2019-11-25,0.018985,0.018985,0.04900034589700164,0.04783765915387566
2019-11-26,0.018985,0.018985,0.04900034589700164,0.04783765915387566
2019-11-27,0.018985,0.018985,0.04900034589700164,0.04783765915387566
2019-11-28,0.018985,0.018985,0.04900034589700164,0.04783765915387566
2019-11-29,0.018985,0.018985,0.04900034589700164,0.04783765915387566
2019-12-02,0.018985,0.018985,0.04900034589700164,0.04783765915387566
2019-12-03,0.018985,0.018985,0.04900034589700164,0.04783765915387566
2019-12-04,0.018985,0.018985,0.04900034589700164,0.04783765915387566
2019-12-05,0.018985,0.018985,0.04900034589700164,0.04783765915387566
2019-12-06,0.018985,0.018985,0.04900034589700164,0.04783765915387566
2019-12-09,0.018985,0.018985,0.04900034589700164,0.04783765915387566
2019-12-10,0.018985,0.018985,0.04900034589700164,0.04783765915387566
2019-12-11,0.018985,0.018985,0.04900034589700164,0.04783765915387566
2019-12-12,0.017089,0.017089,0.04400116023050438,0.043060600791749365
2019-12-13,0.017089,0.017089,0.04400116023050438,0.043060600791749365
2019-12-16,0.017089,0.017089,0.04400116023050438,0.043060600791749365
2019-12-17,0.017089,0.017089,0.04400116023050438,0.043060600791749365
2019-12-18,0.017089,0.017089,0.04400116023050438,0.043060600791749365
2019-12-19,0.017089,0.017089,0.04400116023050438,0.043060600791749365
2019-12-20,0.017089,0.017089,0.04400116023050438,0.043060600791749365
2019-12-23,0.017089,0.017089,0.04400116023050438,0.043060600791749365
2019-12-24,0.017089,0.017089,0.04400116023050438,0.043060600791749365
2019-12-26,0.017089,0.017089,0.04400116023050438,0.043060600791749365
2019-12-27,0.017089,0.017089,0.04400116023050438,0.043060600791749365
2019-12-30,0.017089,0.017089,0.04400116023050438,0.043060600791749365
2019-12-31,0.017089,0.017089,0.04400116023050438,0.043060600791749365
2020-01-02,0.017089,0.017089,0.04400116023050438,0.043060600791749365
2020-01-03,0.017089,0.017089,0.04400116023050438,0.043060600791749365
2020-01-06,0.017089,0.017089,0.04400116023050438,0.043060600791749365
2020-01-07,0.017089,0.017089,0.04400116023050438,0.043060600791749365
2020-01-08,0.017089,0.017089,0.04400116023050438,0.043060600791749365
2020-01-09,0.017089,0.017089,0.04400116023050438,0.043060600791749365
2020-01-10,0.017089,0.017089,0.04400116023050438,0.043060600791749365
2020-01-13,0.017089,0.017089,0.04400116023050438,0.043060600791749365
2020-01-14,0.017089,0.017089,0.04400116023050438,0.043060600791749365
2020-01-15,0.017089,0.017089,0.04400116023050438,0.043060600791749365
2020-01-16,0.017089,0.017089,0.04400116023050438,0.043060600791749365
2020-01-17,0.017089,0.017089,0.04400116023050438,0.043060600791749365
2020-01-20,0.017089,0.017089,0.04400116023050438,0.043060600791749365
2020-01-21,0.017089,0.017089,0.04400116023050438,0.043060600791749365
2020-01-22,0.017089,0.017089,0.04400116023050438,0.043060600791749365
2020-01-23,0.017089,0.017089,0.04400116023050438,0.043060600791749365
2020-01-24,0.017089,0.017089,0.04400116023050438,0.043060600791749365
2020-01-27,0.017089,0.017089,0.04400116023050438,0.043060600791749365
2020-01-28,0.017089,0.017089,0.04400116023050438,0.043060600791749365
2020-01-29,0.017089,0.017089,0.04400116023050438,0.043060600791749365
2020-01-30,0.017089,0.017089,0.04400116023050438,0.043060600791749365
2020-01-31,0.017089,0.017089,0.04400116023050438,0.043060600791749365
2020-02-03,0.017089,0.017089,0.04400116023050438,0.043060600791749365
2020-02-04,0.017089,0.017089,0.04400116023050438,0.043060600791749365
2020-02-05,0.017089,0.017089,0.04400116023050438,0.043060600791749365
2020-02-06,0.016137,0.016137,0.041499976627874524,0.04066195927804592
2020-02-07,0.016137,0.016137,0.041499976627874524,0.04066195927804592
2020-02-10,0.016137,0.016137,0.041499976627874524,0.04066195927804592
2020-02-11,0.016137,0.016137,0.041499976627874524,0.04066195927804592
2020-02-12,0.016137,0.016137,0.041499976627874524,0.04066195927804592
2020-02-13,0.016137,0.016137,0.041499976627874524,0.04066195927804592
2020-02-14,0.016137,0.016137,0.041499976627874524,0.04066195927804592
2020-02-17,0.016137,0.016137,0.041499976627874524,0.04066195927804592
2020-02-18,0.016137,0.016137,0.041499976627874524,0.04066195927804592
2020-02-19,0.016137,0.016137,0.041499976627874524,0.04066195927804592
2020-02-20,0.016137,0.016137,0.041499976627874524,0.04066195927804592
2020-02-21,0.016137,0.016137,0.041499976627874524,0.04066195927804592
2020-02-26,0.016137,0.016137,0.041499976627874524,0.04066195927804592
2020-02-27,0.016137,0.016137,0.041499976627874524,0.04066195927804592
2020-02-28,0.016137,0.016137,0.041499976627874524,0.04066195927804592
2020-03-02,0.016137,0.016137,0.041499976627874524,0.04066195927804592
2020-03-03,0.016137,0.016137,0.041499976627874524,0.04066195927804592
2020-03-04,0.016137,0.016137,0.041499976627874524,0.04066195927804592
2020-03-05,0.016137,0.016137,0.041499976627874524,0.04066195927804592
2020-03-06,0.016137,0.016137,0.041499976627874524,0.04066195927804592
2020-03-09,0.016137,0.016137,0.041499976627874524,0.04066195927804592
2020-03-10,0.016137,0.016137,0.041499976627874524,0.04066195927804592
2020-03-11,0.016137,0.016137,0.041499976627874524,0.04066195927804592
2020-03-12,0.016137,0.016137,0.041499976627874524,0.04066195927804592
2020-03-13,0.016137,0.016137,0.041499976627874524,0.04066195927804592
2020-03-16,0.016137,0.016137,0.041499976627874524,0.04066195927804592
2020-03-17,0.016137,0.016137,0.041499976627874524,0.04066195927804592
2020-03-18,0.016137,0.016137,0.041499976627874524,0.04066195927804592
2020-03-19,0.014227,0.014227,0.03649983106430166,0.03584948990699956
2020-03-20,0.014227,0.014227,0.03649983106430166,0.03584948990699956
2020-03-23,0.014227,0.014227,0.03649983106430166,0.03584948990699956
2020-03-24,0.014227,0.014227,0.03649983106430166,0.03584948990699956
2020-03-25,0.014227,0.014227,0.03649983106430166,0.03584948990699956
2020-03-26,0.014227,0.014227,0.03649983106430166,0.03584948990699956
2020-03-27,0.014227,0.014227,0.03649983106430166,0.03584948990699956
2020-03-30,0.014227,0.014227,0.03649983106430166,0.03584948990699956
2020-03-31,0.014227,0.014227,0.03649983106430166,0.03584948990699956
2020-04-01,0.014227,0.014227,0.03649983106430166,0.03584948990699956
2020-04-02,0.014227,0.014227,0.03649983106430166,0.03584948990699956
2020-04-03,0.014227,0.014227,0.03649983106430166,0.03584948990699956
2020-04-06,0.014227,0.014227,0.03649983106430166,0.03584948990699956
2020-04-07,0.014227,0.014227,0.03649983106430166,0.03584948990699956
2020-04-08,0.014227,0.014227,0.03649983106430166,0.03584948990699956
2020-04-09,0.014227,0.014227,0.03649983106430166,0.03584948990699956
2020-04-13,0.014227,0.014227,0.03649983106430166,0.03584948990699956
2020-04-14,0.014227,0.014227,0.03649983106430166,0.03584948990699956
2020-04-15,0.014227,0.014227,0.03649983106430166,0.03584948990699956
2020-04-16,0.014227,0.014227,0.03649983106430166,0.03584948990699956
2020-04-17,0.014227,0.014227,0.03649983106430166,0.03584948990699956
2020-04-20,0.014227,0.014227,0.03649983106430166,0.03584948990699956
2020-04-22,0.014227,0.014227,0.03649983106430166,0.03584948990699956
2020-04-23,0.014227,0.014227,0.03649983106430166,0.03584948990699956
2020-04-24,0.014227,0.014227,0.03649983106430166,0.03584948990699956
2020-04-27,0.014227,0.014227,0.03649983106430166,0.03584948990699956
2020-04-28,0.014227,0.014227,0.03649983106430166,0.03584948990699956
2020-04-29,0.014227,0.014227,0.03649983106430166,0.03584948990699956
2020-04-30,0.014227,0.014227,0.03649983106430166,0.03584948990699956
2020-05-04,0.014227,0.014227,0.03649983106430166,0.03584948990699956
2020-05-05,0.014227,0.014227,0.03649983106430166,0.03584948990699956
2020-05-06,0.014227,0.014227,0.03649983106430166,0.03584948990699956
2020-05-07,0.011345,0.011345,0.029000330861635337,0.02858777838893169
2020-05-08,0.011345,0.011345,0.029000330861635337,0.02858777838893169
2020-05-11,0.011345,0.011345,0.029000330861635337,0.02858777838893169
2020-05-12,0.011345,0.011345,0.029000330861635337,0.02858777838893169
2020-05-13,0.011345,0.011345,0.029000330861635337,0.02858777838893169
2020-05-14,0.011345,0.011345,0.029000330861635337,0.02858777838893169
2020-05-15,0.011345,0.011345,0.029000330861635337,0.02858777838893169
2020-05-18,0.011345,0.011345,0.029000330861635337,0.02858777838893169
2020-05-19,0.011345,0.011345,0.029000330861635337,0.02858777838893169
2020-05-20,0.011345,0.011345,0.029000330861635337,0.02858777838893169
2020-05-21,0.011345,0.011345,0.029000330861635337,0.02858777838893169
2020-05-22,0.011345,0.011345,0.029000330861635337,0.02858777838893169
2020-05-25,0.011345,0.011345,0.029000330861635337,0.02858777838893169
2020-05-26,0.011345,0.011345,0.029000330861635337,0.02858777838893169
2020-05-27,0.011345,0.011345,0.029000330861635337,0.02858777838893169
2020-05-28,0.011345,0.011345,0.029000330861635337,0.02858777838893169
2020-05-29,0.011345,0.011345,0.029000330861635337,0.02858777838893169
2020-06-01,0.011345,0.011345,0.029000330861635337,0.02858777838893169
2020-06-02,0.011345,0.011345,0.029000330861635337,0.02858777838893169
2020-06-03,0.011345,0.011345,0.029000330861635337,0.02858777838893169
2020-06-04,0.011345,0.011345,0.029000330861635337,0.02858777838893169
2020-06-05,0.011345,0.011345,0.029000330861635337,0.02858777838893169
2020-06-08,0.011345,0.011345,0.029000330861635337,0.02858777838893169
2020-06-09,0.011345,0.011345,0.029000330861635337,0.02858777838893169
2020-06-10,0.011345,0.011345,0.029000330861635337,0.02858777838893169
2020-06-12,0.011345,0.011345,0.029000330861635337,0.02858777838893169
2020-06-15,0.011345,0.011345,0.029000330861635337,0.02858777838893169
2020-06-16,0.011345,0.011345,0.029000330861635337,0.02858777838893169
2020-06-17,0.011345,0.011345,0.029000330861635337,0.02858777838893169
2020-06-18,0.008442,0.008442,0.021500824152896225,0.021272942081748084
2020-06-19,0.008442,0.008442,0.021500824152896225,0.021272942081748084
2020-06-22,0.008442,0.008442,0.021500824152896225,0.021272942081748084
2020-06-23,0.008442,0.008442,0.021500824152896225,0.021272942081748084
2020-06-24,0.008442,0.008442,0.021500824152896225,0.021272942081748084
2020-06-25,0.008442,0.008442,0.021500824152896225,0.021272942081748084
2020-06-26,0.008442,0.008442,0.021500824152896225,0.021272942081748084
2020-06-29,0.008442,0.008442,0.021500824152896225,0.021272942081748084
2020-06-30,0.008442,0.008442,0.021500824152896225,0.021272942081748084
2020-07-01,0.008442,0.008442,0.021500824152896225,0.021272942081748084
2020-07-02,0.008442,0.008442,0.021500824152896225,0.021272942081748084
2020-07-03,0.008442,0.008442,0.021500824152896225,0.021272942081748084
2020-07-06,0.008442,0.008442,0.021500824152896225,0.021272942081748084
2020-07-07,0.008442,0.008442,0.021500824152896225,0.021272942081748084
2020-07-08,0.008442,0.008442,0.021500824152896225,0.021272942081748084
2020-07-09,0.008442,0.008442,0.021500824152896225,0.021272942081748084
2020-07-10,0.008442,0.008442,0.021500824152896225,0.021272942081748084
2020-07-13,0.008442,0.008442,0.021500824152896225,0.021272942081748084
2020-07-14,0.008442,0.008442,0.021500824152896225,0.021272942081748084
2020-07-15,0.008442,0.008442,0.021500824152896225,0.021272942081748084
2020-07-16,0.008442,0.008442,0.021500824152896225,0.021272942081748084
2020-07-17,0.008442,0.008442,0.021500824152896225,0.021272942081748084
2020-07-20,0.008442,0.008442,0.021500824152896225,0.021272942081748084
2020-07-21,0.008442,0.008442,0.021500824152896225,0.021272942081748084
2020-07-22,0.008442,0.008442,0.021500824152896225,0.021272942081748084
2020-07-23,0.008442,0.008442,0.021500824152896225,0.021272942081748084
2020-07-24,0.008442,0.008442,0.021500824152896225,0.021272942081748084
2020-07-27,0.008442,0.008442,0.021500824152896225,0.021272942081748084
2020-07-28,0.008442,0.008442,0.021500824152896225,0.021272942081748084
2020-07-29,0.008442,0.008442,0.021500824152896225,0.021272942081748084
2020-07-30,0.008442,0.008442,0.021500824152896225,0.021272942081748084
2020-07-31,0.008442,0.008442,0.021500824152896225,0.021272942081748084
2020-08-03,0.008442,0.008442,0.021500824152896225,0.021272942081748084
2020-08-04,0.008442,0.008442,0.021500824152896225,0.021272942081748084
2020-08-05,0.008442,0.008442,0.021500824152896225,0.021272942081748084
2020-08-06,0.007469,0.007469,0.018999411926388765,0.01882117713188933
2020-08-07,0.007469,0.007469,0.018999411926388765,0.01882117713188933
2020-08-10,0.007469,0.007469,0.018999411926388765,0.01882117713188933
2020-08-11,0.007469,0.007469,0.018999411926388765,0.01882117713188933
2020-08-12,0.007469,0.007469,0.018999411926388765,0.01882117713188933
2020-08-13,0.007469,0.007469,0.018999411926388765,0.01882117713188933
2020-08-14,0.007469,0.007469,0.018999411926388765,0.01882117713188933
2020-08-17,0.007469,0.007469,0.018999411926388765,0.01882117713188933
2020-08-18,0.007469,0.007469,0.018999411926388765,0.01882117713188933
2020-08-19,0.007469,0.007469,0.018999411926388765,0.01882117713188933
2020-08-20,0.007469,0.007469,0.018999411926388765,0.01882117713188933
2020-08-21,0.007469,0.007469,0.018999411926388765,0.01882117713188933
2020-08-24,0.007469,0.007469,0.018999411926388765,0.01882117713188933
2020-08-25,0.007469,0.007469,0.018999411926388765,0.01882117713188933
2020-08-26,0.007469,0.007469,0.018999411926388765,0.01882117713188933
2020-08-27,0.007469,0.007469,0.018999411926388765,0.01882117713188933
2020-08-28,0.007469,0.007469,0.018999411926388765,0.01882117713188933
2020-08-31,0.007469,0.007469,0.018999411926388765,0.01882117713188933
2020-09-01,0.007469,0.007469,0.018999411926388765,0.01882117713188933
2020-09-02,0.007469,0.007469,0.018999411926388765,0.01882117713188933
2020-09-03,0.007469,0.007469,0.018999411926388765,0.01882117713188933
2020-09-04,0.007469,0.007469,0.018999411926388765,0.01882117713188933
2020-09-08,0.007469,0.007469,0.018999411926388765,0.01882117713188933
2020-09-09,0.007469,0.007469,0.018999411926388765,0.01882117713188933
2020-09-10,0.007469,0.007469,0.018999411926388765,0.01882117713188933
2020-09-11,0.007469,0.007469,0.018999411926388765,0.01882117713188933
2020-09-14,0.007469,0.007469,0.018999411926388765,0.01882117713188933
2020-09-15,0.007469,0.007469,0.018999411926388765,0.01882117713188933
2020-09-16,0.007469,0.007469,0.018999411926388765,0.01882117713188933
2020-09-17,0.007469,0.007469,0.018999411926388765,0.01882117713188933
2020-09-18,0.007469,0.007469,0.018999411926388765,0.01882117713188933
2020-09-21,0.007469,0.007469,0.018999411926388765,0.01882117713188933
2020-09-22,0.007469,0.007469,0.018999411926388765,0.01882117713188933
2020-09-23,0.007469,0.007469,0.018999411926388765,0.01882117713188933
2020-09-24,0.007469,0.007469,0.018999411926388765,0.01882117713188933
2020-09-25,0.007469,0.007469,0.018999411926388765,0.01882117713188933
2020-09-28,0.007469,0.007469,0.018999411926388765,0.01882117713188933
2020-09-29,0.007469,0.007469,0.018999411926388765,0.01882117713188933
2020-09-30,0.007469,0.007469,0.018999411926388765,0.01882117713188933
2020-10-01,0.007469,0.007469,0.018999411926388765,0.01882117713188933
2020-10-02,0.007469,0.007469,0.018999411926388765,0.01882117713188933
2020-10-05,0.007469,0.007469,0.018999411926388765,0.01882117713188933
2020-10-06,0.007469,0.007469,0.018999411926388765,0.01882117713188933
2020-10-07,0.007469,0.007469,0.018999411926388765,0.01882117713188933
2020-10-08,0.007469,0.007469,0.018999411926388765,0.01882117713188933
2020-10-09,0.007469,0.007469,0.018999411926388765,0.01882117713188933
2020-10-13,0.007469,0.007469,0.018999411926388765,0.01882117713188933
2020-10-14,0.007469,0.007469,0.018999411926388765,0.01882117713188933
2020-10-15,0.007469,0.007469,0.018999411926388765,0.01882117713188933
2020-10-16,0.007469,0.007469,0.018999411926388765,0.01882117713188933
2020-10-19,0.007469,0.007469,0.018999411926388765,0.01882117713188933
2020-10-20,0.007469,0.007469,0.018999411926388765,0.01882117713188933
2020-10-21,0.007469,0.007469,0.018999411926388765,0.01882117713188933
2020-10-22,0.007469,0.007469,0.018999411926388765,0.01882117713188933
2020-10-23,0.007469,0.007469,0.018999411926388765,0.01882117713188933
2020-10-26,0.007469,0.007469,0.018999411926388765,0.01882117713188933
2020-10-27,0.007469,0.007469,0.018999411926388765,0.01882117713188933
2020-10-28,0.007469,0.007469,0.018999411926388765,0.01882117713188933
2020-10-29,0.007469,0.007469,0.018999411926388765,0.01882117713188933
2020-10-30,0.007469,0.007469,0.018999411926388765,0.01882117713188933
2020-11-03,0.007469,0.007469,0.018999411926388765,0.01882117713188933
2020-11-04,0.007469,0.007469,0.018999411926388765,0.01882117713188933
2020-11-05,0.007469,0.007469,0.018999411926388765,0.01882117713188933
2020-11-06,0.007469,0.007469,0.018999411926388765,0.01882117713188933
2020-11-09,0.007469,0.007469,0.018999411926388765,0.01882117713188933
2020-11-10,0.007469,0.007469,0.018999411926388765,0.01882117713188933
2020-11-11,0.007469,0.007469,0.018999411926388765,0.01882117713188933
2020-11-12,0.007469,0.007469,0.018999411926388765,0.01882117713188933
2020-11-13,0.007469,0.007469,0.018999411926388765,0.01882117713188933
2020-11-16,0.007469,0.007469,0.018999411926388765,0.01882117713188933
2020-11-17,0.007469,0.007469,0.018999411926388765,0.01882117713188933
2020-11-18,0.007469,0.007469,0.018999411926388765,0.01882117713188933
2020-11-19,0.007469,0.007469,0.018999411926388765,0.01882117713188933
2020-11-20,0.007469,0.007469,0.018999411926388765,0.01882117713188933
2020-11-23,0.007469,0.007469,0.018999411926388765,0.01882117713188933
2020-11-24,0.007469,0.007469,0.018999411926388765,0.01882117713188933
2020-11-25,0.007469,0.007469,0.018999411926388765,0.01882117713188933
2020-11-26,0.007469,0.007469,0.018999411926388765,0.01882117713188933
2020-11-27,0.007469,0.007469,0.018999411926388765,0.01882117713188933
2020-11-30,0.007469,0.007469,0.018999411926388765,0.01882117713188933
2020-12-01,0.007469,0.007469,0.018999411926388765,0.01882117713188933
2020-12-02,0.007469,0.007469,0.018999411926388765,0.01882117713188933
2020-12-03,0.007469,0.007469,0.018999411926388765,0.01882117713188933
2020-12-04,0.007469,0.007469,0.018999411926388765,0.01882117713188933
2020-12-07,0.007469,0.007469,0.018999411926388765,0.01882117713188933
2020-12-08,0.007469,0.007469,0.018999411926388765,0.01882117713188933
2020-12-09,0.007469,0.007469,0.018999411926388765,0.01882117713188933
2020-12-10,0.007469,0.007469,0.018999411926388765,0.01882117713188933
2020-12-11,0.007469,0.007469,0.018999411926388765,0.01882117713188933
2020-12-14,0.007469,0.007469,0.018999411926388765,0.01882117713188933
2020-12-15,0.007469,0.007469,0.018999411926388765,0.01882117713188933
2020-12-16,0.007469,0.007469,0.018999411926388765,0.01882117713188933
2020-12-17,0.007469,0.007469,0.018999411926388765,0.01882117713188933
2020-12-18,0.007469,0.007469,0.018999411926388765,0.01882117713188933
2020-12-21,0.007469,0.007469,0.018999411926388765,0.01882117713188933
2020-12-22,0.007469,0.007469,0.018999411926388765,0.01882117713188933
2020-12-23,0.007469,0.007469,0.018999411926388765,0.01882117713188933
2020-12-24,0.007469,0.007469,0.018999411926388765,0.01882117713188933
2020-12-28,0.007469,0.007469,0.018999411926388765,0.01882117713188933
2020-12-29,0.007469,0.007469,0.018999411926388765,0.01882117713188933
2020-12-30,0.007469,0.007469,0.018999411926388765,0.01882117713188933
2020-12-31,0.007469,0.007469,0.018999411926388765,0.01882117713188933
2021-01-04,0.007469,0.007469,0.018999411926388765,0.01882117713188933
2021-01-05,0.007469,0.007469,0.018999411926388765,0.01882117713188933
2021-01-06,0.007469,0.007469,0.018999411926388765,0.01882117713188933
2021-01-07,0.007469,0.007469,0.018999411926388765,0.01882117713188933
2021-01-08,0.007469,0.007469,0.018999411926388765,0.01882117713188933
2021-01-11,0.007469,0.007469,0.018999411926388765,0.01882117713188933
2021-01-12,0.007469,0.007469,0.018999411926388765,0.01882117713188933
2021-01-13,0.007469,0.007469,0.018999411926388765,0.01882117713188933
2021-01-14,0.007469,0.007469,0.018999411926388765,0.01882117713188933
2021-01-15,0.007469,0.007469,0.018999411926388765,0.01882117713188933
2021-01-18,0.007469,0.007469,0.018999411926388765,0.01882117713188933
2021-01-19,0.007469,0.007469,0.018999411926388765,0.01882117713188933
2021-01-20,0.007469,0.007469,0.018999411926388765,0.01882117713188933
2021-01-21,0.007469,0.007469,0.018999411926388765,0.01882117713188933
2021-01-22,0.007469,0.007469,0.018999411926388765,0.01882117713188933
2021-01-25,0.007469,0.007469,0.018999411926388765,0.01882117713188933
2021-01-26,0.007469,0.007469,0.018999411926388765,0.01882117713188933
2021-01-27,0.007469,0.007469,0.018999411926388765,0.01882117713188933
2021-01-28,0.007469,0.007469,0.018999411926388765,0.01882117713188933
2021-01-29,0.007469,0.007469,0.018999411926388765,0.01882117713188933
2021-02-01,0.007469,0.007469,0.018999411926388765,0.01882117713188933
2021-02-02,0.007469,0.007469,0.018999411926388765,0.01882117713188933
2021-02-03,0.007469,0.007469,0.018999411926388765,0.01882117713188933
2021-02-04,0.007469,0.007469,0.018999411926388765,0.01882117713188933
2021-02-05,0.007469,0.007469,0.018999411926388765,0.01882117713188933
2021-02-08,0.007469,0.007469,0.018999411926388765,0.01882117713188933
2021-02-09,0.007469,0.007469,0.018999411926388765,0.01882117713188933
2021-02-10,0.007469,0.007469,0.018999411926388765,0.01882117713188933
2021-02-11,0.007469,0.007469,0.018999411926388765,0.01882117713188933
2021-02-12,0.007469,0.007469,0.018999411926388765,0.01882117713188933
2021-02-17,0.007469,0.007469,0.018999411926388765,0.01882117713188933
2021-02-18,0.007469,0.007469,0.018999411926388765,0.01882117713188933
2021-02-19,0.007469,0.007469,0.018999411926388765,0.01882117713188933
2021-02-22,0.007469,0.007469,0.018999411926388765,0.01882117713188933
2021-02-23,0.007469,0.007469,0.018999411926388765,0.01882117713188933
2021-02-24,0.007469,0.007469,0.018999411926388765,0.01882117713188933
2021-02-25,0.007469,0.007469,0.018999411926388765,0.01882117713188933
2021-02-26,0.007469,0.007469,0.018999411926388765,0.01882117713188933
2021-03-01,0.007469,0.007469,0.018999411926388765,0.01882117713188933
2021-03-02,0.007469,0.007469,0.018999411926388765,0.01882117713188933
2021-03-03,0.007469,0.007469,0.018999411926388765,0.01882117713188933
2021-03-04,0.007469,0.007469,0.018999411926388765,0.01882117713188933
2021-03-05,0.007469,0.007469,0.018999411926388765,0.01882117713188933
2021-03-08,0.007469,0.007469,0.018999411926388765,0.01882117713188933
2021-03-09,0.007469,0.007469,0.018999411926388765,0.01882117713188933
2021-03-10,0.007469,0.007469,0.018999411926388765,0.01882117713188933
2021-03-11,0.007469,0.007469,0.018999411926388765,0.01882117713188933
2021-03-12,0.007469,0.007469,0.018999411926388765,0.01882117713188933
2021-03-15,0.007469,0.007469,0.018999411926388765,0.01882117713188933
2021-03-16,0.007469,0.007469,0.018999411926388765,0.01882117713188933
2021-03-17,0.007469,0.007469,0.018999411926388765,0.01882117713188933
2021-03-18,0.010379,0.010379,0.02649873258040536,0.026153722776033436
2021-03-19,0.010379,0.010379,0.02649873258040536,0.026153722776033436
2021-03-22,0.010379,0.010379,0.02649873258040536,0.026153722776033436
2021-03-23,0.010379,0.010379,0.02649873258040536,0.026153722776033436
2021-03-24,0.010379,0.010379,0.02649873258040536,0.026153722776033436
2021-03-25,0.010379,0.010379,0.02649873258040536,0.026153722776033436
2021-03-26,0.010379,0.010379,0.02649873258040536,0.026153722776033436
2021-03-29,0.010379,0.010379,0.02649873258040536,0.026153722776033436
2021-03-30,0.010379,0.010379,0.02649873258040536,0.026153722776033436
2021-03-31,0.010379,0.010379,0.02649873258040536,0.026153722776033436
2021-04-01,0.010379,0.010379,0.02649873258040536,0.026153722776033436
2021-04-05,0.010379,0.010379,0.02649873258040536,0.026153722776033436
2021-04-06,0.010379,0.010379,0.02649873258040536,0.026153722776033436
2021-04-07,0.010379,0.010379,0.02649873258040536,0.026153722776033436
2021-04-08,0.010379,0.010379,0.02649873258040536,0.026153722776033436
2021-04-09,0.010379,0.010379,0.02649873258040536,0.026153722776033436
2021-04-12,0.010379,0.010379,0.02649873258040536,0.026153722776033436
2021-04-13,0.010379,0.010379,0.02649873258040536,0.026153722776033436
2021-04-14,0.010379,0.010379,0.02649873258040536,0.026153722776033436
2021-04-15,0.010379,0.010379,0.02649873258040536,0.026153722776033436
2021-04-16,0.010379,0.010379,0.02649873258040536,0.026153722776033436
2021-04-19,0.010379,0.010379,0.02649873258040536,0.026153722776033436
2021-04-20,0.010379,0.010379,0.02649873258040536,0.026153722776033436
2021-04-22,0.010379,0.010379,0.02649873258040536,0.026153722776033436
2021-04-23,0.010379,0.010379,0.02649873258040536,0.026153722776033436
2021-04-26,0.010379,0.010379,0.02649873258040536,0.026153722776033436
2021-04-27,0.010379,0.010379,0.02649873258040536,0.026153722776033436
2021-04-28,0.010379,0.010379,0.02649873258040536,0.026153722776033436
2021-04-29,0.010379,0.010379,0.02649873258040536,0.026153722776033436
2021-04-30,0.010379,0.010379,0.02649873258040536,0.026153722776033436
2021-05-03,0.010379,0.010379,0.02649873258040536,0.026153722776033436
2021-05-04,0.010379,0.010379,0.02649873258040536,0.026153722776033436
2021-05-05,0.010379,0.010379,0.02649873258040536,0.026153722776033436
2021-05-06,0.013269,0.013269,0.034000915787165464,0.03343566176007473
2021-05-07,0.013269,0.013269,0.034000915787165464,0.03343566176007473
2021-05-10,0.013269,0.013269,0.034000915787165464,0.03343566176007473
2021-05-11,0.013269,0.013269,0.034000915787165464,0.03343566176007473
2021-05-12,0.013269,0.013269,0.034000915787165464,0.03343566176007473
2021-05-13,0.013269,0.013269,0.034000915787165464,0.03343566176007473
2021-05-14,0.013269,0.013269,0.034000915787165464,0.03343566176007473
2021-05-17,0.013269,0.013269,0.034000915787165464,0.03343566176007473
2021-05-18,0.013269,0.013269,0.034000915787165464,0.03343566176007473
2021-05-19,0.013269,0.013269,0.034000915787165464,0.03343566176007473
2021-05-20,0.013269,0.013269,0.034000915787165464,0.03343566176007473
2021-05-21,0.013269,0.013269,0.034000915787165464,0.03343566176007473
2021-05-24,0.013269,0.013269,0.034000915787165464,0.03343566176007473
2021-05-25,0.013269,0.013269,0.034000915787165464,0.03343566176007473
2021-05-26,0.013269,0.013269,0.034000915787165464,0.03343566176007473
2021-05-27,0.013269,0.013269,0.034000915787165464,0.03343566176007473
2021-05-28,0.013269,0.013269,0.034000915787165464,0.03343566176007473
2021-05-31,0.013269,0.013269,0.034000915787165464,0.03343566176007473
2021-06-01,0.013269,0.013269,0.034000915787165464,0.03343566176007473
2021-06-02,0.013269,0.013269,0.034000915787165464,0.03343566176007473
2021-06-04,0.013269,0.013269,0.034000915787165464,0.03343566176007473
2021-06-07,0.013269,0.013269,0.034000915787165464,0.03343566176007473
2021-06-08,0.013269,0.013269,0.034000915787165464,0.03343566176007473
2021-06-09,0.013269,0.013269,0.034000915787165464,0.03343566176007473
2021-06-10,0.013269,0.013269,0.034000915787165464,0.03343566176007473
2021-06-11,0.013269,0.013269,0.034000915787165464,0.03343566176007473
2021-06-14,0.013269,0.013269,0.034000915787165464,0.03343566176007473
2021-06-15,0.013269,0.013269,0.034000915787165464,0.03343566176007473
2021-06-16,0.013269,0.013269,0.034000915787165464,0.03343566176007473
2021-06-17,0.016137,0.016137,0.041499976627874524,0.04066195927804592
2021-06-18,0.016137,0.016137,0.041499976627874524,0.04066195927804592
2021-06-21,0.016137,0.016137,0.041499976627874524,0.04066195927804592
2021-06-22,0.016137,0.016137,0.041499976627874524,0.04066195927804592
2021-06-23,0.016137,0.016137,0.041499976627874524,0.04066195927804592
2021-06-24,0.016137,0.016137,0.041499976627874524,0.04066195927804592
2021-06-25,0.016137,0.016137,0.041499976627874524,0.04066195927804592
2021-06-28,0.016137,0.016137,0.041499976627874524,0.04066195927804592
2021-06-29,0.016137,0.016137,0.041499976627874524,0.04066195927804592
2021-06-30,0.016137,0.016137,0.041499976627874524,0.04066195927804592
2021-07-01,0.016137,0.016137,0.041499976627874524,0.04066195927804592
2021-07-02,0.016137,0.016137,0.041499976627874524,0.04066195927804592
2021-07-05,0.016137,0.016137,0.041499976627874524,0.04066195927804592
2021-07-06,0.016137,0.016137,0.041499976627874524,0.04066195927804592
2021-07-07,0.016137,0.016137,0.041499976627874524,0.04066195927804592
2021-07-08,0.016137,0.016137,0.041499976627874524,0.04066195927804592
2021-07-09,0.016137,0.016137,0.041499976627874524,0.04066195927804592
2021-07-12,0.016137,0.016137,0.041499976627874524,0.04066195927804592
2021-07-13,0.016137,0.016137,0.041499976627874524,0.04066195927804592
2021-07-14,0.016137,0.016137,0.041499976627874524,0.04066195927804592
2021-07-15,0.016137,0.016137,0.041499976627874524,0.04066195927804592
2021-07-16,0.016137,0.016137,0.041499976627874524,0.04066195927804592
2021-07-19,0.016137,0.016137,0.041499976627874524,0.04066195927804592
2021-07-20,0.016137,0.016137,0.041499976627874524,0.04066195927804592
2021-07-21,0.016137,0.016137,0.041499976627874524,0.04066195927804592
2021-07-22,0.016137,0.016137,0.041499976627874524,0.04066195927804592
2021-07-23,0.016137,0.016137,0.041499976627874524,0.04066195927804592
2021-07-26,0.016137,0.016137,0.041499976627874524,0.04066195927804592
2021-07-27,0.016137,0.016137,0.041499976627874524,0.04066195927804592
2021-07-28,0.016137,0.016137,0.041499976627874524,0.04066195927804592
2021-07-29,0.016137,0.016137,0.041499976627874524,0.04066195927804592
2021-07-30,0.016137,0.016137,0.041499976627874524,0.04066195927804592
2021-08-02,0.016137,0.016137,0.041499976627874524,0.04066195927804592
2021-08-03,0.016137,0.016137,0.041499976627874524,0.04066195927804592
2021-08-04,0.016137,0.016137,0.041499976627874524,0.04066195927804592
2021-08-05,0.01993,0.01993,0.05150092502863157,0.05021859588312928
2021-08-06,0.01993,0.01993,0.05150092502863157,0.05021859588312928
2021-08-09,0.01993,0.01993,0.05150092502863157,0.05021859588312928
2021-08-10,0.01993,0.01993,0.05150092502863157,0.05021859588312928
2021-08-11,0.01993,0.01993,0.05150092502863157,0.05021859588312928
2021-08-12,0.01993,0.01993,0.05150092502863157,0.05021859588312928
2021-08-13,0.01993,0.01993,0.05150092502863157,0.05021859588312928
2021-08-16,0.01993,0.01993,0.05150092502863157,0.05021859588312928
2021-08-17,0.01993,0.01993,0.05150092502863157,0.05021859588312928
2021-08-18,0.01993,0.01993,0.05150092502863157,0.05021859588312928
2021-08-19,0.01993,0.01993,0.05150092502863157,0.05021859588312928
2021-08-20,0.01993,0.01993,0.05150092502863157,0.05021859588312928
2021-08-23,0.01993,0.01993,0.05150092502863157,0.05021859588312928
2021-08-24,0.01993,0.01993,0.05150092502863157,0.05021859588312928
2021-08-25,0.01993,0.01993,0.05150092502863157,0.05021859588312928
2021-08-26,0.01993,0.01993,0.05150092502863157,0.05021859588312928
2021-08-27,0.01993,0.01993,0.05150092502863157,0.05021859588312928
2021-08-30,0.01993,0.01993,0.05150092502863157,0.05021859588312928
2021-08-31,0.01993,0.01993,0.05150092502863157,0.05021859588312928
2021-09-01,0.01993,0.01993,0.05150092502863157,0.05021859588312928
2021-09-02,0.01993,0.01993,0.05150092502863157,0.05021859588312928
2021-09-03,0.01993,0.01993,0.05150092502863157,0.05021859588312928
2021-09-06,0.01993,0.01993,0.05150092502863157,0.05021859588312928
2021-09-08,0.01993,0.01993,0.05150092502863157,0.05021859588312928
2021-09-09,0.01993,0.01993,0.05150092502863157,0.05021859588312928
2021-09-10,0.01993,0.01993,0.05150092502863157,0.05021859588312928
2021-09-13,0.01993,0.01993,0.05150092502863157,0.05021859588312928
2021-09-14,0.01993,0.01993,0.05150092502863157,0.05021859588312928
2021-09-15,0.01993,0.01993,0.05150092502863157,0.05021859588312928
2021-09-16,0.01993,0.01993,0.05150092502863157,0.05021859588312928
2021-09-17,0.01993,0.01993,0.05150092502863157,0.05021859588312928
2021-09-20,0.01993,0.01993,0.05150092502863157,0.05021859588312928
2021-09-21,0.01993,0.01993,0.05150092502863157,0.05021859588312928
2021-09-22,0.01993,0.01993,0.05150092502863157,0.05021859588312928
2021-09-23,0.023687,0.023687,0.061501241343216995,0.059684171584165675
2021-09-24,0.023687,0.023687,0.061501241343216995,0.059684171584165675
2021-09-27,0.023687,0.023687,0.061501241343216995,0.059684171584165675
2021-09-28,0.023687,0.023687,0.061501241343216995,0.059684171584165675
2021-09-29,0.023687,0.023687,0.061501241343216995,0.059684171584165675
2021-09-30,0.023687,0.023687,0.061501241343216995,0.059684171584165675
2021-10-01,0.023687,0.023687,0.061501241343216995,0.059684171584165675
2021-10-04,0.023687,0.023687,0.061501241343216995,0.059684171584165675
2021-10-05,0.023687,0.023687,0.061501241343216995,0.059684171584165675
2021-10-06,0.023687,0.023687,0.061501241343216995,0.059684171584165675
2021-10-07,0.023687,0.023687,0.061501241343216995,0.059684171584165675
2021-10-08,0.023687,0.023687,0.061501241343216995,0.059684171584165675
2021-10-11,0.023687,0.023687,0.061501241343216995,0.059684171584165675
2021-10-13,0.023687,0.023687,0.061501241343216995,0.059684171584165675
2021-10-14,0.023687,0.023687,0.061501241343216995,0.059684171584165675
2021-10-15,0.023687,0.023687,0.061501241343216995,0.059684171584165675
2021-10-18,0.023687,0.023687,0.061501241343216995,0.059684171584165675
2021-10-19,0.023687,0.023687,0.061501241343216995,0.059684171584165675
2021-10-20,0.023687,0.023687,0.061501241343216995,0.059684171584165675
2021-10-21,0.023687,0.023687,0.061501241343216995,0.059684171584165675
2021-10-22,0.023687,0.023687,0.061501241343216995,0.059684171584165675
2021-10-25,0.023687,0.023687,0.061501241343216995,0.059684171584165675
2021-10-26,0.023687,0.023687,0.061501241343216995,0.059684171584165675
2021-10-27,0.023687,0.023687,0.061501241343216995,0.059684171584165675
2021-10-28,0.029256,0.029256,0.07649924620282245,0.07371433759239593
2021-10-29,0.029256,0.029256,0.07649924620282245,0.07371433759239593
2021-11-01,0.029256,0.029256,0.07649924620282245,0.07371433759239593
2021-11-03,0.029256,0.029256,0.07649924620282245,0.07371433759239593
2021-11-04,0.029256,0.029256,0.07649924620282245,0.07371433759239593
2021-11-05,0.029256,0.029256,0.07649924620282245,0.07371433759239593
2021-11-08,0.029256,0.029256,0.07649924620282245,0.07371433759239593
2021-11-09,0.029256,0.029256,0.07649924620282245,0.07371433759239593
2021-11-10,0.029256,0.029256,0.07649924620282245,0.07371433759239593
2021-11-11,0.029256,0.029256,0.07649924620282245,0.07371433759239593
2021-11-12,0.029256,0.029256,0.07649924620282245,0.07371433759239593
2021-11-16,0.029256,0.029256,0.07649924620282245,0.07371433759239593
2021-11-17,0.029256,0.029256,0.07649924620282245,0.07371433759239593
2021-11-18,0.029256,0.029256,0.07649924620282245,0.07371433759239593
2021-11-19,0.029256,0.029256,0.07649924620282245,0.07371433759239593
2021-11-22,0.029256,0.029256,0.07649924620282245,0.07371433759239593
2021-11-23,0.029256,0.029256,0.07649924620282245,0.07371433759239593
2021-11-24,0.029256,0.029256,0.07649924620282245,0.07371433759239593
2021-11-25,0.029256,0.029256,0.07649924620282245,0.07371433759239593
2021-11-26,0.029256,0.029256,0.07649924620282245,0.07371433759239593
2021-11-29,0.029256,0.029256,0.07649924620282245,0.07371433759239593
2021-11-30,0.029256,0.029256,0.07649924620282245,0.07371433759239593
2021-12-01,0.029256,0.029256,0.07649924620282245,0.07371433759239593
2021-12-02,0.029256,0.029256,0.07649924620282245,0.07371433759239593
2021-12-03,0.029256,0.029256,0.07649924620282245,0.07371433759239593
2021-12-06,0.029256,0.029256,0.07649924620282245,0.07371433759239593
2021-12-07,0.029256,0.029256,0.07649924620282245,0.07371433759239593
2021-12-08,0.029256,0.029256,0.07649924620282245,0.07371433759239593
2021-12-09,0.034749,0.034749,0.09149931465170891,0.08755226911183973
2021-12-10,0.034749,0.034749,0.09149931465170891,0.08755226911183973
2021-12-13,0.034749,0.034749,0.09149931465170891,0.08755226911183973
2021-12-14,0.034749,0.034749,0.09149931465170891,0.08755226911183973
2021-12-15,0.034749,0.034749,0.09149931465170891,0.08755226911183973
2021-12-16,0.034749,0.034749,0.09149931465170891,0.08755226911183973
2021-12-17,0.034749,0.034749,0.09149931465170891,0.08755226911183973
2021-12-20,0.034749,0.034749,0.09149931465170891,0.08755226911183973
2021-12-21,0.034749,0.034749,0.09149931465170891,0.08755226911183973
2021-12-22,0.034749,0.034749,0.09149931465170891,0.08755226911183973
2021-12-23,0.034749,0.034749,0.09149931465170891,0.08755226911183973
2021-12-24,0.034749,0.034749,0.09149931465170891,0.08755226911183973
2021-12-27,0.034749,0.034749,0.09149931465170891,0.08755226911183973
2021-12-28,0.034749,0.034749,0.09149931465170891,0.08755226911183973
2021-12-29,0.034749,0.034749,0.09149931465170891,0.08755226911183973
2021-12-30,0.034749,0.034749,0.09149931465170891,0.08755226911183973
2021-12-31,0.034749,0.034749,0.09149931465170891,0.08755226911183973
2022-01-03,0.034749,0.034749,0.09149931465170891,0.08755226911183973
2022-01-04,0.034749,0.034749,0.09149931465170891,0.08755226911183973
2022-01-05,0.034749,0.034749,0.09149931465170891,0.08755226911183973
2022-01-06,0.034749,0.034749,0.09149931465170891,0.08755226911183973
2022-01-07,0.034749,0.034749,0.09149931465170891,0.08755226911183973
2022-01-10,0.034749,0.034749,0.09149931465170891,0.08755226911183973
2022-01-11,0.034749,0.034749,0.09149931465170891,0.08755226911183973
2022-01-12,0.034749,0.034749,0.09149931465170891,0.08755226911183973
2022-01-13,0.034749,0.034749,0.09149931465170891,0.08755226911183973
2022-01-14,0.034749,0.034749,0.09149931465170891,0.08755226911183973
2022-01-17,0.034749,0.034749,0.09149931465170891,0.08755226911183973
2022-01-18,0.034749,0.034749,0.09149931465170891,0.08755226911183973
2022-01-19,0.034749,0.034749,0.09149931465170891,0.08755226911183973
2022-01-20,0.034749,0.034749,0.09149931465170891,0.08755226911183973
2022-01-21,0.034749,0.034749,0.09149931465170891,0.08755226911183973
2022-01-24,0.034749,0.034749,0.09149931465170891,0.08755226911183973
2022-01-25,0.034749,0.034749,0.09149931465170891,0.08755226911183973
2022-01-26,0.034749,0.034749,0.09149931465170891,0.08755226911183973
2022-01-27,0.034749,0.034749,0.09149931465170891,0.08755226911183973
2022-01-28,0.034749,0.034749,0.09149931465170891,0.08755226911183973
2022-01-31,0.034749,0.034749,0.09149931465170891,0.08755226911183973
2022-02-01,0.034749,0.034749,0.09149931465170891,0.08755226911183973
2022-02-02,0.034749,0.034749,0.09149931465170891,0.08755226911183973
2022-02-03,0.040168,0.040168,0.10650127826691946,0.10120303574276056
2022-02-04,0.040168,0.040168,0.10650127826691946,0.10120303574276056
2022-02-07,0.040168,0.040168,0.10650127826691946,0.10120303574276056
2022-02-08,0.040168,0.040168,0.10650127826691946,0.10120303574276056
2022-02-09,0.040168,0.040168,0.10650127826691946,0.10120303574276056
2022-02-10,0.040168,0.040168,0.10650127826691946,0.10120303574276056
2022-02-11,0.040168,0.040168,0.10650127826691946,0.10120303574276056
2022-02-14,0.040168,0.040168,0.10650127826691946,0.10120303574276056
2022-02-15,0.040168,0.040168,0.10650127826691946,0.10120303574276056
2022-02-16,0.040168,0.040168,0.10650127826691946,0.10120303574276056
2022-02-17,0.040168,0.040168,0.10650127826691946,0.10120303574276056
2022-02-18,0.040168,0.040168,0.10650127826691946,0.10120303574276056
2022-02-21,0.040168,0.040168,0.10650127826691946,0.10120303574276056
2022-02-22,0.040168,0.040168,0.10650127826691946,0.10120303574276056
2022-02-23,0.040168,0.040168,0.10650127826691946,0.10120303574276056
2022-02-24,0.040168,0.040168,0.10650127826691946,0.10120303574276056
2022-02-25,0.040168,0.040168,0.10650127826691946,0.10120303574276056
2022-03-02,0.040168,0.040168,0.10650127826691946,0.10120303574276056
2022-03-03,0.040168,0.040168,0.10650127826691946,0.10120303574276056
2022-03-04,0.040168,0.040168,0.10650127826691946,0.10120303574276056
2022-03-07,0.040168,0.040168,0.10650127826691946,0.10120303574276056
2022-03-08,0.040168,0.040168,0.10650127826691946,0.10120303574276056
2022-03-09,0.040168,0.040168,0.10650127826691946,0.10120303574276056
2022-03-10,0.040168,0.040168,0.10650127826691946,0.10120303574276056
2022-03-11,0.040168,0.040168,0.10650127826691946,0.10120303574276056
2022-03-14,0.040168,0.040168,0.10650127826691946,0.10120303574276056
2022-03-15,0.040168,0.040168,0.10650127826691946,0.10120303574276056
2022-03-16,0.040168,0.040168,0.10650127826691946,0.10120303574276056
2022-03-17,0.043739,0.043739,0.11649931856340623,0.11019818196504569
2022-03-18,0.043739,0.043739,0.11649931856340623,0.11019818196504569
2022-03-21,0.043739,0.043739,0.11649931856340623,0.11019818196504569
2022-03-22,0.043739,0.043739,0.11649931856340623,0.11019818196504569
2022-03-23,0.043739,0.043739,0.11649931856340623,0.11019818196504569
2022-03-24,0.043739,0.043739,0.11649931856340623,0.11019818196504569
2022-03-25,0.043739,0.043739,0.11649931856340623,0.11019818196504569
2022-03-28,0.043739,0.043739,0.11649931856340623,0.11019818196504569
2022-03-29,0.043739,0.043739,0.11649931856340623,0.11019818196504569
2022-03-30,0.043739,0.043739,0.11649931856340623,0.11019818196504569
2022-03-31,0.043739,0.043739,0.11649931856340623,0.11019818196504569
2022-04-01,0.043739,0.043739,0.11649931856340623,0.11019818196504569
2022-04-04,0.043739,0.043739,0.11649931856340623,0.11019818196504569
2022-04-05,0.043739,0.043739,0.11649931856340623,0.11019818196504569
2022-04-06,0.043739,0.043739,0.11649931856340623,0.11019818196504569
2022-04-07,0.043739,0.043739,0.11649931856340623,0.11019818196504569
2022-04-08,0.043739,0.043739,0.11649931856340623,0.11019818196504569
2022-04-11,0.043739,0.043739,0.11649931856340623,0.11019818196504569
2022-04-12,0.043739,0.043739,0.11649931856340623,0.11019818196504569
2022-04-13,0.043739,0.043739,0.11649931856340623,0.11019818196504569
2022-04-14,0.043739,0.043739,0.11649931856340623,0.11019818196504569
2022-04-18,0.043739,0.043739,0.11649931856340623,0.11019818196504569
2022-04-19,0.043739,0.043739,0.11649931856340623,0.11019818196504569
2022-04-20,0.043739,0.043739,0.11649931856340623,0.11019818196504569
2022-04-22,0.043739,0.043739,0.11649931856340623,0.11019818196504569
2022-04-25,0.043739,0.043739,0.11649931856340623,0.11019818196504569
2022-04-26,0.043739,0.043739,0.11649931856340623,0.11019818196504569
2022-04-27,0.043739,0.043739,0.11649931856340623,0.11019818196504569
2022-04-28,0.043739,0.043739,0.11649931856340623,0.11019818196504569
2022-04-29,0.043739,0.043739,0.11649931856340623,0.11019818196504569
2022-05-02,0.043739,0.043739,0.11649931856340623,0.11019818196504569
2022-05-03,0.043739,0.043739,0.11649931856340623,0.11019818196504569
2022-05-04,0.043739,0.043739,0.11649931856340623,0.11019818196504569
2022-05-05,0.047279,0.047279,0.12649937271499523,0.1191149240458229
2022-05-06,0.047279,0.047279,0.12649937271499523,0.1191149240458229
2022-05-09,0.047279,0.047279,0.12649937271499523,0.1191149240458229
2022-05-10,0.047279,0.047279,0.12649937271499523,0.1191149240458229
2022-05-11,0.047279,0.047279,0.12649937271499523,0.1191149240458229
2022-05-12,0.047279,0.047279,0.12649937271499523,0.1191149240458229
2022-05-13,0.047279,0.047279,0.12649937271499523,0.1191149240458229
2022-05-16,0.047279,0.047279,0.12649937271499523,0.1191149240458229
2022-05-17,0.047279,0.047279,0.12649937271499523,0.1191149240458229
2022-05-18,0.047279,0.047279,0.12649937271499523,0.1191149240458229
2022-05-19,0.047279,0.047279,0.12649937271499523,0.1191149240458229
2022-05-20,0.047279,0.047279,0.12649937271499523,0.1191149240458229
2022-05-23,0.047279,0.047279,0.12649937271499523,0.1191149240458229
2022-05-24,0.047279,0.047279,0.12649937271499523,0.1191149240458229
2022-05-25,0.047279,0.047279,0.12649937271499523,0.1191149240458229
2022-05-26,0.047279,0.047279,0.12649937271499523,0.1191149240458229
2022-05-27,0.047279,0.047279,0.12649937271499523,0.1191149240458229
2022-05-30,0.047279,0.047279,0.12649937271499523,0.1191149240458229
2022-05-31,0.047279,0.047279,0.12649937271499523,0.1191149240458229
2022-06-01,0.047279,0.047279,0.12649937271499523,0.1191149240458229
2022-06-02,0.047279,0.047279,0.12649937271499523,0.1191149240458229
2022-06-03,0.047279,0.047279,0.12649937271499523,0.1191149240458229
2022-06-06,0.047279,0.047279,0.12649937271499523,0.1191149240458229
2022-06-07,0.047279,0.047279,0.12649937271499523,0.1191149240458229
2022-06-08,0.047279,0.047279,0.12649937271499523,0.1191149240458229
2022-06-09,0.047279,0.047279,0.12649937271499523,0.1191149240458229
2022-06-10,0.047279,0.047279,0.12649937271499523,0.1191149240458229
2022-06-13,0.047279,0.047279,0.12649937271499523,0.1191149240458229
2022-06-14,0.047279,0.047279,0.12649937271499523,0.1191149240458229
2022-06-15,0.047279,0.047279,0.12649937271499523,0.1191149240458229
2022-06-17,0.049037,0.049037,0.13149860316976114,0.12354295159642903
2022-06-20,0.049037,0.049037,0.13149860316976114,0.12354295159642903
2022-06-21,0.049037,0.049037,0.13149860316976114,0.12354295159642903
2022-06-22,0.049037,0.049037,0.13149860316976114,0.12354295159642903
2022-06-23,0.049037,0.049037,0.13149860316976114,0.12354295159642903
2022-06-24,0.049037,0.049037,0.13149860316976114,0.12354295159642903
2022-06-27,0.049037,0.049037,0.13149860316976114,0.12354295159642903
2022-06-28,0.049037,0.049037,0.13149860316976114,0.12354295159642903
2022-06-29,0.049037,0.049037,0.13149860316976114,0.12354295159642903
2022-06-30,0.049037,0.049037,0.13149860316976114,0.12354295159642903
2022-07-01,0.049037,0.049037,0.13149860316976114,0.12354295159642903
2022-07-04,0.049037,0.049037,0.13149860316976114,0.12354295159642903
2022-07-05,0.049037,0.049037,0.13149860316976114,0.12354295159642903
2022-07-06,0.049037,0.049037,0.13149860316976114,0.12354295159642903
2022-07-07,0.049037,0.049037,0.13149860316976114,0.12354295159642903
2022-07-08,0.049037,0.049037,0.13149860316976114,0.12354295159642903
2022-07-11,0.049037,0.049037,0.13149860316976114,0.12354295159642903
2022-07-12,0.049037,0.049037,0.13149860316976114,0.12354295159642903
2022-07-13,0.049037,0.049037,0.13149860316976114,0.12354295159642903
2022-07-14,0.049037,0.049037,0.13149860316976114,0.12354295159642903
2022-07-15,0.049037,0.049037,0.13149860316976114,0.12354295159642903
2022-07-18,0.049037,0.049037,0.13149860316976114,0.12354295159642903
2022-07-19,0.049037,0.049037,0.13149860316976114,0.12354295159642903
2022-07-20,0.049037,0.049037,0.13149860316976114,0.12354295159642903
2022-07-21,0.049037,0.049037,0.13149860316976114,0.12354295159642903
2022-07-22,0.049037,0.049037,0.13149860316976114,0.12354295159642903
2022-07-25,0.049037,0.049037,0.13149860316976114,0.12354295159642903
2022-07-26,0.049037,0.049037,0.13149860316976114,0.12354295159642903
2022-07-27,0.049037,0.049037,0.13149860316976114,0.12354295159642903
2022-07-28,0.049037,0.049037,0.13149860316976114,0.12354295159642903
2022-07-29,0.049037,0.049037,0.13149860316976114,0.12354295159642903
2022-08-01,0.049037,0.049037,0.13149860316976114,0.12354295159642903
2022-08-02,0.049037,0.049037,0.13149860316976114,0.12354295159642903
2022-08-03,0.049037,0.049037,0.13149860316976114,0.12354295159642903
2022-08-04,0.050788,0.050788,0.13649989315282562,0.12795327029622067
2022-08-05,0.050788,0.050788,0.13649989315282562,0.12795327029622067
2022-08-08,0.050788,0.050788,0.13649989315282562,0.12795327029622067
2022-08-09,0.050788,0.050788,0.13649989315282562,0.12795327029622067
2022-08-10,0.050788,0.050788,0.13649989315282562,0.12795327029622067
2022-08-11,0.050788,0.050788,0.13649989315282562,0.12795327029622067
2022-08-12,0.050788,0.050788,0.13649989315282562,0.12795327029622067
2022-08-15,0.050788,0.050788,0.13649989315282562,0.12795327029622067
2022-08-16,0.050788,0.050788,0.13649989315282562,0.12795327029622067
2022-08-17,0.050788,0.050788,0.13649989315282562,0.12795327029622067
2022-08-18,0.050788,0.050788,0.13649989315282562,0.12795327029622067
2022-08-19,0.050788,0.050788,0.13649989315282562,0.12795327029622067
2022-08-22,0.050788,0.050788,0.13649989315282562,0.12795327029622067
2022-08-23,0.050788,0.050788,0.13649989315282562,0.12795327029622067
2022-08-24,0.050788,0.050788,0.13649989315282562,0.12795327029622067
2022-08-25,0.050788,0.050788,0.13649989315282562,0.12795327029622067
2022-08-26,0.050788,0.050788,0.13649989315282562,0.12795327029622067
2022-08-29,0.050788,0.050788,0.13649989315282562,0.12795327029622067
2022-08-30,0.050788,0.050788,0.13649989315282562,0.12795327029622067
2022-08-31,0.050788,0.050788,0.13649989315282562,0.12795327029622067
2022-09-01,0.050788,0.050788,0.13649989315282562,0.12795327029622067
2022-09-02,0.050788,0.050788,0.13649989315282562,0.12795327029622067
2022-09-05,0.050788,0.050788,0.13649989315282562,0.12795327029622067
2022-09-06,0.050788,0.050788,0.13649989315282562,0.12795327029622067
2022-09-08,0.050788,0.050788,0.13649989315282562,0.12795327029622067
2022-09-09,0.050788,0.050788,0.13649989315282562,0.12795327029622067
2022-09-12,0.050788,0.050788,0.13649989315282562,0.12795327029622067
2022-09-13,0.050788,0.050788,0.13649989315282562,0.12795327029622067
2022-09-14,0.050788,0.050788,0.13649989315282562,0.12795327029622067
2022-09-15,0.050788,0.050788,0.13649989315282562,0.12795327029622067
2022-09-16,0.050788,0.050788,0.13649989315282562,0.12795327029622067
2022-09-19,0.050788,0.050788,0.13649989315282562,0.12795327029622067
2022-09-20,0.050788,0.050788,0.13649989315282562,0.12795327029622067
2022-09-21,0.050788,0.050788,0.13649989315282562,0.12795327029622067
2022-09-22,0.050788,0.050788,0.13649989315282562,0.12795327029622067
2022-09-23,0.050788,0.050788,0.13649989315282562,0.12795327029622067
2022-09-26,0.050788,0.050788,0.13649989315282562,0.12795327029622067
2022-09-27,0.050788,0.050788,0.13649989315282562,0.12795327029622067
2022-09-28,0.050788,0.050788,0.13649989315282562,0.12795327029622067
2022-09-29,0.050788,0.050788,0.13649989315282562,0.12795327029622067
2022-09-30,0.050788,0.050788,0.13649989315282562,0.12795327029622067
2022-10-03,0.050788,0.050788,0.13649989315282562,0.12795327029622067
2022-10-04,0.050788,0.050788,0.13649989315282562,0.12795327029622067
2022-10-05,0.050788,0.050788,0.13649989315282562,0.12795327029622067
2022-10-06,0.050788,0.050788,0.13649989315282562,0.12795327029622067
2022-10-07,0.050788,0.050788,0.13649989315282562,0.12795327029622067
2022-10-10,0.050788,0.050788,0.13649989315282562,0.12795327029622067
2022-10-11,0.050788,0.050788,0.13649989315282562,0.12795327029622067
2022-10-13,0.050788,0.050788,0.13649989315282562,0.12795327029622067
2022-10-14,0.050788,0.050788,0.13649989315282562,0.12795327029622067
2022-10-17,0.050788,0.050788,0.13649989315282562,0.12795327029622067
2022-10-18,0.050788,0.050788,0.13649989315282562,0.12795327029622067
2022-10-19,0.050788,0.050788,0.13649989315282562,0.12795327029622067
2022-10-20,0.050788,0.050788,0.13649989315282562,0.12795327029622067
2022-10-21,0.050788,0.050788,0.13649989315282562,0.12795327029622067
2022-10-24,0.050788,0.050788,0.13649989315282562,0.12795327029622067
2022-10-25,0.050788,0.050788,0.13649989315282562,0.12795327029622067
2022-10-26,0.050788,0.050788,0.13649989315282562,0.12795327029622067
2022-10-27,0.050788,0.050788,0.13649989315282562,0.12795327029622067
2022-10-28,0.050788,0.050788,0.13649989315282562,0.12795327029622067
2022-10-31,0.050788,0.050788,0.13649989315282562,0.12795327029622067
2022-11-01,0.050788,0.050788,0.13649989315282562,0.12795327029622067
2022-11-03,0.050788,0.050788,0.13649989315282562,0.12795327029622067
2022-11-04,0.050788,0.050788,0.13649989315282562,0.12795327029622067
2022-11-07,0.050788,0.050788,0.13649989315282562,0.12795327029622067
2022-11-08,0.050788,0.050788,0.13649989315282562,0.12795327029622067
2022-11-09,0.050788,0.050788,0.13649989315282562,0.12795327029622067
2022-11-10,0.050788,0.050788,0.13649989315282562,0.12795327029622067
2022-11-11,0.050788,0.050788,0.13649989315282562,0.12795327029622067
2022-11-14,0.050788,0.050788,0.13649989315282562,0.12795327029622067
2022-11-16,0.050788,0.050788,0.13649989315282562,0.12795327029622067
2022-11-17,0.050788,0.050788,0.13649989315282562,0.12795327029622067
2022-11-18,0.050788,0.050788,0.13649989315282562,0.12795327029622067
2022-11-21,0.050788,0.050788,0.13649989315282562,0.12795327029622067
2022-11-22,0.050788,0.050788,0.13649989315282562,0.12795327029622067
2022-11-23,0.050788,0.050788,0.13649989315282562,0.12795327029622067
2022-11-24,0.050788,0.050788,0.13649989315282562,0.12795327029622067
2022-11-25,0.050788,0.050788,0.13649989315282562,0.12795327029622067
2022-11-28,0.050788,0.050788,0.13649989315282562,0.12795327029622067
2022-11-29,0.050788,0.050788,0.13649989315282562,0.12795327029622067
2022-11-30,0.050788,0.050788,0.13649989315282562,0.12795327029622067
2022-12-01,0.050788,0.050788,0.13649989315282562,0.12795327029622067
2022-12-02,0.050788,0.050788,0.13649989315282562,0.12795327029622067
2022-12-05,0.050788,0.050788,0.13649989315282562,0.12795327029622067
2022-12-06,0.050788,0.050788,0.13649989315282562,0.12795327029622067
2022-12-07,0.050788,0.050788,0.13649989315282562,0.12795327029622067
2022-12-08,0.050788,0.050788,0.13649989315282562,0.12795327029622067
2022-12-09,0.050788,0.050788,0.13649989315282562,0.12795327029622067
2022-12-12,0.050788,0.050788,0.13649989315282562,0.12795327029622067
2022-12-13,0.050788,0.050788,0.13649989315282562,0.12795327029622067
2022-12-14,0.050788,0.050788,0.13649989315282562,0.12795327029622067
2022-12-15,0.050788,0.050788,0.13649989315282562,0.12795327029622067
2022-12-16,0.050788,0.050788,0.13649989315282562,0.12795327029622067
2022-12-19,0.050788,0.050788,0.13649989315282562,0.12795327029622067
2022-12-20,0.050788,0.050788,0.13649989315282562,0.12795327029622067
2022-12-21,0.050788,0.050788,0.13649989315282562,0.12795327029622067
2022-12-22,0.050788,0.050788,0.13649989315282562,0.12795327029622067
2022-12-23,0.050788,0.050788,0.13649989315282562,0.12795327029622067
2022-12-26,0.050788,0.050788,0.13649989315282562,0.12795327029622067
2022-12-27,0.050788,0.050788,0.13649989315282562,0.12795327029622067
2022-12-28,0.050788,0.050788,0.13649989315282562,0.12795327029622067
2022-12-29,0.050788,0.050788,0.13649989315282562,0.12795327029622067
2022-12-30,0.050788,0.050788,0.13649989315282562,0.12795327029622067
2023-01-02,0.050788,0.050788,0.13649989315282562,0.12795327029622067
2023-01-03,0.050788,0.050788,0.13649989315282562,0.12795327029622067
2023-01-04,0.050788,0.050788,0.13649989315282562,0.12795327029622067
2023-01-05,0.050788,0.050788,0.13649989315282562,0.12795327029622067
2023-01-06,0.050788,0.050788,0.13649989315282562,0.12795327029622067
2023-01-09,0.050788,0.050788,0.13649989315282562,0.12795327029622067
2023-01-10,0.050788,0.050788,0.13649989315282562,0.12795327029622067
2023-01-11,0.050788,0.050788,0.13649989315282562,0.12795327029622067
2023-01-12,0.050788,0.050788,0.13649989315282562,0.12795327029622067
2023-01-13,0.050788,0.050788,0.13649989315282562,0.12795327029622067
2023-01-16,0.050788,0.050788,0.13649989315282562,0.12795327029622067
2023-01-17,0.050788,0.050788,0.13649989315282562,0.12795327029622067
2023-01-18,0.050788,0.050788,0.13649989315282562,0.12795327029622067
2023-01-19,0.050788,0.050788,0.13649989315282562,0.12795327029622067
2023-01-20,0.050788,0.050788,0.13649989315282562,0.12795327029622067
2023-01-23,0.050788,0.050788,0.13649989315282562,0.12795327029622067
2023-01-24,0.050788,0.050788,0.13649989315282562,0.12795327029622067
2023-01-25,0.050788,0.050788,0.13649989315282562,0.12795327029622067
2023-01-26,0.050788,0.050788,0.13649989315282562,0.12795327029622067
2023-01-27,0.050788,0.050788,0.13649989315282562,0.12795327029622067
2023-01-30,0.050788,0.050788,0.13649989315282562,0.12795327029622067
2023-01-31,0.050788,0.050788,0.13649989315282562,0.12795327029622067
2023-02-01,0.050788,0.050788,0.13649989315282562,0.12795327029622067
2023-02-02,0.050788,0.050788,0.13649989315282562,0.12795327029622067
2023-02-03,0.050788,0.050788,0.13649989315282562,0.12795327029622067
2023-02-06,0.050788,0.050788,0.13649989315282562,0.12795327029622067
2023-02-07,0.050788,0.050788,0.13649989315282562,0.12795327029622067
2023-02-08,0.050788,0.050788,0.13649989315282562,0.12795327029622067
2023-02-09,0.050788,0.050788,0.13649989315282562,0.12795327029622067
2023-02-10,0.050788,0.050788,0.13649989315282562,0.12795327029622067
2023-02-13,0.050788,0.050788,0.13649989315282562,0.12795327029622067
2023-02-14,0.050788,0.050788,0.13649989315282562,0.12795327029622067
2023-02-15,0.050788,0.050788,0.13649989315282562,0.12795327029622067
2023-02-16,0.050788,0.050788,0.13649989315282562,0.12795327029622067
2023-02-17,0.050788,0.050788,0.13649989315282562,0.12795327029622067
2023-02-22,0.050788,0.050788,0.13649989315282562,0.12795327029622067
2023-02-23,0.050788,0.050788,0.13649989315282562,0.12795327029622067
2023-02-24,0.050788,0.050788,0.13649989315282562,0.12795327029622067
2023-02-27,0.050788,0.050788,0.13649989315282562,0.12795327029622067
2023-02-28,0.050788,0.050788,0.13649989315282562,0.12795327029622067
2023-03-01,0.050788,0.050788,0.13649989315282562,0.12795327029622067
2023-03-02,0.050788,0.050788,0.13649989315282562,0.12795327029622067
2023-03-03,0.050788,0.050788,0.13649989315282562,0.12795327029622067
2023-03-06,0.050788,0.050788,0.13649989315282562,0.12795327029622067
2023-03-07,0.050788,0.050788,0.13649989315282562,0.12795327029622067
2023-03-08,0.050788,0.050788,0.13649989315282562,0.12795327029622067
2023-03-09,0.050788,0.050788,0.13649989315282562,0.12795327029622067
2023-03-10,0.050788,0.050788,0.13649989315282562,0.12795327029622067
2023-03-13,0.050788,0.050788,0.13649989315282562,0.12795327029622067
2023-03-14,0.050788,0.050788,0.13649989315282562,0.12795327029622067
2023-03-15,0.050788,0.050788,0.13649989315282562,0.12795327029622067
2023-03-16,0.050788,0.050788,0.13649989315282562,0.12795327029622067
2023-03-17,0.050788,0.050788,0.13649989315282562,0.12795327029622067
2023-03-20,0.050788,0.050788,0.13649989315282562,0.12795327029622067
2023-03-21,0.050788,0.050788,0.13649989315282562,0.12795327029622067
2023-03-22,0.050788,0.050788,0.13649989315282562,0.12795327029622067
2023-03-23,0.050788,0.050788,0.13649989315282562,0.12795327029622067
2023-03-24,0.050788,0.050788,0.13649989315282562,0.12795327029622067
2023-03-27,0.050788,0.050788,0.13649989315282562,0.12795327029622067
2023-03-28,0.050788,0.050788,0.13649989315282562,0.12795327029622067
2023-03-29,0.050788,0.050788,0.13649989315282562,0.12795327029622067
2023-03-30,0.050788,0.050788,0.13649989315282562,0.12795327029622067
2023-03-31,0.050788,0.050788,0.13649989315282562,0.12795327029622067
2023-04-03,0.050788,0.050788,0.13649989315282562,0.12795327029622067
2023-04-04,0.050788,0.050788,0.13649989315282562,0.12795327029622067
2023-04-05,0.050788,0.050788,0.13649989315282562,0.12795327029622067
2023-04-06,0.050788,0.050788,0.13649989315282562,0.12795327029622067
2023-04-10,0.050788,0.050788,0.13649989315282562,0.12795327029622067
2023-04-11,0.050788,0.050788,0.13649989315282562,0.12795327029622067
2023-04-12,0.050788,0.050788,0.13649989315282562,0.12795327029622067
2023-04-13,0.050788,0.050788,0.13649989315282562,0.12795327029622067
2023-04-14,0.050788,0.050788,0.13649989315282562,0.12795327029622067
2023-04-17,0.050788,0.050788,0.13649989315282562,0.12795327029622067
2023-04-18,0.050788,0.050788,0.13649989315282562,0.12795327029622067
2023-04-19,0.050788,0.050788,0.13649989315282562,0.12795327029622067
2023-04-20,0.050788,0.050788,0.13649989315282562,0.12795327029622067
2023-04-24,0.050788,0.050788,0.13649989315282562,0.12795327029622067
2023-04-25,0.050788,0.050788,0.13649989315282562,0.12795327029622067
2023-04-26,0.050788,0.050788,0.13649989315282562,0.12795327029622067
2023-04-27,0.050788,0.050788,0.13649989315282562,0.12795327029622067
2023-04-28,0.050788,0.050788,0.13649989315282562,0.12795327029622067
2023-05-02,0.050788,0.050788,0.13649989315282562,0.12795327029622067
2023-05-03,0.050788,0.050788,0.13649989315282562,0.12795327029622067
2023-05-04,0.050788,0.050788,0.13649989315282562,0.12795327029622067
2023-05-05,0.050788,0.050788,0.13649989315282562,0.12795327029622067
2023-05-08,0.050788,0.050788,0.13649989315282562,0.12795327029622067
2023-05-09,0.050788,0.050788,0.13649989315282562,0.12795327029622067
2023-05-10,0.050788,0.050788,0.13649989315282562,0.12795327029622067
2023-05-11,0.050788,0.050788,0.13649989315282562,0.12795327029622067
2023-05-12,0.050788,0.050788,0.13649989315282562,0.12795327029622067
2023-05-15,0.050788,0.050788,0.13649989315282562,0.12795327029622067
2023-05-16,0.050788,0.050788,0.13649989315282562,0.12795327029622067
2023-05-17,0.050788,0.050788,0.13649989315282562,0.12795327029622067
2023-05-18,0.050788,0.050788,0.13649989315282562,0.12795327029622067
2023-05-19,0.050788,0.050788,0.13649989315282562,0.12795327029622067
2023-05-22,0.050788,0.050788,0.13649989315282562,0.12795327029622067
2023-05-23,0.050788,0.050788,0.13649989315282562,0.12795327029622067
2023-05-24,0.050788,0.050788,0.13649989315282562,0.12795327029622067
2023-05-25,0.050788,0.050788,0.13649989315282562,0.12795327029622067
2023-05-26,0.050788,0.050788,0.13649989315282562,0.12795327029622067
2023-05-29,0.050788,0.050788,0.13649989315282562,0.12795327029622067
2023-05-30,0.050788,0.050788,0.13649989315282562,0.12795327029622067
2023-05-31,0.050788,0.050788,0.13649989315282562,0.12795327029622067
2023-06-01,0.050788,0.050788,0.13649989315282562,0.12795327029622067
2023-06-02,0.050788,0.050788,0.13649989315282562,0.12795327029622067
2023-06-05,0.050788,0.050788,0.13649989315282562,0.12795327029622067
2023-06-06,0.050788,0.050788,0.13649989315282562,0.12795327029622067
2023-06-07,0.050788,0.050788,0.13649989315282562,0.12795327029622067
2023-06-09,0.050788,0.050788,0.13649989315282562,0.12795327029622067
2023-06-12,0.050788,0.050788,0.13649989315282562,0.12795327029622067
2023-06-13,0.050788,0.050788,0.13649989315282562,0.12795327029622067
2023-06-14,0.050788,0.050788,0.13649989315282562,0.12795327029622067
2023-06-15,0.050788,0.050788,0.13649989315282562,0.12795327029622067
2023-06-16,0.050788,0.050788,0.13649989315282562,0.12795327029622067
2023-06-19,0.050788,0.050788,0.13649989315282562,0.12795327029622067
2023-06-20,0.050788,0.050788,0.13649989315282562,0.12795327029622067
2023-06-21,0.050788,0.050788,0.13649989315282562,0.12795327029622067
2023-06-22,0.050788,0.050788,0.13649989315282562,0.12795327029622067
2023-06-23,0.050788,0.050788,0.13649989315282562,0.12795327029622067
2023-06-26,0.050788,0.050788,0.13649989315282562,0.12795327029622067
2023-06-27,0.050788,0.050788,0.13649989315282562,0.12795327029622067
2023-06-28,0.050788,0.050788,0.13649989315282562,0.12795327029622067
2023-06-29,0.050788,0.050788,0.13649989315282562,0.12795327029622067
2023-06-30,0.050788,0.050788,0.13649989315282562,0.12795327029622067
2023-07-03,0.050788,0.050788,0.13649989315282562,0.12795327029622067
2023-07-04,0.050788,0.050788,0.13649989315282562,0.12795327029622067
2023-07-05,0.050788,0.050788,0.13649989315282562,0.12795327029622067
2023-07-06,0.050788,0.050788,0.13649989315282562,0.12795327029622067
2023-07-07,0.050788,0.050788,0.13649989315282562,0.12795327029622067
2023-07-10,0.050788,0.050788,0.13649989315282562,0.12795327029622067
2023-07-11,0.050788,0.050788,0.13649989315282562,0.12795327029622067
2023-07-12,0.050788,0.050788,0.13649989315282562,0.12795327029622067
2023-07-13,0.050788,0.050788,0.13649989315282562,0.12795327029622067
2023-07-14,0.050788,0.050788,0.13649989315282562,0.12795327029622067
2023-07-17,0.050788,0.050788,0.13649989315282562,0.12795327029622067
2023-07-18,0.050788,0.050788,0.13649989315282562,0.12795327029622067
2023-07-19,0.050788,0.050788,0.13649989315282562,0.12795327029622067
2023-07-20,0.050788,0.050788,0.13649989315282562,0.12795327029622067
2023-07-21,0.050788,0.050788,0.13649989315282562,0.12795327029622067
2023-07-24,0.050788,0.050788,0.13649989315282562,0.12795327029622067
2023-07-25,0.050788,0.050788,0.13649989315282562,0.12795327029622067
2023-07-26,0.050788,0.050788,0.13649989315282562,0.12795327029622067
2023-07-27,0.050788,0.050788,0.13649989315282562,0.12795327029622067
2023-07-28,0.050788,0.050788,0.13649989315282562,0.12795327029622067
2023-07-31,0.050788,0.050788,0.13649989315282562,0.12795327029622067
2023-08-01,0.050788,0.050788,0.13649989315282562,0.12795327029622067
2023-08-02,0.050788,0.050788,0.13649989315282562,0.12795327029622067
2023-08-03,0.049037,0.049037,0.13149860316976114,0.12354295159642903
2023-08-04,0.049037,0.049037,0.13149860316976114,0.12354295159642903
2023-08-07,0.049037,0.049037,0.13149860316976114,0.12354295159642903
2023-08-08,0.049037,0.049037,0.13149860316976114,0.12354295159642903
2023-08-09,0.049037,0.049037,0.13149860316976114,0.12354295159642903
2023-08-10,0.049037,0.049037,0.13149860316976114,0.12354295159642903
2023-08-11,0.049037,0.049037,0.13149860316976114,0.12354295159642903
2023-08-14,0.049037,0.049037,0.13149860316976114,0.12354295159642903
2023-08-15,0.049037,0.049037,0.13149860316976114,0.12354295159642903
2023-08-16,0.049037,0.049037,0.13149860316976114,0.12354295159642903
2023-08-17,0.049037,0.049037,0.13149860316976114,0.12354295159642903
2023-08-18,0.049037,0.049037,0.13149860316976114,0.12354295159642903
2023-08-21,0.049037,0.049037,0.13149860316976114,0.12354295159642903
2023-08-22,0.049037,0.049037,0.13149860316976114,0.12354295159642903
2023-08-23,0.049037,0.049037,0.13149860316976114,0.12354295159642903
2023-08-24,0.049037,0.049037,0.13149860316976114,0.12354295159642903
2023-08-25,0.049037,0.049037,0.13149860316976114,0.12354295159642903
2023-08-28,0.049037,0.049037,0.13149860316976114,0.12354295159642903
2023-08-29,0.049037,0.049037,0.13149860316976114,0.12354295159642903
2023-08-30,0.049037,0.049037,0.13149860316976114,0.12354295159642903
2023-08-31,0.049037,0.049037,0.13149860316976114,0.12354295159642903
2023-09-01,0.049037,0.049037,0.13149860316976114,0.12354295159642903
2023-09-04,0.049037,0.049037,0.13149860316976114,0.12354295159642903
2023-09-05,0.049037,0.049037,0.13149860316976114,0.12354295159642903
2023-09-06,0.049037,0.049037,0.13149860316976114,0.12354295159642903
2023-09-08,0.049037,0.049037,0.13149860316976114,0.12354295159642903
2023-09-11,0.049037,0.049037,0.13149860316976114,0.12354295159642903
2023-09-12,0.049037,0.049037,0.13149860316976114,0.12354295159642903
2023-09-13,0.049037,0.049037,0.13149860316976114,0.12354295159642903
2023-09-14,0.049037,0.049037,0.13149860316976114,0.12354295159642903
2023-09-15,0.049037,0.049037,0.13149860316976114,0.12354295159642903
2023-09-18,0.049037,0.049037,0.13149860316976114,0.12354295159642903
2023-09-19,0.049037,0.049037,0.13149860316976114,0.12354295159642903
2023-09-20,0.049037,0.049037,0.13149860316976114,0.12354295159642903
2023-09-21,0.047279,0.047279,0.12649937271499523,0.1191149240458229
2023-09-22,0.047279,0.047279,0.12649937271499523,0.1191149240458229
2023-09-25,0.047279,0.047279,0.12649937271499523,0.1191149240458229
2023-09-26,0.047279,0.047279,0.12649937271499523,0.1191149240458229
2023-09-27,0.047279,0.047279,0.12649937271499523,0.1191149240458229
2023-09-28,0.047279,0.047279,0.12649937271499523,0.1191149240458229
2023-09-29,0.047279,0.047279,0.12649937271499523,0.1191149240458229
2023-10-02,0.047279,0.047279,0.12649937271499523,0.1191149240458229
2023-10-03,0.047279,0.047279,0.12649937271499523,0.1191149240458229
2023-10-04,0.047279,0.047279,0.12649937271499523,0.1191149240458229
2023-10-05,0.047279,0.047279,0.12649937271499523,0.1191149240458229
2023-10-06,0.047279,0.047279,0.12649937271499523,0.1191149240458229
2023-10-09,0.047279,0.047279,0.12649937271499523,0.1191149240458229
2023-10-10,0.047279,0.047279,0.12649937271499523,0.1191149240458229
2023-10-11,0.047279,0.047279,0.12649937271499523,0.1191149240458229
2023-10-13,0.047279,0.047279,0.12649937271499523,0.1191149240458229
2023-10-16,0.047279,0.047279,0.12649937271499523,0.1191149240458229
2023-10-17,0.047279,0.047279,0.12649937271499523,0.1191149240458229
2023-10-18,0.047279,0.047279,0.12649937271499523,0.1191149240458229
2023-10-19,0.047279,0.047279,0.12649937271499523,0.1191149240458229
2023-10-20,0.047279,0.047279,0.12649937271499523,0.1191149240458229
2023-10-23,0.047279,0.047279,0.12649937271499523,0.1191149240458229
2023-10-24,0.047279,0.047279,0.12649937271499523,0.1191149240458229
2023-10-25,0.047279,0.047279,0.12649937271499523,0.1191149240458229
2023-10-26,0.047279,0.047279,0.12649937271499523,0.1191149240458229
2023-10-27,0.047279,0.047279,0.12649937271499523,0.1191149240458229
2023-10-30,0.047279,0.047279,0.12649937271499523,0.1191149240458229
2023-10-31,0.047279,0.047279,0.12649937271499523,0.1191149240458229
2023-11-01,0.047279,0.047279,0.12649937271499523,0.1191149240458229
2023-11-03,0.045513,0.045513,0.12149954341558988,0.11466666785864793
2023-11-06,0.045513,0.045513,0.12149954341558988,0.11466666785864793
2023-11-07,0.045513,0.045513,0.12149954341558988,0.11466666785864793
2023-11-08,0.045513,0.045513,0.12149954341558988,0.11466666785864793
2023-11-09,0.045513,0.045513,0.12149954341558988,0.11466666785864793
2023-11-10,0.045513,0.045513,0.12149954341558988,0.11466666785864793
2023-11-13,0.045513,0.045513,0.12149954341558988,0.11466666785864793
2023-11-14,0.045513,0.045513,0.12149954341558988,0.11466666785864793
2023-11-16,0.045513,0.045513,0.12149954341558988,0.11466666785864793
2023-11-17,0.045513,0.045513,0.12149954341558988,0.11466666785864793
2023-11-20,0.045513,0.045513,0.12149954341558988,0.11466666785864793
2023-11-21,0.045513,0.045513,0.12149954341558988,0.11466666785864793
2023-11-22,0.045513,0.045513,0.12149954341558988,0.11466666785864793
2023-11-23,0.045513,0.045513,0.12149954341558988,0.11466666785864793
2023-11-24,0.045513,0.045513,0.12149954341558988,0.11466666785864793
2023-11-27,0.045513,0.045513,0.12149954341558988,0.11466666785864793
2023-11-28,0.045513,0.045513,0.12149954341558988,0.11466666785864793
2023-11-29,0.045513,0.045513,0.12149954341558988,0.11466666785864793
2023-11-30,0.045513,0.045513,0.12149954341558988,0.11466666785864793
2023-12-01,0.045513,0.045513,0.12149954341558988,0.11466666785864793
2023-12-04,0.045513,0.045513,0.12149954341558988,0.11466666785864793
2023-12-05,0.045513,0.045513,0.12149954341558988,0.11466666785864793
2023-12-06,0.045513,0.045513,0.12149954341558988,0.11466666785864793
2023-12-07,0.045513,0.045513,0.12149954341558988,0.11466666785864793
2023-12-08,0.045513,0.045513,0.12149954341558988,0.11466666785864793
2023-12-11,0.045513,0.045513,0.12149954341558988,0.11466666785864793
2023-12-12,0.045513,0.045513,0.12149954341558988,0.11466666785864793
2023-12-13,0.045513,0.045513,0.12149954341558988,0.11466666785864793
2023-12-14,0.043739,0.043739,0.11649931856340623,0.11019818196504569
2023-12-15,0.043739,0.043739,0.11649931856340623,0.11019818196504569
2023-12-18,0.043739,0.043739,0.11649931856340623,0.11019818196504569
2023-12-19,0.043739,0.043739,0.11649931856340623,0.11019818196504569
2023-12-20,0.043739,0.043739,0.11649931856340623,0.11019818196504569
2023-12-21,0.043739,0.043739,0.11649931856340623,0.11019818196504569
2023-12-22,0.043739,0.043739,0.11649931856340623,0.11019818196504569
2023-12-26,0.043739,0.043739,0.11649931856340623,0.11019818196504569
2023-12-27,0.043739,0.043739,0.11649931856340623,0.11019818196504569
2023-12-28,0.043739,0.043739,0.11649931856340623,0.11019818196504569
2023-12-29,0.043739,0.043739,0.11649931856340623,0.11019818196504569
2024-01-02,0.043739,0.043739,0.11649931856340623,0.11019818196504569
2024-01-03,0.043739,0.043739,0.11649931856340623,0.11019818196504569
2024-01-04,0.043739,0.043739,0.11649931856340623,0.11019818196504569
2024-01-05,0.043739,0.043739,0.11649931856340623,0.11019818196504569
2024-01-08,0.043739,0.043739,0.11649931856340623,0.11019818196504569
2024-01-09,0.043739,0.043739,0.11649931856340623,0.11019818196504569
2024-01-10,0.043739,0.043739,0.11649931856340623,0.11019818196504569
2024-01-11,0.043739,0.043739,0.11649931856340623,0.11019818196504569
2024-01-12,0.043739,0.043739,0.11649931856340623,0.11019818196504569
2024-01-15,0.043739,0.043739,0.11649931856340623,0.11019818196504569
2024-01-16,0.043739,0.043739,0.11649931856340623,0.11019818196504569
2024-01-17,0.043739,0.043739,0.11649931856340623,0.11019818196504569
2024-01-18,0.043739,0.043739,0.11649931856340623,0.11019818196504569
2024-01-19,0.043739,0.043739,0.11649931856340623,0.11019818196504569
2024-01-22,0.043739,0.043739,0.11649931856340623,0.11019818196504569
2024-01-23,0.043739,0.043739,0.11649931856340623,0.11019818196504569
2024-01-24,0.043739,0.043739,0.11649931856340623,0.11019818196504569
2024-01-25,0.043739,0.043739,0.11649931856340623,0.11019818196504569
2024-01-26,0.043739,0.043739,0.11649931856340623,0.11019818196504569
2024-01-29,0.043739,0.043739,0.11649931856340623,0.11019818196504569
2024-01-30,0.043739,0.043739,0.11649931856340623,0.11019818196504569
2024-01-31,0.043739,0.043739,0.11649931856340623,0.11019818196504569
2024-02-01,0.041957,0.041957,0.11149890058048428,0.10570946529024776
2024-02-02,0.041957,0.041957,0.11149890058048428,0.10570946529024776
2024-02-05,0.041957,0.041957,0.11149890058048428,0.10570946529024776
2024-02-06,0.041957,0.041957,0.11149890058048428,0.10570946529024776
2024-02-07,0.041957,0.041957,0.11149890058048428,0.10570946529024776
2024-02-08,0.041957,0.041957,0.11149890058048428,0.10570946529024776
2024-02-09,0.041957,0.041957,0.11149890058048428,0.10570946529024776
2024-02-14,0.041957,0.041957,0.11149890058048428,0.10570946529024776
2024-02-15,0.041957,0.041957,0.11149890058048428,0.10570946529024776
2024-02-16,0.041957,0.041957,0.11149890058048428,0.10570946529024776
2024-02-19,0.041957,0.041957,0.11149890058048428,0.10570946529024776
2024-02-20,0.041957,0.041957,0.11149890058048428,0.10570946529024776
2024-02-21,0.041957,0.041957,0.11149890058048428,0.10570946529024776
2024-02-22,0.041957,0.041957,0.11149890058048428,0.10570946529024776
2024-02-23,0.041957,0.041957,0.11149890058048428,0.10570946529024776
2024-02-26,0.041957,0.041957,0.11149890058048428,0.10570946529024776
2024-02-27,0.041957,0.041957,0.11149890058048428,0.10570946529024776
2024-02-28,0.041957,0.041957,0.11149890058048428,0.10570946529024776
2024-02-29,0.041957,0.041957,0.11149890058048428,0.10570946529024776
2024-03-01,0.041957,0.041957,0.11149890058048428,0.10570946529024776
2024-03-04,0.041957,0.041957,0.11149890058048428,0.10570946529024776
2024-03-05,0.041957,0.041957,0.11149890058048428,0.10570946529024776
2024-03-06,0.041957,0.041957,0.11149890058048428,0.10570946529024776
2024-03-07,0.041957,0.041957,0.11149890058048428,0.10570946529024776
2024-03-08,0.041957,0.041957,0.11149890058048428,0.10570946529024776
2024-03-11,0.041957,0.041957,0.11149890058048428,0.10570946529024776
2024-03-12,0.041957,0.041957,0.11149890058048428,0.10570946529024776
2024-03-13,0.041957,0.041957,0.11149890058048428,0.10570946529024776
2024-03-14,0.041957,0.041957,0.11149890058048428,0.10570946529024776
2024-03-15,0.041957,0.041957,0.11149890058048428,0.10570946529024776
2024-03-18,0.041957,0.041957,0.11149890058048428,0.10570946529024776
2024-03-19,0.041957,0.041957,0.11149890058048428,0.10570946529024776
2024-03-20,0.041957,0.041957,0.11149890058048428,0.10570946529024776
2024-03-21,0.040168,0.040168,0.10650127826691946,0.10120303574276056
2024-03-22,0.040168,0.040168,0.10650127826691946,0.10120303574276056
2024-03-25,0.040168,0.040168,0.10650127826691946,0.10120303574276056
2024-03-26,0.040168,0.040168,0.10650127826691946,0.10120303574276056
2024-03-27,0.040168,0.040168,0.10650127826691946,0.10120303574276056
2024-03-28,0.040168,0.040168,0.10650127826691946,0.10120303574276056
2024-04-01,0.040168,0.040168,0.10650127826691946,0.10120303574276056
2024-04-02,0.040168,0.040168,0.10650127826691946,0.10120303574276056
2024-04-03,0.040168,0.040168,0.10650127826691946,0.10120303574276056
2024-04-04,0.040168,0.040168,0.10650127826691946,0.10120303574276056
2024-04-05,0.040168,0.040168,0.10650127826691946,0.10120303574276056
2024-04-08,0.040168,0.040168,0.10650127826691946,0.10120303574276056
2024-04-09,0.040168,0.040168,0.10650127826691946,0.10120303574276056
2024-04-10,0.040168,0.040168,0.10650127826691946,0.10120303574276056
2024-04-11,0.040168,0.040168,0.10650127826691946,0.10120303574276056
2024-04-12,0.040168,0.040168,0.10650127826691946,0.10120303574276056
2024-04-15,0.040168,0.040168,0.10650127826691946,0.10120303574276056
2024-04-16,0.040168,0.040168,0.10650127826691946,0.10120303574276056
2024-04-17,0.040168,0.040168,0.10650127826691946,0.10120303574276056
2024-04-18,0.040168,0.040168,0.10650127826691946,0.10120303574276056
2024-04-19,0.040168,0.040168,0.10650127826691946,0.10120303574276056
2024-04-22,0.040168,0.040168,0.10650127826691946,0.10120303574276056
2024-04-23,0.040168,0.040168,0.10650127826691946,0.10120303574276056
2024-04-24,0.040168,0.040168,0.10650127826691946,0.10120303574276056
2024-04-25,0.040168,0.040168,0.10650127826691946,0.10120303574276056
2024-04-26,0.040168,0.040168,0.10650127826691946,0.10120303574276056
2024-04-29,0.040168,0.040168,0.10650127826691946,0.10120303574276056
2024-04-30,0.040168,0.040168,0.10650127826691946,0.10120303574276056
2024-05-02,0.040168,0.040168,0.10650127826691946,0.10120303574276056
2024-05-03,0.040168,0.040168,0.10650127826691946,0.10120303574276056
2024-05-06,0.040168,0.040168,0.10650127826691946,0.10120303574276056
2024-05-07,0.040168,0.040168,0.10650127826691946,0.10120303574276056
2024-05-08,0.040168,0.040168,0.10650127826691946,0.10120303574276056
2024-05-09,0.03927,0.03927,0.10400113309764913,0.09894097421096518
2024-05-10,0.03927,0.03927,0.10400113309764913,0.09894097421096518
2024-05-13,0.03927,0.03927,0.10400113309764913,0.09894097421096518
2024-05-14,0.03927,0.03927,0.10400113309764913,0.09894097421096518
2024-05-15,0.03927,0.03927,0.10400113309764913,0.09894097421096518
2024-05-16,0.03927,0.03927,0.10400113309764913,0.09894097421096518
2024-05-17,0.03927,0.03927,0.10400113309764913,0.09894097421096518
2024-05-20,0.03927,0.03927,0.10400113309764913,0.09894097421096518
2024-05-21,0.03927,0.03927,0.10400113309764913,0.09894097421096518
2024-05-22,0.03927,0.03927,0.10400113309764913,0.09894097421096518
2024-05-23,0.03927,0.03927,0.10400113309764913,0.09894097421096518
2024-05-24,0.03927,0.03927,0.10400113309764913,0.09894097421096518
2024-05-27,0.03927,0.03927,0.10400113309764913,0.09894097421096518
2024-05-28,0.03927,0.03927,0.10400113309764913,0.09894097421096518
2024-05-29,0.03927,0.03927,0.10400113309764913,0.09894097421096518
2024-05-31,0.03927,0.03927,0.10400113309764913,0.09894097421096518
2024-06-03,0.03927,0.03927,0.10400113309764913,0.09894097421096518
2024-06-04,0.03927,0.03927,0.10400113309764913,0.09894097421096518
2024-06-05,0.03927,0.03927,0.10400113309764913,0.09894097421096518
2024-06-06,0.03927,0.03927,0.10400113309764913,0.09894097421096518
2024-06-07,0.03927,0.03927,0.10400113309764913,0.09894097421096518
2024-06-10,0.03927,0.03927,0.10400113309764913,0.09894097421096518
2024-06-11,0.03927,0.03927,0.10400113309764913,0.09894097421096518
2024-06-12,0.03927,0.03927,0.10400113309764913,0.09894097421096518
2024-06-13,0.03927,0.03927,0.10400113309764913,0.09894097421096518
2024-06-14,0.03927,0.03927,0.10400113309764913,0.09894097421096518
2024-06-17,0.03927,0.03927,0.10400113309764913,0.09894097421096518
2024-06-18,0.03927,0.03927,0.10400113309764913,0.09894097421096518
2024-06-19,0.03927,0.03927,0.10400113309764913,0.09894097421096518
2024-06-20,0.03927,0.03927,0.10400113309764913,0.09894097421096518
2024-06-21,0.03927,0.03927,0.10400113309764913,0.09894097421096518
2024-06-24,0.03927,0.03927,0.10400113309764913,0.09894097421096518
2024-06-25,0.03927,0.03927,0.10400113309764913,0.09894097421096518
2024-06-26,0.03927,0.03927,0.10400113309764913,0.09894097421096518
2024-06-27,0.03927,0.03927,0.10400113309764913,0.09894097421096518
2024-06-28,0.03927,0.03927,0.10400113309764913,0.09894097421096518
2024-07-01,0.03927,0.03927,0.10400113309764913,0.09894097421096518
2024-07-02,0.03927,0.03927,0.10400113309764913,0.09894097421096518
2024-07-03,0.03927,0.03927,0.10400113309764913,0.09894097421096518
2024-07-04,0.03927,0.03927,0.10400113309764913,0.09894097421096518
2024-07-05,0.03927,0.03927,0.10400113309764913,0.09894097421096518
2024-07-08,0.03927,0.03927,0.10400113309764913,0.09894097421096518
2024-07-09,0.03927,0.03927,0.10400113309764913,0.09894097421096518
2024-07-10,0.03927,0.03927,0.10400113309764913,0.09894097421096518
2024-07-11,0.03927,0.03927,0.10400113309764913,0.09894097421096518
2024-07-12,0.03927,0.03927,0.10400113309764913,0.09894097421096518
2024-07-15,0.03927,0.03927,0.10400113309764913,0.09894097421096518
2024-07-16,0.03927,0.03927,0.10400113309764913,0.09894097421096518
2024-07-17,0.03927,0.03927,0.10400113309764913,0.09894097421096518
2024-07-18,0.03927,0.03927,0.10400113309764913,0.09894097421096518
2024-07-19,0.03927,0.03927,0.10400113309764913,0.09894097421096518
2024-07-22,0.03927,0.03927,0.10400113309764913,0.09894097421096518
2024-07-23,0.03927,0.03927,0.10400113309764913,0.09894097421096518
2024-07-24,0.03927,0.03927,0.10400113309764913,0.09894097421096518
2024-07-25,0.03927,0.03927,0.10400113309764913,0.09894097421096518
2024-07-26,0.03927,0.03927,0.10400113309764913,0.09894097421096518
2024-07-29,0.03927,0.03927,0.10400113309764913,0.09894097421096518
2024-07-30,0.03927,0.03927,0.10400113309764913,0.09894097421096518
2024-07-31,0.03927,0.03927,0.10400113309764913,0.09894097421096518
2024-08-01,0.03927,0.03927,0.10400113309764913,0.09894097421096518
2024-08-02,0.03927,0.03927,0.10400113309764913,0.09894097421096518
2024-08-05,0.03927,0.03927,0.10400113309764913,0.09894097421096518
2024-08-06,0.03927,0.03927,0.10400113309764913,0.09894097421096518
2024-08-07,0.03927,0.03927,0.10400113309764913,0.09894097421096518
2024-08-08,0.03927,0.03927,0.10400113309764913,0.09894097421096518
2024-08-09,0.03927,0.03927,0.10400113309764913,0.09894097421096518
2024-08-12,0.03927,0.03927,0.10400113309764913,0.09894097421096518
2024-08-13,0.03927,0.03927,0.10400113309764913,0.09894097421096518
2024-08-14,0.03927,0.03927,0.10400113309764913,0.09894097421096518
2024-08-15,0.03927,0.03927,0.10400113309764913,0.09894097421096518
2024-08-16,0.03927,0.03927,0.10400113309764913,0.09894097421096518
2024-08-19,0.03927,0.03927,0.10400113309764913,0.09894097421096518
2024-08-20,0.03927,0.03927,0.10400113309764913,0.09894097421096518
2024-08-21,0.03927,0.03927,0.10400113309764913,0.09894097421096518
2024-08-22,0.03927,0.03927,0.10400113309764913,0.09894097421096518
2024-08-23,0.03927,0.03927,0.10400113309764913,0.09894097421096518
2024-08-26,0.03927,0.03927,0.10400113309764913,0.09894097421096518
2024-08-27,0.03927,0.03927,0.10400113309764913,0.09894097421096518
2024-08-28,0.03927,0.03927,0.10400113309764913,0.09894097421096518
2024-08-29,0.03927,0.03927,0.10400113309764913,0.09894097421096518
2024-08-30,0.03927,0.03927,0.10400113309764913,0.09894097421096518
2024-09-02,0.03927,0.03927,0.10400113309764913,0.09894097421096518
2024-09-03,0.03927,0.03927,0.10400113309764913,0.09894097421096518
2024-09-04,0.03927,0.03927,0.10400113309764913,0.09894097421096518
2024-09-05,0.03927,0.03927,0.10400113309764913,0.09894097421096518
2024-09-06,0.03927,0.03927,0.10400113309764913,0.09894097421096518
2024-09-09,0.03927,0.03927,0.10400113309764913,0.09894097421096518
2024-09-10,0.03927,0.03927,0.10400113309764913,0.09894097421096518
2024-09-11,0.03927,0.03927,0.10400113309764913,0.09894097421096518
2024-09-12,0.03927,0.03927,0.10400113309764913,0.09894097421096518
2024-09-13,0.03927,0.03927,0.10400113309764913,0.09894097421096518
2024-09-16,0.03927,0.03927,0.10400113309764913,0.09894097421096518
2024-09-17,0.03927,0.03927,0.10400113309764913,0.09894097421096518
2024-09-18,0.03927,0.03927,0.10400113309764913,0.09894097421096518
2024-09-19,0.040168,0.040168,0.10650127826691946,0.10120303574276056
2024-09-20,0.040168,0.040168,0.10650127826691946,0.10120303574276056
2024-09-23,0.040168,0.040168,0.10650127826691946,0.10120303574276056
2024-09-24,0.040168,0.040168,0.10650127826691946,0.10120303574276056
2024-09-25,0.040168,0.040168,0.10650127826691946,0.10120303574276056
2024-09-26,0.040168,0.040168,0.10650127826691946,0.10120303574276056
2024-09-27,0.040168,0.040168,0.10650127826691946,0.10120303574276056
2024-09-30,0.040168,0.040168,0.10650127826691946,0.10120303574276056
2024-10-01,0.040168,0.040168,0.10650127826691946,0.10120303574276056
2024-10-02,0.040168,0.040168,0.10650127826691946,0.10120303574276056
2024-10-03,0.040168,0.040168,0.10650127826691946,0.10120303574276056
2024-10-04,0.040168,0.040168,0.10650127826691946,0.10120303574276056
2024-10-07,0.040168,0.040168,0.10650127826691946,0.10120303574276056
2024-10-08,0.040168,0.040168,0.10650127826691946,0.10120303574276056
2024-10-09,0.040168,0.040168,0.10650127826691946,0.10120303574276056
2024-10-10,0.040168,0.040168,0.10650127826691946,0.10120303574276056
2024-10-11,0.040168,0.040168,0.10650127826691946,0.10120303574276056
2024-10-14,0.040168,0.040168,0.10650127826691946,0.10120303574276056
2024-10-15,0.040168,0.040168,0.10650127826691946,0.10120303574276056
2024-10-16,0.040168,0.040168,0.10650127826691946,0.10120303574276056
2024-10-17,0.040168,0.040168,0.10650127826691946,0.10120303574276056
2024-10-18,0.040168,0.040168,0.10650127826691946,0.10120303574276056
2024-10-21,0.040168,0.040168,0.10650127826691946,0.10120303574276056
2024-10-22,0.040168,0.040168,0.10650127826691946,0.10120303574276056
2024-10-23,0.040168,0.040168,0.10650127826691946,0.10120303574276056
2024-10-24,0.040168,0.040168,0.10650127826691946,0.10120303574276056
2024-10-25,0.040168,0.040168,0.10650127826691946,0.10120303574276056
2024-10-28,0.040168,0.040168,0.10650127826691946,0.10120303574276056
2024-10-29,0.040168,0.040168,0.10650127826691946,0.10120303574276056
2024-10-30,0.040168,0.040168,0.10650127826691946,0.10120303574276056
2024-10-31,0.040168,0.040168,0.10650127826691946,0.10120303574276056
2024-11-01,0.040168,0.040168,0.10650127826691946,0.10120303574276056
2024-11-04,0.040168,0.040168,0.10650127826691946,0.10120303574276056
2024-11-05,0.040168,0.040168,0.10650127826691946,0.10120303574276056
2024-11-06,0.040168,0.040168,0.10650127826691946,0.10120303574276056
2024-11-07,0.041957,0.041957,0.11149890058048428,0.10570946529024776
2024-11-08,0.041957,0.041957,0.11149890058048428,0.10570946529024776
2024-11-11,0.041957,0.041957,0.11149890058048428,0.10570946529024776
2024-11-12,0.041957,0.041957,0.11149890058048428,0.10570946529024776
2024-11-13,0.041957,0.041957,0.11149890058048428,0.10570946529024776
2024-11-14,0.041957,0.041957,0.11149890058048428,0.10570946529024776
2024-11-18,0.041957,0.041957,0.11149890058048428,0.10570946529024776
2024-11-19,0.041957,0.041957,0.11149890058048428,0.10570946529024776
2024-11-21,0.041957,0.041957,0.11149890058048428,0.10570946529024776
2024-11-22,0.041957,0.041957,0.11149890058048428,0.10570946529024776
2024-11-25,0.041957,0.041957,0.11149890058048428,0.10570946529024776
2024-11-26,0.041957,0.041957,0.11149890058048428,0.10570946529024776
2024-11-27,0.041957,0.041957,0.11149890058048428,0.10570946529024776
2024-11-28,0.041957,0.041957,0.11149890058048428,0.10570946529024776
2024-11-29,0.041957,0.041957,0.11149890058048428,0.10570946529024776
2024-12-02,0.041957,0.041957,0.11149890058048428,0.10570946529024776
2024-12-03,0.041957,0.041957,0.11149890058048428,0.10570946529024776
2024-12-04,0.041957,0.041957,0.11149890058048428,0.10570946529024776
2024-12-05,0.041957,0.041957,0.11149890058048428,0.10570946529024776
2024-12-06,0.041957,0.041957,0.11149890058048428,0.10570946529024776
2024-12-09,0.041957,0.041957,0.11149890058048428,0.10570946529024776
2024-12-10,0.041957,0.041957,0.11149890058048428,0.10570946529024776
2024-12-11,0.041957,0.041957,0.11149890058048428,0.10570946529024776
2024-12-12,0.045513,0.045513,0.12149954341558988,0.11466666785864793
2024-12-13,0.045513,0.045513,0.12149954341558988,0.11466666785864793
2024-12-16,0.045513,0.045513,0.12149954341558988,0.11466666785864793
2024-12-17,0.045513,0.045513,0.12149954341558988,0.11466666785864793
2024-12-18,0.045513,0.045513,0.12149954341558988,0.11466666785864793
2024-12-19,0.045513,0.045513,0.12149954341558988,0.11466666785864793
2024-12-20,0.045513,0.045513,0.12149954341558988,0.11466666785864793
2024-12-23,0.045513,0.045513,0.12149954341558988,0.11466666785864793
2024-12-24,0.045513,0.045513,0.12149954341558988,0.11466666785864793
2024-12-26,0.045513,0.045513,0.12149954341558988,0.11466666785864793
2024-12-27,0.045513,0.045513,0.12149954341558988,0.11466666785864793
2024-12-30,0.045513,0.045513,0.12149954341558988,0.11466666785864793
2024-12-31,0.045513,0.045513,0.12149954341558988,0.11466666785864793
2025-01-02,0.045513,0.045513,0.12149954341558988,0.11466666785864793
2025-01-03,0.045513,0.045513,0.12149954341558988,0.11466666785864793
2025-01-06,0.045513,0.045513,0.12149954341558988,0.11466666785864793
2025-01-07,0.045513,0.045513,0.12149954341558988,0.11466666785864793
2025-01-08,0.045513,0.045513,0.12149954341558988,0.11466666785864793
2025-01-09,0.045513,0.045513,0.12149954341558988,0.11466666785864793
2025-01-10,0.045513,0.045513,0.12149954341558988,0.11466666785864793
2025-01-13,0.045513,0.045513,0.12149954341558988,0.11466666785864793
2025-01-14,0.045513,0.045513,0.12149954341558988,0.11466666785864793
2025-01-15,0.045513,0.045513,0.12149954341558988,0.11466666785864793
2025-01-16,0.045513,0.045513,0.12149954341558988,0.11466666785864793
2025-01-17,0.045513,0.045513,0.12149954341558988,0.11466666785864793
2025-01-20,0.045513,0.045513,0.12149954341558988,0.11466666785864793
2025-01-21,0.045513,0.045513,0.12149954341558988,0.11466666785864793
2025-01-22,0.045513,0.045513,0.12149954341558988,0.11466666785864793
2025-01-23,0.045513,0.045513,0.12149954341558988,0.11466666785864793
2025-01-24,0.045513,0.045513,0.12149954341558988,0.11466666785864793
2025-01-27,0.045513,0.045513,0.12149954341558988,0.11466666785864793
2025-01-28,0.045513,0.045513,0.12149954341558988,0.11466666785864793
2025-01-29,0.045513,0.045513,0.12149954341558988,0.11466666785864793
2025-01-30,0.049037,0.049037,0.13149860316976114,0.12354295159642903
2025-01-31,0.049037,0.049037,0.13149860316976114,0.12354295159642903
2025-02-03,0.049037,0.049037,0.13149860316976114,0.12354295159642903
2025-02-04,0.049037,0.049037,0.13149860316976114,0.12354295159642903
2025-02-05,0.049037,0.049037,0.13149860316976114,0.12354295159642903
2025-02-06,0.049037,0.049037,0.13149860316976114,0.12354295159642903
2025-02-07,0.049037,0.049037,0.13149860316976114,0.12354295159642903
2025-02-10,0.049037,0.049037,0.13149860316976114,0.12354295159642903
2025-02-11,0.049037,0.049037,0.13149860316976114,0.12354295159642903
2025-02-12,0.049037,0.049037,0.13149860316976114,0.12354295159642903
2025-02-13,0.049037,0.049037,0.13149860316976114,0.12354295159642903
2025-02-14,0.049037,0.049037,0.13149860316976114,0.12354295159642903
2025-02-17,0.049037,0.049037,0.13149860316976114,0.12354295159642903
2025-02-18,0.049037,0.049037,0.13149860316976114,0.12354295159642903
2025-02-19,0.049037,0.049037,0.13149860316976114,0.12354295159642903
2025-02-20,0.049037,0.049037,0.13149860316976114,0.12354295159642903
2025-02-21,0.049037,0.049037,0.13149860316976114,0.12354295159642903
2025-02-24,0.049037,0.049037,0.13149860316976114,0.12354295159642903
2025-02-25,0.049037,0.049037,0.13149860316976114,0.12354295159642903
2025-02-26,0.049037,0.049037,0.13149860316976114,0.12354295159642903
2025-02-27,0.049037,0.049037,0.13149860316976114,0.12354295159642903
2025-02-28,0.049037,0.049037,0.13149860316976114,0.12354295159642903
2025-03-05,0.049037,0.049037,0.13149860316976114,0.12354295159642903
2025-03-06,0.049037,0.049037,0.13149860316976114,0.12354295159642903
2025-03-07,0.049037,0.049037,0.13149860316976114,0.12354295159642903
2025-03-10,0.049037,0.049037,0.13149860316976114,0.12354295159642903
2025-03-11,0.049037,0.049037,0.13149860316976114,0.12354295159642903
2025-03-12,0.049037,0.049037,0.13149860316976114,0.12354295159642903
2025-03-13,0.049037,0.049037,0.13149860316976114,0.12354295159642903
2025-03-14,0.049037,0.049037,0.13149860316976114,0.12354295159642903
2025-03-17,0.049037,0.049037,0.13149860316976114,0.12354295159642903
2025-03-18,0.049037,0.049037,0.13149860316976114,0.12354295159642903
2025-03-19,0.049037,0.049037,0.13149860316976114,0.12354295159642903
2025-03-20,0.052531,0.052531,0.14150020022937992,0.13234336239670308
2025-03-21,0.052531,0.052531,0.14150020022937992,0.13234336239670308
2025-03-24,0.052531,0.052531,0.14150020022937992,0.13234336239670308
2025-03-25,0.052531,0.052531,0.14150020022937992,0.13234336239670308
2025-03-26,0.052531,0.052531,0.14150020022937992,0.13234336239670308
2025-03-27,0.052531,0.052531,0.14150020022937992,0.13234336239670308
2025-03-28,0.052531,0.052531,0.14150020022937992,0.13234336239670308
2025-03-31,0.052531,0.052531,0.14150020022937992,0.13234336239670308
2025-04-01,0.052531,0.052531,0.14150020022937992,0.13234336239670308
2025-04-02,0.052531,0.052531,0.14150020022937992,0.13234336239670308
2025-04-03,0.052531,0.052531,0.14150020022937992,0.13234336239670308
2025-04-04,0.052531,0.052531,0.14150020022937992,0.13234336239670308
2025-04-07,0.052531,0.052531,0.14150020022937992,0.13234336239670308
2025-04-08,0.052531,0.052531,0.14150020022937992,0.13234336239670308
2025-04-09,0.052531,0.052531,0.14150020022937992,0.13234336239670308
2025-04-10,0.052531,0.052531,0.14150020022937992,0.13234336239670308
2025-04-11,0.052531,0.052531,0.14150020022937992,0.13234336239670308
2025-04-14,0.052531,0.052531,0.14150020022937992,0.13234336239670308
2025-04-15,0.052531,0.052531,0.14150020022937992,0.13234336239670308
2025-04-16,0.052531,0.052531,0.14150020022937992,0.13234336239670308
2025-04-17,0.052531,0.052531,0.14150020022937992,0.13234336239670308
2025-04-22,0.052531,0.052531,0.14150020022937992,0.13234336239670308
2025-04-23,0.052531,0.052531,0.14150020022937992,0.13234336239670308
2025-04-24,0.052531,0.052531,0.14150020022937992,0.13234336239670308
2025-04-25,0.052531,0.052531,0.14150020022937992,0.13234336239670308
2025-04-28,0.052531,0.052531,0.14150020022937992,0.13234336239670308
2025-04-29,0.052531,0.052531,0.14150020022937992,0.13234336239670308
2025-04-30,0.052531,0.052531,0.14150020022937992,0.13234336239670308
2025-05-02,0.052531,0.052531,0.14150020022937992,0.13234336239670308
2025-05-05,0.052531,0.052531,0.14150020022937992,0.13234336239670308
2025-05-06,0.052531,0.052531,0.14150020022937992,0.13234336239670308
2025-05-07,0.052531,0.052531,0.14150020022937992,0.13234336239670308
2025-05-08,0.054266,0.054266,0.14649931856394516,0.13671322895361926
2025-05-09,0.054266,0.054266,0.14649931856394516,0.13671322895361926
2025-05-12,0.054266,0.054266,0.14649931856394516,0.13671322895361926
2025-05-13,0.054266,0.054266,0.14649931856394516,0.13671322895361926
2025-05-14,0.054266,0.054266,0.14649931856394516,0.13671322895361926
2025-05-15,0.054266,0.054266,0.14649931856394516,0.13671322895361926
2025-05-16,0.054266,0.054266,0.14649931856394516,0.13671322895361926
2025-05-19,0.054266,0.054266,0.14649931856394516,0.13671322895361926
2025-05-20,0.054266,0.054266,0.14649931856394516,0.13671322895361926
2025-05-21,0.054266,0.054266,0.14649931856394516,0.13671322895361926
2025-05-22,0.054266,0.054266,0.14649931856394516,0.13671322895361926
2025-05-23,0.054266,0.054266,0.14649931856394516,0.13671322895361926
2025-05-26,0.054266,0.054266,0.14649931856394516,0.13671322895361926
2025-05-27,0.054266,0.054266,0.14649931856394516,0.13671322895361926
2025-05-28,0.054266,0.054266,0.14649931856394516,0.13671322895361926
2025-05-29,0.054266,0.054266,0.14649931856394516,0.13671322895361926
2025-05-30,0.054266,0.054266,0.14649931856394516,0.13671322895361926
2025-06-02,0.054266,0.054266,0.14649931856394516,0.13671322895361926
2025-06-03,0.054266,0.054266,0.14649931856394516,0.13671322895361926
2025-06-04,0.054266,0.054266,0.14649931856394516,0.13671322895361926
2025-06-05,0.054266,0.054266,0.14649931856394516,0.13671322895361926
2025-06-06,0.054266,0.054266,0.14649931856394516,0.13671322895361926
2025-06-09,0.054266,0.054266,0.14649931856394516,0.13671322895361926
2025-06-10,0.054266,0.054266,0.14649931856394516,0.13671322895361926
2025-06-11,0.054266,0.054266,0.14649931856394516,0.13671322895361926
2025-06-12,0.054266,0.054266,0.14649931856394516,0.13671322895361926
2025-06-13,0.054266,0.054266,0.14649931856394516,0.13671322895361926
2025-06-16,0.054266,0.054266,0.14649931856394516,0.13671322895361926
2025-06-17,0.054266,0.054266,0.14649931856394516,0.13671322895361926
2025-06-18,0.054266,0.054266,0.14649931856394516,0.13671322895361926
2025-06-20,0.055131,0.055131,0.14899981434569276,0.13889183728755328
2025-06-23,0.055131,0.055131,0.14899981434569276,0.13889183728755328
2025-06-24,0.055131,0.055131,0.14899981434569276,0.13889183728755328
2025-06-25,0.055131,0.055131,0.14899981434569276,0.13889183728755328
2025-06-26,0.055131,0.055131,0.14899981434569276,0.13889183728755328
2025-06-27,0.055131,0.055131,0.14899981434569276,0.13889183728755328
2025-06-30,0.055131,0.055131,0.14899981434569276,0.13889183728755328
2025-07-01,0.055131,0.055131,0.14899981434569276,0.13889183728755328
2025-07-02,0.055131,0.055131,0.14899981434569276,0.13889183728755328
2025-07-03,0.055131,0.055131,0.14899981434569276,0.13889183728755328
2025-07-04,0.055131,0.055131,0.14899981434569276,0.13889183728755328
2025-07-07,0.055131,0.055131,0.14899981434569276,0.13889183728755328
2025-07-08,0.055131,0.055131,0.14899981434569276,0.13889183728755328
2025-07-09,0.055131,0.055131,0.14899981434569276,0.13889183728755328
2025-07-10,0.055131,0.055131,0.14899981434569276,0.13889183728755328
2025-07-11,0.055131,0.055131,0.14899981434569276,0.13889183728755328
2025-07-14,0.055131,0.055131,0.14899981434569276,0.13889183728755328
2025-07-15,0.055131,0.055131,0.14899981434569276,0.13889183728755328
2025-07-16,0.055131,0.055131,0.14899981434569276,0.13889183728755328
2025-07-17,0.055131,0.055131,0.14899981434569276,0.13889183728755328
2025-07-18,0.055131,0.055131,0.14899981434569276,0.13889183728755328
2025-07-21,0.055131,0.055131,0.14899981434569276,0.13889183728755328
2025-07-22,0.055131,0.055131,0.14899981434569276,0.13889183728755328
2025-07-23,0.055131,0.055131,0.14899981434569276,0.13889183728755328
2025-07-24,0.055131,0.055131,0.14899981434569276,0.13889183728755328
2025-07-25,0.055131,0.055131,0.14899981434569276,0.13889183728755328
2025-07-28,0.055131,0.055131,0.14899981434569276,0.13889183728755328
2025-07-29,0.055131,0.055131,0.14899981434569276,0.13889183728755328
2025-07-30,0.055131,0.055131,0.14899981434569276,0.13889183728755328
2025-07-31,0.055131,0.055131,0.14899981434569276,0.13889183728755328
2025-08-01,0.055131,0.055131,0.14899981434569276,0.13889183728755328
2025-08-04,0.055131,0.055131,0.14899981434569276,0.13889183728755328
2025-08-05,0.055131,0.055131,0.14899981434569276,0.13889183728755328
2025-08-06,0.055131,0.055131,0.14899981434569276,0.13889183728755328
2025-08-07,0.055131,0.055131,0.14899981434569276,0.13889183728755328
2025-08-08,0.055131,0.055131,0.14899981434569276,0.13889183728755328
2025-08-11,0.055131,0.055131,0.14899981434569276,0.13889183728755328
2025-08-12,0.055131,0.055131,0.14899981434569276,0.13889183728755328
2025-08-13,0.055131,0.055131,0.14899981434569276,0.13889183728755328
2025-08-14,0.055131,0.055131,0.14899981434569276,0.13889183728755328
2025-08-15,0.055131,0.055131,0.14899981434569276,0.13889183728755328
2025-08-18,0.055131,0.055131,0.14899981434569276,0.13889183728755328
2025-08-19,0.055131,0.055131,0.14899981434569276,0.13889183728755328
2025-08-20,0.055131,0.055131,0.14899981434569276,0.13889183728755328
2025-08-21,0.055131,0.055131,0.14899981434569276,0.13889183728755328
2025-08-22,0.055131,0.055131,0.14899981434569276,0.13889183728755328
2025-08-25,0.055131,0.055131,0.14899981434569276,0.13889183728755328
2025-08-26,0.055131,0.055131,0.14899981434569276,0.13889183728755328
2025-08-27,0.055131,0.055131,0.14899981434569276,0.13889183728755328
2025-08-28,0.055131,0.055131,0.14899981434569276,0.13889183728755328
2025-08-29,0.055131,0.055131,0.14899981434569276,0.13889183728755328
2025-09-01,0.055131,0.055131,0.14899981434569276,0.13889183728755328
2025-09-02,0.055131,0.055131,0.14899981434569276,0.13889183728755328
2025-09-03,0.055131,0.055131,0.14899981434569276,0.13889183728755328
2025-09-04,0.055131,0.055131,0.14899981434569276,0.13889183728755328
2025-09-05,0.055131,0.055131,0.14899981434569276,0.13889183728755328
2025-09-08,0.055131,0.055131,0.14899981434569276,0.13889183728755328
2025-09-09,0.055131,0.055131,0.14899981434569276,0.13889183728755328
2025-09-10,0.055131,0.055131,0.14899981434569276,0.13889183728755328
2025-09-11,0.055131,0.055131,0.14899981434569276,0.13889183728755328
2025-09-12,0.055131,0.055131,0.14899981434569276,0.13889183728755328
2025-09-15,0.055131,0.055131,0.14899981434569276,0.13889183728755328
2025-09-16,0.055131,0.055131,0.14899981434569276,0.13889183728755328
2025-09-17,0.055131,0.055131,0.14899981434569276,0.13889183728755328
2025-09-18,0.055131,0.055131,0.14899981434569276,0.13889183728755328
2025-09-19,0.055131,0.055131,0.14899981434569276,0.13889183728755328
2025-09-22,0.055131,0.055131,0.14899981434569276,0.13889183728755328
2025-09-23,0.055131,0.055131,0.14899981434569276,0.13889183728755328
2025-09-24,0.055131,0.055131,0.14899981434569276,0.13889183728755328
2025-09-25,0.055131,0.055131,0.14899981434569276,0.13889183728755328
2025-09-26,0.055131,0.055131,0.14899981434569276,0.13889183728755328
2025-09-29,0.055131,0.055131,0.14899981434569276,0.13889183728755328
2025-09-30,0.055131,0.055131,0.14899981434569276,0.13889183728755328
2025-10-01,0.055131,0.055131,0.14899981434569276,0.13889183728755328
2025-10-02,0.055131,0.055131,0.14899981434569276,0.13889183728755328
2025-10-03,0.055131,0.055131,0.14899981434569276,0.13889183728755328
2025-10-06,0.055131,0.055131,0.14899981434569276,0.13889183728755328
2025-10-07,0.055131,0.055131,0.14899981434569276,0.13889183728755328
2025-10-08,0.055131,0.055131,0.14899981434569276,0.13889183728755328
2025-10-09,0.055131,0.055131,0.14899981434569276,0.13889183728755328
2025-10-10,0.055131,0.055131,0.14899981434569276,0.13889183728755328
2025-10-13,0.055131,0.055131,0.14899981434569276,0.13889183728755328
2025-10-14,0.055131,0.055131,0.14899981434569276,0.13889183728755328
2025-10-15,0.055131,0.055131,0.14899981434569276,0.13889183728755328
2025-10-16,0.055131,0.055131,0.14899981434569276,0.13889183728755328
2025-10-17,0.055131,0.055131,0.14899981434569276,0.13889183728755328
2025-10-20,0.055131,0.055131,0.14899981434569276,0.13889183728755328
2025-10-21,0.055131,0.055131,0.14899981434569276,0.13889183728755328
2025-10-22,0.055131,0.055131,0.14899981434569276,0.13889183728755328
2025-10-23,0.055131,0.055131,0.14899981434569276,0.13889183728755328
2025-10-24,0.055131,0.055131,0.14899981434569276,0.13889183728755328
2025-10-27,0.055131,0.055131,0.14899981434569276,0.13889183728755328
2025-10-28,0.055131,0.055131,0.14899981434569276,0.13889183728755328
2025-10-29,0.055131,0.055131,0.14899981434569276,0.13889183728755328
2025-10-30,0.055131,0.055131,0.14899981434569276,0.13889183728755328
2025-10-31,0.055131,0.055131,0.14899981434569276,0.13889183728755328
2025-11-03,0.055131,0.055131,0.14899981434569276,0.13889183728755328
2025-11-04,0.055131,0.055131,0.14899981434569276,0.13889183728755328
2025-11-05,0.055131,0.055131,0.14899981434569276,0.13889183728755328
2025-11-06,0.055131,0.055131,0.14899981434569276,0.13889183728755328
2025-11-07,0.055131,0.055131,0.14899981434569276,0.13889183728755328
2025-11-10,0.055131,0.055131,0.14899981434569276,0.13889183728755328
2025-11-11,0.055131,0.055131,0.14899981434569276,0.13889183728755328
2025-11-12,0.055131,0.055131,0.14899981434569276,0.13889183728755328
2025-11-13,0.055131,0.055131,0.14899981434569276,0.13889183728755328
2025-11-14,0.055131,0.055131,0.14899981434569276,0.13889183728755328
2025-11-17,0.055131,0.055131,0.14899981434569276,0.13889183728755328
2025-11-18,0.055131,0.055131,0.14899981434569276,0.13889183728755328
2025-11-19,0.055131,0.055131,0.14899981434569276,0.13889183728755328
2025-11-21,0.055131,0.055131,0.14899981434569276,0.13889183728755328
2025-11-24,0.055131,0.055131,0.14899981434569276,0.13889183728755328
2025-11-25,0.055131,0.055131,0.14899981434569276,0.13889183728755328
2025-11-26,0.055131,0.055131,0.14899981434569276,0.13889183728755328
2025-11-27,0.055131,0.055131,0.14899981434569276,0.13889183728755328
2025-11-28,0.055131,0.055131,0.14899981434569276,0.13889183728755328
2025-12-01,0.055131,0.055131,0.14899981434569276,0.13889183728755328
2025-12-02,0.055131,0.055131,0.14899981434569276,0.13889183728755328
2025-12-03,0.055131,0.055131,0.14899981434569276,0.13889183728755328
2025-12-04,0.055131,0.055131,0.14899981434569276,0.13889183728755328
2025-12-05,0.055131,0.055131,0.14899981434569276,0.13889183728755328
2025-12-08,0.055131,0.055131,0.14899981434569276,0.13889183728755328
2025-12-09,0.055131,0.055131,0.14899981434569276,0.13889183728755328
2025-12-10,0.055131,0.055131,0.14899981434569276,0.13889183728755328
2025-12-11,0.055131,0.055131,0.14899981434569276,0.13889183728755328
2025-12-12,0.055131,0.055131,0.14899981434569276,0.13889183728755328
2025-12-15,0.055131,0.055131,0.14899981434569276,0.13889183728755328
2025-12-16,0.055131,0.055131,0.14899981434569276,0.13889183728755328
2025-12-17,0.055131,0.055131,0.14899981434569276,0.13889183728755328
2025-12-18,0.055131,0.055131,0.14899981434569276,0.13889183728755328
2025-12-19,0.055131,0.055131,0.14899981434569276,0.13889183728755328
2025-12-22,0.055131,0.055131,0.14899981434569276,0.13889183728755328
2025-12-23,0.055131,0.055131,0.14899981434569276,0.13889183728755328
2025-12-24,0.055131,0.055131,0.14899981434569276,0.13889183728755328
2025-12-26,0.055131,0.055131,0.14899981434569276,0.13889183728755328
2025-12-29,0.055131,0.055131,0.14899981434569276,0.13889183728755328
2025-12-30,0.055131,0.055131,0.14899981434569276,0.13889183728755328
2025-12-31,0.055131,0.055131,0.14899981434569276,0.13889183728755328
2026-01-02,0.055131,0.055131,0.14899981434569276,0.13889183728755328
2026-01-05,0.055131,0.055131,0.14899981434569276,0.13889183728755328
2026-01-06,0.055131,0.055131,0.14899981434569276,0.13889183728755328
2026-01-07,0.055131,0.055131,0.14899981434569276,0.13889183728755328
2026-01-08,0.055131,0.055131,0.14899981434569276,0.13889183728755328
2026-01-09,0.055131,0.055131,0.14899981434569276,0.13889183728755328
2026-01-12,0.055131,0.055131,0.14899981434569276,0.13889183728755328
2026-01-13,0.055131,0.055131,0.14899981434569276,0.13889183728755328
2026-01-14,0.055131,0.055131,0.14899981434569276,0.13889183728755328
2026-01-15,0.055131,0.055131,0.14899981434569276,0.13889183728755328
2026-01-16,0.055131,0.055131,0.14899981434569276,0.13889183728755328
2026-01-19,0.055131,0.055131,0.14899981434569276,0.13889183728755328
2026-01-20,0.055131,0.055131,0.14899981434569276,0.13889183728755328
2026-01-21,0.055131,0.055131,0.14899981434569276,0.13889183728755328
2026-01-22,0.055131,0.055131,0.14899981434569276,0.13889183728755328
2026-01-23,0.055131,0.055131,0.14899981434569276,0.13889183728755328
2026-01-26,0.055131,0.055131,0.14899981434569276,0.13889183728755328
2026-01-27,0.055131,0.055131,0.14899981434569276,0.13889183728755328
2026-01-28,0.055131,0.055131,0.14899981434569276,0.13889183728755328
2026-01-29,0.055131,0.055131,0.14899981434569276,0.13889183728755328
2026-01-30,0.055131,0.055131,0.14899981434569276,0.13889183728755328
2026-02-02,0.055131,0.055131,0.14899981434569276,0.13889183728755328
2026-02-03,0.055131,0.055131,0.14899981434569276,0.13889183728755328
2026-02-04,0.055131,0.055131,0.14899981434569276,0.13889183728755328
2026-02-05,0.055131,0.055131,0.14899981434569276,0.13889183728755328
2026-02-06,0.055131,0.055131,0.14899981434569276,0.13889183728755328
2026-02-09,0.055131,0.055131,0.14899981434569276,0.13889183728755328
2026-02-10,0.055131,0.055131,0.14899981434569276,0.13889183728755328
2026-02-11,0.055131,0.055131,0.14899981434569276,0.13889183728755328
2026-02-12,0.055131,0.055131,0.14899981434569276,0.13889183728755328
2026-02-13,0.055131,0.055131,0.14899981434569276,0.13889183728755328
2026-02-18,0.055131,0.055131,0.14899981434569276,0.13889183728755328
2026-02-19,0.055131,0.055131,0.14899981434569276,0.13889183728755328
2026-02-20,0.055131,0.055131,0.14899981434569276,0.13889183728755328
2026-02-23,0.055131,0.055131,0.14899981434569276,0.13889183728755328
2026-02-24,0.055131,0.055131,0.14899981434569276,0.13889183728755328
2026-02-25,0.055131,0.055131,0.14899981434569276,0.13889183728755328
2026-02-26,0.055131,0.055131,0.14899981434569276,0.13889183728755328
2026-02-27,0.055131,0.055131,0.14899981434569276,0.13889183728755328
2026-03-02,0.055131,0.055131,0.14899981434569276,0.13889183728755328
2026-03-03,0.055131,0.055131,0.14899981434569276,0.13889183728755328
2026-03-04,0.055131,0.055131,0.14899981434569276,0.13889183728755328
2026-03-05,0.055131,0.055131,0.14899981434569276,0.13889183728755328
2026-03-06,0.055131,0.055131,0.14899981434569276,0.13889183728755328
2026-03-09,0.055131,0.055131,0.14899981434569276,0.13889183728755328
2026-03-10,0.055131,0.055131,0.14899981434569276,0.13889183728755328
2026-03-11,0.055131,0.055131,0.14899981434569276,0.13889183728755328
2026-03-12,0.055131,0.055131,0.14899981434569276,0.13889183728755328
2026-03-13,0.055131,0.055131,0.14899981434569276,0.13889183728755328
2026-03-16,0.055131,0.055131,0.14899981434569276,0.13889183728755328
2026-03-17,0.055131,0.055131,0.14899981434569276,0.13889183728755328
2026-03-18,0.055131,0.055131,0.14899981434569276,0.13889183728755328
2026-03-19,0.054266,0.054266,0.14649931856394516,0.13671322895361926
2026-03-20,0.054266,0.054266,0.14649931856394516,0.13671322895361926
2026-03-23,0.054266,0.054266,0.14649931856394516,0.13671322895361926
2026-03-24,0.054266,0.054266,0.14649931856394516,0.13671322895361926
2026-03-25,0.054266,0.054266,0.14649931856394516,0.13671322895361926
2026-03-26,0.054266,0.054266,0.14649931856394516,0.13671322895361926
2026-03-27,0.054266,0.054266,0.14649931856394516,0.13671322895361926
2026-03-30,0.054266,0.054266,0.14649931856394516,0.13671322895361926
2026-03-31,0.054266,0.054266,0.14649931856394516,0.13671322895361926
2026-04-01,0.054266,0.054266,0.14649931856394516,0.13671322895361926
2026-04-02,0.054266,0.054266,0.14649931856394516,0.13671322895361926
2026-04-06,0.054266,0.054266,0.14649931856394516,0.13671322895361926
2026-04-07,0.054266,0.054266,0.14649931856394516,0.13671322895361926
2026-04-08,0.054266,0.054266,0.14649931856394516,0.13671322895361926
2026-04-09,0.054266,0.054266,0.14649931856394516,0.13671322895361926
2026-04-10,0.054266,0.054266,0.14649931856394516,0.13671322895361926
2026-04-13,0.054266,0.054266,0.14649931856394516,0.13671322895361926
2026-04-14,0.054266,0.054266,0.14649931856394516,0.13671322895361926
2026-04-15,0.054266,0.054266,0.14649931856394516,0.13671322895361926
2026-04-16,0.054266,0.054266,0.14649931856394516,0.13671322895361926
2026-04-17,0.054266,0.054266,0.14649931856394516,0.13671322895361926
2026-04-20,0.054266,0.054266,0.14649931856394516,0.13671322895361926
2026-04-22,0.054266,0.054266,0.14649931856394516,0.13671322895361926
2026-04-23,0.054266,0.054266,0.14649931856394516,0.13671322895361926
2026-04-24,0.054266,0.054266,0.14649931856394516,0.13671322895361926
2026-04-27,0.054266,0.054266,0.14649931856394516,0.13671322895361926
2026-04-28,0.054266,0.054266,0.14649931856394516,0.13671322895361926
2026-04-29,0.054266,0.054266,0.14649931856394516,0.13671322895361926
2026-04-30,0.0534,0.0534,0.14400136155785215,0.13453208312983697
2026-05-04,0.0534,0.0534,0.14400136155785215,0.13453208312983697
2026-05-05,0.0534,0.0534,0.14400136155785215,0.13453208312983697
2026-05-06,0.0534,0.0534,0.14400136155785215,0.13453208312983697
2026-05-07,0.0534,0.0534,0.14400136155785215,0.13453208312983697
2026-05-08,0.0534,0.0534,0.14400136155785215,0.13453208312983697
2026-05-11,0.0534,0.0534,0.14400136155785215,0.13453208312983697
2026-05-12,0.0534,0.0534,0.14400136155785215,0.13453208312983697
2026-05-13,0.0534,0.0534,0.14400136155785215,0.13453208312983697
2026-05-14,0.0534,0.0534,0.14400136155785215,0.13453208312983697
2026-05-15,0.0534,0.0534,0.14400136155785215,0.13453208312983697
2026-05-18,0.0534,0.0534,0.14400136155785215,0.13453208312983697
2026-05-19,0.0534,0.0534,0.14400136155785215,0.13453208312983697
2026-05-20,0.0534,0.0534,0.14400136155785215,0.13453208312983697
2026-05-21,0.0534,0.0534,0.14400136155785215,0.13453208312983697
2026-05-22,0.0534,0.0534,0.14400136155785215,0.13453208312983697
2026-05-25,0.0534,0.0534,0.14400136155785215,0.13453208312983697
2026-05-26,0.0534,0.0534,0.14400136155785215,0.13453208312983697
2026-05-27,0.0534,0.0534,0.14400136155785215,0.13453208312983697
2026-05-28,0.0534,0.0534,0.14400136155785215,0.13453208312983697
2026-05-29,0.0534,0.0534,0.14400136155785215,0.13453208312983697
2026-06-01,0.0534,0.0534,0.14400136155785215,0.13453208312983697
2026-06-02,0.0534,0.0534,0.14400136155785215,0.13453208312983697
2026-06-03,0.0534,0.0534,0.14400136155785215,0.13453208312983697
2026-06-05,0.0534,0.0534,0.14400136155785215,0.13453208312983697
2026-06-08,0.0534,0.0534,0.14400136155785215,0.13453208312983697
2026-06-09,0.0534,0.0534,0.14400136155785215,0.13453208312983697
2026-06-10,0.0534,0.0534,0.14400136155785215,0.13453208312983697
2026-06-11,0.0534,0.0534,0.14400136155785215,0.13453208312983697
2026-06-12,0.0534,0.0534,0.14400136155785215,0.13453208312983697
2026-06-15,0.0534,0.0534,0.14400136155785215,0.13453208312983697
2026-06-16,0.0534,0.0534,0.14400136155785215,0.13453208312983697
2026-06-17,0.0534,0.0534,0.14400136155785215,0.13453208312983697
2026-06-18,0.052531,0.052531,0.14150020022937992,0.13234336239670308
2026-06-19,0.052531,0.052531,0.14150020022937992,0.13234336239670308
2026-06-22,0.052531,0.052531,0.14150020022937992,0.13234336239670308
2026-06-23,0.052531,0.052531,0.14150020022937992,0.13234336239670308
2026-06-24,0.052531,0.052531,0.14150020022937992,0.13234336239670308
2026-06-25,0.052531,0.052531,0.14150020022937992,0.13234336239670308
2026-06-26,0.052531,0.052531,0.14150020022937992,0.13234336239670308
2026-06-29,0.052531,0.052531,0.14150020022937992,0.13234336239670308
2026-06-30,0.052531,0.052531,0.14150020022937992,0.13234336239670308
2026-07-01,0.052531,0.052531,0.14150020022937992,0.13234336239670308
2026-07-02,0.052531,0.052531,0.14150020022937992,0.13234336239670308
2026-07-03,0.052531,0.052531,0.14150020022937992,0.13234336239670308
2026-07-06,0.052531,0.052531,0.14150020022937992,0.13234336239670308
2026-07-07,0.052531,0.052531,0.14150020022937992,0.13234336239670308
2026-07-08,0.052531,0.052531,0.14150020022937992,0.13234336239670308
2026-07-09,0.052531,0.052531,0.14150020022937992,0.13234336239670308
2026-07-10,0.052531,0.052531,0.14150020022937992,0.13234336239670308
2026-07-13,0.052531,0.052531,0.14150020022937992,0.13234336239670308
2026-07-14,0.052531,0.052531,0.14150020022937992,0.13234336239670308
2026-07-15,0.052531,0.052531,0.14150020022937992,0.13234336239670308
2026-07-16,0.052531,0.052531,0.14150020022937992,0.13234336239670308
2026-07-17,0.052531,0.052531,0.14150020022937992,0.13234336239670308
2026-07-20,0.052531,0.052531,0.14150020022937992,0.13234336239670308
2026-07-21,0.052531,0.052531,0.14150020022937992,0.13234336239670308
2026-07-22,0.052531,0.052531,0.14150020022937992,0.13234336239670308
2026-07-23,0.052531,0.052531,0.14150020022937992,0.13234336239670308
2026-07-24,0.052531,0.052531,0.14150020022937992,0.13234336239670308
2026-07-27,0.052531,0.052531,0.14150020022937992,0.13234336239670308
2026-07-28,0.052531,0.052531,0.14150020022937992,0.13234336239670308
2026-07-29,0.052531,0.052531,0.14150020022937992,0.13234336239670308
2026-07-30,0.052531,0.052531,0.14150020022937992,0.13234336239670308
2026-07-31,0.052531,0.052531,0.14150020022937992,0.13234336239670308
2026-08-03,0.052531,0.052531,0.14150020022937992,0.13234336239670308
2026-08-04,0.052531,0.052531,0.14150020022937992,0.13234336239670308
2026-08-05,0.052531,0.052531,0.14150020022937992,0.13234336239670308
2026-08-06,0.05166,0.05166,0.1389987480014514,0.13014958525585965
2026-08-07,0.05166,0.05166,0.1389987480014514,0.13014958525585965
2026-08-10,0.05166,0.05166,0.1389987480014514,0.13014958525585965
2026-08-11,0.05166,0.05166,0.1389987480014514,0.13014958525585965
2026-08-12,0.05166,0.05166,0.1389987480014514,0.13014958525585965
2026-08-13,0.05166,0.05166,0.1389987480014514,0.13014958525585965
2026-08-14,0.05166,0.05166,0.1389987480014514,0.13014958525585965
2026-08-17,0.05166,0.05166,0.1389987480014514,0.13014958525585965
2026-08-18,0.05166,0.05166,0.1389987480014514,0.13014958525585965
2026-08-19,,0.05166,0.1389987480014514,0.13014958525585965
