date,close
2000-01-03,3.5
2000-01-04,3.416666030883789
2000-01-05,3.416666030883789
2000-01-06,3.416666030883789
2000-01-07,3.541666030883789
2000-01-10,3.8333330154418945
2000-01-11,3.8416659832000732
2000-01-12,3.8791658878326416
2000-01-13,4.008333206176758
2000-01-14,4.0833330154418945
2000-01-17,4.166666030883789
2000-01-18,4.041666030883789
2000-01-19,4.025000095367432
2000-01-20,4.0
2000-01-21,3.916666030883789
2000-01-24,4.0
2000-01-25,4.0
2000-01-26,3.9666659832000732
2000-01-27,4.0
2000-01-28,4.0
2000-01-31,4.0
2000-02-01,3.916666030883789
2000-02-02,3.75
2000-02-03,3.75
2000-02-04,3.8916659355163574
2000-02-07,4.0833330154418945
2000-02-08,4.320833206176758
2000-02-09,4.25
2000-02-10,4.0
2000-02-11,3.790832996368408
2000-02-14,3.741666078567505
2000-02-15,3.8333330154418945
2000-02-16,3.8333330154418945
2000-02-17,3.75
2000-02-18,3.75
2000-02-21,3.75
2000-02-22,3.666666030883789
2000-02-23,3.75
2000-02-24,3.7083330154418945
2000-02-25,3.666666030883789
2000-02-28,3.5833330154418945
2000-02-29,3.4000000953674316
2000-03-01,3.416666030883789
2000-03-02,3.3316659927368164
2000-03-03,3.290832996368408
2000-03-06,3.290832996368408
2000-03-07,3.290832996368408
2000-03-08,3.3091659545898438
2000-03-09,3.241666078567505
2000-03-10,3.166666030883789
2000-03-13,3.166666030883789
2000-03-14,3.0
2000-03-15,3.0
2000-03-16,3.049999952316284
2000-03-17,3.0241661071777344
2000-03-20,2.8333330154418945
2000-03-21,2.921665906906128
2000-03-22,2.9749999046325684
2000-03-23,3.041666030883789
2000-03-24,3.2083330154418945
2000-03-27,3.291666030883789
2000-03-28,3.1916658878326416
2000-03-29,3.2516660690307617
2000-03-30,3.248332977294922
2000-03-31,3.3333330154418945
2000-04-03,3.416666030883789
2000-04-04,3.25
2000-04-05,3.375
2000-04-06,3.416666030883789
2000-04-07,3.375
2000-04-10,3.3308329582214355
2000-04-11,3.3299999237060547
2000-04-12,3.3299999237060547
2000-04-13,3.25
2000-04-14,3.0833330154418945
2000-04-17,3.0
2000-04-18,3.0
2000-04-19,2.924999952316284
2000-04-20,3.0708329677581787
2000-04-21,3.0708329677581787
2000-04-24,3.041666030883789
2000-04-25,3.165832996368408
2000-04-26,3.325000047683716
2000-04-27,3.233333110809326
2000-04-28,3.3333330154418945
2000-05-01,3.3333330154418945
2000-05-02,3.3424999713897705
2000-05-03,3.3166658878326416
2000-05-04,3.291666030883789
2000-05-05,3.3333330154418945
2000-05-08,3.291666030883789
2000-05-09,3.25
2000-05-10,3.3333330154418945
2000-05-11,3.233333110809326
2000-05-12,3.1916658878326416
2000-05-15,3.241666078567505
2000-05-16,3.325000047683716
2000-05-17,3.390000104904175
2000-05-18,3.4583330154418945
2000-05-19,3.541666030883789
2000-05-22,3.4583330154418945
2000-05-23,3.291666030883789
2000-05-24,3.25
2000-05-25,3.25
2000-05-26,3.308332920074463
2000-05-29,3.291666030883789
2000-05-30,3.4583330154418945
2000-05-31,3.484999895095825
2000-06-01,3.5083329677581787
2000-06-02,3.5
2000-06-05,3.5833330154418945
2000-06-06,3.5833330154418945
2000-06-07,3.549999952316284
2000-06-08,3.5833330154418945
2000-06-09,3.666666030883789
2000-06-12,3.424999952316284
2000-06-13,3.3333330154418945
2000-06-14,3.416666030883789
2000-06-15,3.375
2000-06-16,3.4749999046325684
2000-06-19,3.625
2000-06-20,3.666666030883789
2000-06-21,3.75
2000-06-22,3.75
2000-06-23,3.75
2000-06-26,3.75
2000-06-27,3.75
2000-06-28,3.8333330154418945
2000-06-29,3.790832996368408
2000-06-30,3.7491660118103027
2000-07-03,3.75
2000-07-04,3.8333330154418945
2000-07-05,3.8333330154418945
2000-07-06,3.916666030883789
2000-07-07,3.9175000190734863
2000-07-10,3.933332920074463
2000-07-11,3.7833330631256104
2000-07-12,3.791666030883789
2000-07-13,3.733333110809326
2000-07-14,3.558332920074463
2000-07-17,3.9608330726623535
2000-07-18,3.8333330154418945
2000-07-19,3.8333330154418945
2000-07-20,3.75
2000-07-21,3.804166078567505
2000-07-24,3.875
2000-07-25,3.915832996368408
2000-07-26,3.916666030883789
2000-07-27,3.875
2000-07-28,3.7083330154418945
2000-07-31,3.7083330154418945
2000-08-01,3.7083330154418945
2000-08-02,3.7083330154418945
2000-08-03,3.7083330154418945
2000-08-04,3.808332920074463
2000-08-07,3.9000000953674316
2000-08-08,3.8916659355163574
2000-08-09,3.8166658878326416
2000-08-10,3.799165964126587
2000-08-11,3.916666030883789
2000-08-14,3.933332920074463
2000-08-15,3.991666078567505
2000-08-16,3.9583330154418945
2000-08-17,4.041666030883789
2000-08-18,3.9583330154418945
2000-08-21,3.9583330154418945
2000-08-22,3.933332920074463
2000-08-23,3.9666659832000732
2000-08-24,3.998332977294922
2000-08-25,3.9991660118103027
2000-08-28,3.991666078567505
2000-08-29,3.9666659832000732
2000-08-30,3.9000000953674316
2000-08-31,3.8499999046325684
2000-09-01,3.798332929611206
2000-09-04,3.858333110809326
2000-09-05,3.916666030883789
2000-09-06,4.066666126251221
2000-09-07,4.066666126251221
2000-09-08,3.916666030883789
2000-09-11,3.933332920074463
2000-09-12,3.9000000953674316
2000-09-13,3.875
2000-09-14,3.808332920074463
2000-09-15,3.75
2000-09-18,3.6500000953674316
2000-09-19,3.5833330154418945
2000-09-20,3.5
2000-09-21,3.4583330154418945
2000-09-22,3.4583330154418945
2000-09-25,3.549999952316284
2000-09-26,3.541666030883789
2000-09-27,3.483333110809326
2000-09-28,3.5
2000-09-29,3.5041658878326416
2000-10-02,3.5
2000-10-03,3.5
2000-10-04,3.5833330154418945
2000-10-05,3.5833330154418945
2000-10-06,3.5833330154418945
2000-10-09,3.5833330154418945
2000-10-10,3.5833330154418945
2000-10-11,3.420833110809326
2000-10-12,3.420833110809326
2000-10-13,3.5
2000-10-16,3.4583330154418945
2000-10-17,3.416666030883789
2000-10-18,3.3333330154418945
2000-10-19,3.358333110809326
2000-10-20,3.375
2000-10-23,3.291666030883789
2000-10-24,3.291666030883789
2000-10-25,3.25
2000-10-26,3.25
2000-10-27,3.541666030883789
2000-10-30,3.6524999141693115
2000-10-31,3.666666030883789
2000-11-01,3.5083329677581787
2000-11-02,3.5083329677581787
2000-11-03,3.4583330154418945
2000-11-06,3.575000047683716
2000-11-07,3.5833330154418945
2000-11-08,3.5833330154418945
2000-11-09,3.5
2000-11-10,3.5824999809265137
2000-11-13,3.483333110809326
2000-11-14,3.483333110809326
2000-11-15,3.483333110809326
2000-11-16,3.375
2000-11-17,3.3416659832000732
2000-11-20,3.3333330154418945
2000-11-21,3.3833329677581787
2000-11-22,3.375
2000-11-23,3.3333330154418945
2000-11-24,3.291666030883789
2000-11-27,3.25
2000-11-28,3.1500000953674316
2000-11-29,3.125
2000-11-30,3.0833330154418945
2000-12-01,3.25
2000-12-04,3.3333330154418945
2000-12-05,3.5
2000-12-06,3.541666030883789
2000-12-07,3.541666030883789
2000-12-08,3.7083330154418945
2000-12-11,3.666666030883789
2000-12-12,3.666666030883789
2000-12-13,3.666666030883789
2000-12-14,3.666666030883789
2000-12-15,3.5833330154418945
2000-12-18,3.625
2000-12-19,3.666666030883789
2000-12-20,3.5833330154418945
2000-12-21,3.5833330154418945
2000-12-22,3.666666030883789
2000-12-25,3.666666030883789
2000-12-26,3.666666030883789
2000-12-27,3.8333330154418945
2000-12-28,3.875
2000-12-29,3.875
2001-01-01,3.875
2001-01-02,3.5999999046325684
2001-01-03,3.8333330154418945
2001-01-04,3.7083330154418945
2001-01-05,3.666666030883789
2001-01-08,3.625
2001-01-09,3.666666030883789
2001-01-10,3.665832996368408
2001-01-11,3.604166030883789
2001-01-12,3.5833330154418945
2001-01-15,3.625
2001-01-16,3.5833330154418945
2001-01-17,3.666666030883789
2001-01-18,3.875
2001-01-19,3.875
2001-01-22,3.875
2001-01-23,3.9749999046325684
2001-01-24,4.082499980926514
2001-01-25,4.082499980926514
2001-01-26,4.087500095367432
2001-01-29,4.2083330154418945
2001-01-30,4.166666030883789
2001-01-31,4.25
2001-02-01,4.166666030883789
2001-02-02,4.125
2001-02-05,4.066666126251221
2001-02-06,4.066666126251221
2001-02-07,4.0
2001-02-08,3.9708330631256104
2001-02-09,4.0
2001-02-12,4.058332920074463
2001-02-13,4.0833330154418945
2001-02-14,4.0833330154418945
2001-02-15,4.042500019073486
2001-02-16,4.041666030883789
2001-02-19,3.916666030883789
2001-02-20,3.9749999046325684
2001-02-21,3.924999952316284
2001-02-22,4.041666030883789
2001-02-23,4.199999809265137
2001-02-26,4.199999809265137
2001-02-27,4.199999809265137
2001-02-28,4.0833330154418945
2001-03-01,4.166666030883789
2001-03-02,4.183332920074463
2001-03-05,4.165832996368408
2001-03-06,4.166666030883789
2001-03-07,4.183332920074463
2001-03-08,3.916666030883789
2001-03-09,4.0
2001-03-12,3.9583330154418945
2001-03-13,4.0
2001-03-14,4.0
2001-03-15,4.004166126251221
2001-03-16,4.0
2001-03-19,3.918333053588867
2001-03-20,4.0833330154418945
2001-03-21,4.0833330154418945
2001-03-22,4.0
2001-03-23,4.0
2001-03-26,4.0833330154418945
2001-03-27,4.084166049957275
2001-03-28,4.0833330154418945
2001-03-29,4.116665840148926
2001-03-30,4.125
2001-04-02,4.041666030883789
2001-04-03,3.875
2001-04-04,3.916666030883789
2001-04-05,4.041666030883789
2001-04-06,4.0
2001-04-09,3.9991660118103027
2001-04-10,3.9991660118103027
2001-04-11,4.0
2001-04-12,4.0
2001-04-13,4.0
2001-04-16,4.0
2001-04-17,4.025000095367432
2001-04-18,3.991666078567505
2001-04-19,3.983333110809326
2001-04-20,3.9991660118103027
2001-04-23,4.041666030883789
2001-04-24,4.040832996368408
2001-04-25,4.033332824707031
2001-04-26,4.041666030883789
2001-04-27,4.041666030883789
2001-04-30,4.041666030883789
2001-05-01,4.041666030883789
2001-05-02,4.041666030883789
2001-05-03,4.041666030883789
2001-05-04,4.0833330154418945
2001-05-07,4.0833330154418945
2001-05-08,4.016665935516357
2001-05-09,4.016665935516357
2001-05-10,4.291666030883789
2001-05-11,4.166666030883789
2001-05-14,4.275000095367432
2001-05-15,4.25
2001-05-16,4.2083330154418945
2001-05-17,4.2083330154418945
2001-05-18,4.191666126251221
2001-05-21,4.191666126251221
2001-05-22,4.241665840148926
2001-05-23,4.220832824707031
2001-05-24,4.3333330154418945
2001-05-25,4.291666030883789
2001-05-28,4.324999809265137
2001-05-29,4.3333330154418945
2001-05-30,4.3333330154418945
2001-05-31,4.3125
2001-06-01,4.3333330154418945
2001-06-04,4.3333330154418945
2001-06-05,4.416666030883789
2001-06-06,4.4583330154418945
2001-06-07,4.416666030883789
2001-06-08,4.416666030883789
2001-06-11,4.416666030883789
2001-06-12,4.416666030883789
2001-06-13,4.474999904632568
2001-06-14,4.474999904632568
2001-06-15,4.416666030883789
2001-06-18,4.291666030883789
2001-06-19,4.25
2001-06-20,4.25
2001-06-21,4.241665840148926
2001-06-22,4.367499828338623
2001-06-25,4.283332824707031
2001-06-26,4.245832920074463
2001-06-27,4.248332977294922
2001-06-28,4.2083330154418945
2001-06-29,4.416666030883789
2001-07-02,4.516665935516357
2001-07-03,4.266665935516357
2001-07-04,4.266665935516357
2001-07-05,4.416666030883789
2001-07-06,4.498332977294922
2001-07-09,4.498332977294922
2001-07-10,4.5
2001-07-11,4.416666030883789
2001-07-12,4.416666030883789
2001-07-13,4.3333330154418945
2001-07-16,4.266665935516357
2001-07-17,4.25
2001-07-18,4.25
2001-07-19,4.216666221618652
2001-07-20,4.291666030883789
2001-07-23,4.366665840148926
2001-07-24,4.233333110809326
2001-07-25,4.375
2001-07-26,4.375
2001-07-27,4.349999904632568
2001-07-30,4.291666030883789
2001-07-31,4.400000095367432
2001-08-01,4.3333330154418945
2001-08-02,4.3333330154418945
2001-08-03,4.349999904632568
2001-08-06,4.349999904632568
2001-08-07,4.3333330154418945
2001-08-08,4.349999904632568
2001-08-09,4.3333330154418945
2001-08-10,4.416666030883789
2001-08-13,4.375
2001-08-14,4.416666030883789
2001-08-15,4.383333206176758
2001-08-16,4.3308329582214355
2001-08-17,4.3333330154418945
2001-08-20,4.324999809265137
2001-08-21,4.299166202545166
2001-08-22,4.266665935516357
2001-08-23,4.267499923706055
2001-08-24,4.266665935516357
2001-08-27,4.266665935516357
2001-08-28,4.291666030883789
2001-08-29,4.291666030883789
2001-08-30,4.291666030883789
2001-08-31,4.275000095367432
2001-09-03,4.209166049957275
2001-09-04,4.25
2001-09-05,4.366665840148926
2001-09-06,4.271666049957275
2001-09-07,4.271666049957275
2001-09-10,4.375
2001-09-11,4.19416618347168
2001-09-12,4.116665840148926
2001-09-13,3.9749999046325684
2001-09-14,3.924999952316284
2001-09-17,4.166666030883789
2001-09-18,4.266665935516357
2001-09-19,4.266665935516357
2001-09-20,4.308332920074463
2001-09-21,4.275000095367432
2001-09-24,4.275000095367432
2001-09-25,4.324999809265137
2001-09-26,4.324999809265137
2001-09-27,4.324999809265137
2001-09-28,4.2083330154418945
2001-10-01,4.25
2001-10-02,4.300000190734863
2001-10-03,4.279166221618652
2001-10-04,4.241665840148926
2001-10-05,4.31583309173584
2001-10-08,4.31583309173584
2001-10-09,4.291666030883789
2001-10-10,4.316666126251221
2001-10-11,4.324999809265137
2001-10-12,4.324999809265137
2001-10-15,4.375
2001-10-16,4.375
2001-10-17,4.4583330154418945
2001-10-18,4.5
2001-10-19,4.4583330154418945
2001-10-22,4.483333110809326
2001-10-23,4.4583330154418945
2001-10-24,4.375
2001-10-25,4.416666030883789
2001-10-26,4.416666030883789
2001-10-29,4.3333330154418945
2001-10-30,4.332499980926514
2001-10-31,4.415832996368408
2001-11-01,4.416666030883789
2001-11-02,4.416666030883789
2001-11-05,4.442500114440918
2001-11-06,4.316666126251221
2001-11-07,4.258333206176758
2001-11-08,4.25
2001-11-09,4.224999904632568
2001-11-12,4.166666030883789
2001-11-13,4.300000190734863
2001-11-14,4.25
2001-11-15,4.25
2001-11-16,4.357500076293945
2001-11-19,4.375
2001-11-20,4.3333330154418945
2001-11-21,4.375
2001-11-22,4.258333206176758
2001-11-23,4.058332920074463
2001-11-26,4.045833110809326
2001-11-27,4.041666030883789
2001-11-28,4.025000095367432
2001-11-29,3.9458329677581787
2001-11-30,4.125
2001-12-03,4.183332920074463
2001-12-04,4.243332862854004
2001-12-05,4.204165935516357
2001-12-06,4.150000095367432
2001-12-07,4.0833330154418945
2001-12-10,4.125
2001-12-11,4.133333206176758
2001-12-12,4.125
2001-12-13,3.987499952316284
2001-12-14,4.025000095367432
2001-12-17,4.125
2001-12-18,4.291666030883789
2001-12-19,4.191666126251221
2001-12-20,4.204165935516357
2001-12-21,4.391665935516357
2001-12-24,4.391665935516357
2001-12-25,4.391665935516357
2001-12-26,4.375
2001-12-27,4.433332920074463
2001-12-28,4.3333330154418945
2001-12-31,4.3333330154418945
2002-01-01,4.3333330154418945
2002-01-02,4.25
2002-01-03,4.316666126251221
2002-01-04,4.408332824707031
2002-01-07,4.408332824707031
2002-01-08,4.416666030883789
2002-01-09,4.416666030883789
2002-01-10,4.5
2002-01-11,4.483333110809326
2002-01-14,4.291666030883789
2002-01-15,4.198332786560059
2002-01-16,4.2083330154418945
2002-01-17,4.25
2002-01-18,4.224999904632568
2002-01-21,4.166666030883789
2002-01-22,4.2083330154418945
2002-01-23,4.3333330154418945
2002-01-24,4.4583330154418945
2002-01-25,4.4583330154418945
2002-01-28,4.4375
2002-01-29,4.595832824707031
2002-01-30,4.3333330154418945
2002-01-31,4.266665935516357
2002-02-01,4.420833110809326
2002-02-04,4.541666030883789
2002-02-05,4.650000095367432
2002-02-06,4.483333110809326
2002-02-07,4.462500095367432
2002-02-08,4.600832939147949
2002-02-11,4.600832939147949
2002-02-12,4.600832939147949
2002-02-13,4.5833330154418945
2002-02-14,4.816666126251221
2002-02-15,4.808332920074463
2002-02-18,4.75
2002-02-19,4.865832805633545
2002-02-20,4.916666030883789
2002-02-21,5.0833330154418945
2002-02-22,5.0833330154418945
2002-02-25,5.041666030883789
2002-02-26,5.125
2002-02-27,5.141665935516357
2002-02-28,5.141665935516357
2002-03-01,5.316666126251221
2002-03-04,5.400000095367432
2002-03-05,5.474999904632568
2002-03-06,5.375
2002-03-07,5.116665840148926
2002-03-08,5.082499980926514
2002-03-11,4.949999809265137
2002-03-12,5.166666030883789
2002-03-13,5.211666107177734
2002-03-14,5.0833330154418945
2002-03-15,5.0833330154418945
2002-03-18,5.099999904632568
2002-03-19,4.966666221618652
2002-03-20,5.076665878295898
2002-03-21,5.249166011810303
2002-03-22,5.158332824707031
2002-03-25,5.166666030883789
2002-03-26,5.216666221618652
2002-03-27,5.291666030883789
2002-03-28,5.291666030883789
2002-03-29,5.291666030883789
2002-04-01,5.240832805633545
2002-04-02,5.191666126251221
2002-04-03,5.125
2002-04-04,5.2083330154418945
2002-04-05,5.291666030883789
2002-04-08,5.289999961853027
2002-04-09,5.375
2002-04-10,5.375
2002-04-11,5.375
2002-04-12,5.41416597366333
2002-04-15,5.416666030883789
2002-04-16,5.491665840148926
2002-04-17,5.541666030883789
2002-04-18,5.400000095367432
2002-04-19,5.345832824707031
2002-04-22,5.5
2002-04-23,5.541666030883789
2002-04-24,5.5
2002-04-25,5.375
2002-04-26,5.357500076293945
2002-04-29,5.375
2002-04-30,5.366665840148926
2002-05-01,5.366665840148926
2002-05-02,5.383333206176758
2002-05-03,5.4583330154418945
2002-05-06,5.533332824707031
2002-05-07,5.525000095367432
2002-05-08,5.625
2002-05-09,5.7083330154418945
2002-05-10,5.7083330154418945
2002-05-13,5.832499980926514
2002-05-14,5.831665992736816
2002-05-15,5.791666030883789
2002-05-16,5.666666030883789
2002-05-17,5.737500190734863
2002-05-20,5.724999904632568
2002-05-21,5.816666126251221
2002-05-22,5.880000114440918
2002-05-23,5.933332920074463
2002-05-24,5.933332920074463
2002-05-27,5.966666221618652
2002-05-28,6.041666030883789
2002-05-29,6.241665840148926
2002-05-30,6.241665840148926
2002-05-31,6.332499980926514
2002-06-03,6.332499980926514
2002-06-04,6.474999904632568
2002-06-05,6.4583330154418945
2002-06-06,6.408332824707031
2002-06-07,6.408332824707031
2002-06-10,6.375
2002-06-11,6.449999809265137
2002-06-12,6.508333206176758
2002-06-13,6.329165935516357
2002-06-14,6.3333330154418945
2002-06-17,6.291666030883789
2002-06-18,6.3333330154418945
2002-06-19,6.300000190734863
2002-06-20,6.283332824707031
2002-06-21,6.2083330154418945
2002-06-24,5.916666030883789
2002-06-25,6.074999809265137
2002-06-26,6.0833330154418945
2002-06-27,6.375
2002-06-28,6.474999904632568
2002-07-01,6.525000095367432
2002-07-02,6.515832901000977
2002-07-03,6.541666030883789
2002-07-04,6.516665935516357
2002-07-05,6.541666030883789
2002-07-08,6.4583330154418945
2002-07-09,6.4583330154418945
2002-07-10,6.3333330154418945
2002-07-11,6.258333206176758
2002-07-12,6.3333330154418945
2002-07-15,6.408332824707031
2002-07-16,6.517499923706055
2002-07-17,6.516665935516357
2002-07-18,6.334166049957275
2002-07-19,6.349999904632568
2002-07-22,6.255000114440918
2002-07-23,6.275000095367432
2002-07-24,6.2083330154418945
2002-07-25,6.207499980926514
2002-07-26,5.9583330154418945
2002-07-29,5.9583330154418945
2002-07-30,6.4583330154418945
2002-07-31,6.916666030883789
2002-08-01,6.541666030883789
2002-08-02,6.335000038146973
2002-08-05,6.375
2002-08-06,6.300000190734863
2002-08-07,6.25
2002-08-08,6.224999904632568
2002-08-09,6.400000095367432
2002-08-12,6.483333110809326
2002-08-13,6.416666030883789
2002-08-14,6.5
2002-08-15,6.416666030883789
2002-08-16,6.716666221618652
2002-08-19,6.3333330154418945
2002-08-20,6.3333330154418945
2002-08-21,6.491665840148926
2002-08-22,6.5
2002-08-23,6.484166145324707
2002-08-26,6.475832939147949
2002-08-27,6.575832843780518
2002-08-28,6.565000057220459
2002-08-29,6.3333330154418945
2002-08-30,6.25
2002-09-02,6.245832920074463
2002-09-03,6.3333330154418945
2002-09-04,6.408332824707031
2002-09-05,6.543333053588867
2002-09-06,6.591666221618652
2002-09-09,6.666666030883789
2002-09-10,6.658332824707031
2002-09-11,6.650000095367432
2002-09-12,6.584166049957275
2002-09-13,6.666666030883789
2002-09-16,6.733333110809326
2002-09-17,6.664999961853027
2002-09-18,6.875
2002-09-19,6.916666030883789
2002-09-20,6.875
2002-09-23,7.191666126251221
2002-09-24,7.4583330154418945
2002-09-25,7.341666221618652
2002-09-26,7.4583330154418945
2002-09-27,7.416666030883789
2002-09-30,7.216666221618652
2002-10-01,6.9583330154418945
2002-10-02,7.058332920074463
2002-10-03,7.25
2002-10-04,7.108333110809326
2002-10-07,7.1341657638549805
2002-10-08,7.0833330154418945
2002-10-09,7.247499942779541
2002-10-10,7.324999809265137
2002-10-11,7.166666030883789
2002-10-14,7.0833330154418945
2002-10-15,7.107500076293945
2002-10-16,7.2083330154418945
2002-10-17,7.334166049957275
2002-10-18,7.416666030883789
2002-10-21,7.5833330154418945
2002-10-22,7.5833330154418945
2002-10-23,7.8241658210754395
2002-10-24,7.883333206176758
2002-10-25,8.0
2002-10-28,8.058333396911621
2002-10-29,8.116665840148926
2002-10-30,7.966666221618652
2002-10-31,8.0
2002-11-01,7.829165935516357
2002-11-04,7.834166049957275
2002-11-05,7.47333288192749
2002-11-06,7.676665782928467
2002-11-07,7.916666030883789
2002-11-08,7.875
2002-11-11,7.78249979019165
2002-11-12,7.824999809265137
2002-11-13,7.834166049957275
2002-11-14,7.916666030883789
2002-11-15,7.916666030883789
2002-11-18,8.208333015441895
2002-11-19,7.9583330154418945
2002-11-20,7.668333053588867
2002-11-21,8.066665649414062
2002-11-22,8.0
2002-11-25,7.916666030883789
2002-11-26,7.9583330154418945
2002-11-27,8.024999618530273
2002-11-28,8.024999618530273
2002-11-29,8.333333015441895
2002-12-02,8.458333015441895
2002-12-03,8.573332786560059
2002-12-04,8.458333015441895
2002-12-05,8.582500457763672
2002-12-06,8.683333396911621
2002-12-09,8.692500114440918
2002-12-10,8.958333015441895
2002-12-11,9.083333015441895
2002-12-12,9.066665649414062
2002-12-13,8.875
2002-12-16,8.616665840148926
2002-12-17,8.583333015441895
2002-12-18,8.416666030883789
2002-12-19,8.341666221618652
2002-12-20,8.291666030883789
2002-12-23,8.342499732971191
2002-12-24,8.342499732971191
2002-12-25,8.342499732971191
2002-12-26,8.5
2002-12-27,8.5
2002-12-30,8.574999809265137
2002-12-31,8.574999809265137
2003-01-01,8.574999809265137
2003-01-02,8.5
2003-01-03,8.22166633605957
2003-01-06,8.166666030883789
2003-01-07,7.942500114440918
2003-01-08,7.916666030883789
2003-01-09,7.966666221618652
2003-01-10,7.75
2003-01-13,7.683332920074463
2003-01-14,7.71750020980835
2003-01-15,7.750833034515381
2003-01-16,7.684165954589844
2003-01-17,7.7083330154418945
2003-01-20,7.691666126251221
2003-01-21,7.8333330154418945
2003-01-22,7.918333053588867
2003-01-23,7.695833206176758
2003-01-24,7.8333330154418945
2003-01-27,7.783332824707031
2003-01-28,7.795833110809326
2003-01-29,7.807499885559082
2003-01-30,7.866665840148926
2003-01-31,8.066665649414062
2003-02-03,8.113332748413086
2003-02-04,8.273332595825195
2003-02-05,8.483332633972168
2003-02-06,8.583333015441895
2003-02-07,8.500832557678223
2003-02-10,8.515832901000977
2003-02-11,8.750832557678223
2003-02-12,8.60083293914795
2003-02-13,8.395833015441895
2003-02-14,8.233332633972168
2003-02-17,8.416666030883789
2003-02-18,8.399999618530273
2003-02-19,8.25
2003-02-20,8.223333358764648
2003-02-21,8.5
2003-02-24,8.5
2003-02-25,8.582500457763672
2003-02-26,8.683333396911621
2003-02-27,8.416666030883789
2003-02-28,8.666666030883789
2003-03-03,8.666666030883789
2003-03-04,8.666666030883789
2003-03-05,8.666666030883789
2003-03-06,8.491665840148926
2003-03-07,8.292499542236328
2003-03-10,8.270000457763672
2003-03-11,8.25
2003-03-12,8.202500343322754
2003-03-13,8.083333015441895
2003-03-14,8.016666412353516
2003-03-17,8.008333206176758
2003-03-18,7.974999904632568
2003-03-19,7.859166145324707
2003-03-20,8.016666412353516
2003-03-21,7.816666126251221
2003-03-24,7.716666221618652
2003-03-25,7.75
2003-03-26,7.675000190734863
2003-03-27,7.800000190734863
2003-03-28,7.7083330154418945
2003-03-31,7.5833330154418945
2003-04-01,7.633333206176758
2003-04-02,7.550000190734863
2003-04-03,7.375
2003-04-04,7.28249979019165
2003-04-07,7.262499809265137
2003-04-08,7.358333110809326
2003-04-09,7.5
2003-04-10,7.665832996368408
2003-04-11,7.416666030883789
2003-04-14,7.383333206176758
2003-04-15,7.3333330154418945
2003-04-16,7.25
2003-04-17,7.115832805633545
2003-04-18,7.115832805633545
2003-04-21,7.115832805633545
2003-04-22,7.050000190734863
2003-04-23,6.9583330154418945
2003-04-24,6.741665840148926
2003-04-25,6.783332824707031
2003-04-28,6.824999809265137
2003-04-29,6.749166011810303
2003-04-30,6.832499980926514
2003-05-01,6.832499980926514
2003-05-02,6.816666126251221
2003-05-05,7.125
2003-05-06,7.191666126251221
2003-05-07,7.030832767486572
2003-05-08,6.88166618347168
2003-05-09,6.875833034515381
2003-05-12,7.066666126251221
2003-05-13,7.058332920074463
2003-05-14,6.909165859222412
2003-05-15,7.054165840148926
2003-05-16,7.041666030883789
2003-05-19,7.166666030883789
2003-05-20,7.34250020980835
2003-05-21,7.3333330154418945
2003-05-22,7.202499866485596
2003-05-23,7.249166011810303
2003-05-26,7.300000190734863
2003-05-27,7.417500019073486
2003-05-28,7.44083309173584
2003-05-29,7.3333330154418945
2003-05-30,7.3333330154418945
2003-06-02,7.291666030883789
2003-06-03,7.275000095367432
2003-06-04,7.266665935516357
2003-06-05,7.2083330154418945
2003-06-06,7.40749979019165
2003-06-09,7.300000190734863
2003-06-10,7.216666221618652
2003-06-11,7.167500019073486
2003-06-12,7.066666126251221
2003-06-13,6.9583330154418945
2003-06-16,7.099999904632568
2003-06-17,7.283332824707031
2003-06-18,7.31583309173584
2003-06-19,7.31583309173584
2003-06-20,7.207499980926514
2003-06-23,7.166666030883789
2003-06-24,7.166666030883789
2003-06-25,7.091666221618652
2003-06-26,7.0833330154418945
2003-06-27,7.0833330154418945
2003-06-30,7.0
2003-07-01,7.0833330154418945
2003-07-02,7.091666221618652
2003-07-03,7.225832939147949
2003-07-04,7.324999809265137
2003-07-07,7.442500114440918
2003-07-08,7.558332920074463
2003-07-09,7.558332920074463
2003-07-10,7.7058329582214355
2003-07-11,7.591666221618652
2003-07-14,7.5
2003-07-15,7.566666126251221
2003-07-16,7.525000095367432
2003-07-17,7.608333110809326
2003-07-18,7.649166107177734
2003-07-21,7.5833330154418945
2003-07-22,7.575832843780518
2003-07-23,7.612500190734863
2003-07-24,7.791666030883789
2003-07-25,8.108332633972168
2003-07-28,8.191665649414062
2003-07-29,8.249165534973145
2003-07-30,8.416666030883789
2003-07-31,8.574999809265137
2003-08-01,8.649999618530273
2003-08-04,8.683333396911621
2003-08-05,8.383333206176758
2003-08-06,8.291666030883789
2003-08-07,8.211666107177734
2003-08-08,8.370833396911621
2003-08-11,8.563332557678223
2003-08-12,8.78416633605957
2003-08-13,8.783332824707031
2003-08-14,9.149166107177734
2003-08-15,9.233332633972168
2003-08-18,9.333333015441895
2003-08-19,9.434165954589844
2003-08-20,9.691665649414062
2003-08-21,9.5
2003-08-22,9.225000381469727
2003-08-25,9.125
2003-08-26,9.09333324432373
2003-08-27,9.074999809265137
2003-08-28,9.191665649414062
2003-08-29,9.233332633972168
2003-09-01,9.416666030883789
2003-09-02,9.333333015441895
2003-09-03,9.375
2003-09-04,9.416666030883789
2003-09-05,9.5
2003-09-08,9.667499542236328
2003-09-09,9.566665649414062
2003-09-10,9.433333396911621
2003-09-11,9.5
2003-09-12,9.583333015441895
2003-09-15,9.309165954589844
2003-09-16,9.583333015441895
2003-09-17,9.625832557678223
2003-09-18,9.875
2003-09-19,9.916666030883789
2003-09-22,9.955833435058594
2003-09-23,9.792499542236328
2003-09-24,9.791666030883789
2003-09-25,9.601666450500488
2003-09-26,9.5024995803833
2003-09-29,9.833333015441895
2003-09-30,9.750832557678223
2003-10-01,10.179165840148926
2003-10-02,10.566665649414062
2003-10-03,10.791666030883789
2003-10-06,10.958333015441895
2003-10-07,10.957500457763672
2003-10-08,10.666666030883789
2003-10-09,10.666666030883789
2003-10-10,10.50583267211914
2003-10-13,11.166666030883789
2003-10-14,11.125
2003-10-15,11.112500190734863
2003-10-16,11.0
2003-10-17,11.008333206176758
2003-10-20,10.916666030883789
2003-10-21,10.85083293914795
2003-10-22,10.583333015441895
2003-10-23,10.429165840148926
2003-10-24,10.334165573120117
2003-10-27,10.358332633972168
2003-10-28,10.461666107177734
2003-10-29,10.625832557678223
2003-10-30,10.976666450500488
2003-10-31,10.833333015441895
2003-11-03,10.917499542236328
2003-11-04,11.016666412353516
2003-11-05,10.808333396911621
2003-11-06,10.524999618530273
2003-11-07,10.416666030883789
2003-11-10,10.125
2003-11-11,10.199999809265137
2003-11-12,10.416666030883789
2003-11-13,10.646665573120117
2003-11-14,10.666666030883789
2003-11-17,10.397500038146973
2003-11-18,10.404166221618652
2003-11-19,10.28499984741211
2003-11-20,10.333333015441895
2003-11-21,10.274999618530273
2003-11-24,10.283332824707031
2003-11-25,10.633333206176758
2003-11-26,10.649999618530273
2003-11-27,10.458333015441895
2003-11-28,10.75
2003-12-01,11.170832633972168
2003-12-02,11.167499542236328
2003-12-03,11.204166412353516
2003-12-04,11.555000305175781
2003-12-05,11.858332633972168
2003-12-08,12.233332633972168
2003-12-09,13.083333015441895
2003-12-10,12.666666030883789
2003-12-11,12.512499809265137
2003-12-12,13.166666030883789
2003-12-15,13.291666030883789
2003-12-16,13.316665649414062
2003-12-17,13.350000381469727
2003-12-18,13.309165954589844
2003-12-19,13.520000457763672
2003-12-22,14.233332633972168
2003-12-23,13.908332824707031
2003-12-24,13.908332824707031
2003-12-25,13.908332824707031
2003-12-26,14.149999618530273
2003-12-29,14.208333015441895
2003-12-30,14.125
2003-12-31,14.125
2004-01-01,14.125
2004-01-02,14.541666030883789
2004-01-05,15.0
2004-01-06,14.983332633972168
2004-01-07,14.25
2004-01-08,14.533332824707031
2004-01-09,14.499165534973145
2004-01-12,14.166666030883789
2004-01-13,14.333333015441895
2004-01-14,14.166666030883789
2004-01-15,13.791666030883789
2004-01-16,13.816665649414062
2004-01-19,13.833333015441895
2004-01-20,14.084165573120117
2004-01-21,13.875
2004-01-22,13.666666030883789
2004-01-23,13.462499618530273
2004-01-26,13.375
2004-01-27,13.820833206176758
2004-01-28,13.916666030883789
2004-01-29,13.291666030883789
2004-01-30,13.0
2004-02-02,13.191665649414062
2004-02-03,14.000832557678223
2004-02-04,14.358332633972168
2004-02-05,13.842499732971191
2004-02-06,13.630000114440918
2004-02-09,14.00916576385498
2004-02-10,14.354166030883789
2004-02-11,14.566665649414062
2004-02-12,14.791666030883789
2004-02-13,14.375
2004-02-16,14.208333015441895
2004-02-17,14.616665840148926
2004-02-18,14.333333015441895
2004-02-19,13.842499732971191
2004-02-20,14.058333396911621
2004-02-23,14.058333396911621
2004-02-24,14.058333396911621
2004-02-25,14.0
2004-02-26,13.933333396911621
2004-02-27,14.041666030883789
2004-03-01,14.574999809265137
2004-03-02,14.416666030883789
2004-03-03,14.108332633972168
2004-03-04,14.166666030883789
2004-03-05,13.875
2004-03-08,13.584165573120117
2004-03-09,13.333333015441895
2004-03-10,12.5
2004-03-11,12.291666030883789
2004-03-12,12.684165954589844
2004-03-15,12.466666221618652
2004-03-16,12.420000076293945
2004-03-17,13.041666030883789
2004-03-18,13.016666412353516
2004-03-19,13.0
2004-03-22,12.625832557678223
2004-03-23,12.583333015441895
2004-03-24,12.366665840148926
2004-03-25,12.091666221618652
2004-03-26,12.758333206176758
2004-03-29,13.008333206176758
2004-03-30,13.208333015441895
2004-03-31,13.292499542236328
2004-04-01,13.329999923706055
2004-04-02,13.744166374206543
2004-04-05,13.541666030883789
2004-04-06,13.641666412353516
2004-04-07,13.250832557678223
2004-04-08,13.250832557678223
2004-04-09,13.250832557678223
2004-04-12,13.175832748413086
2004-04-13,12.834165573120117
2004-04-14,12.583333015441895
2004-04-15,12.583333015441895
2004-04-16,12.666666030883789
2004-04-19,12.708333015441895
2004-04-20,12.300000190734863
2004-04-21,12.300000190734863
2004-04-22,11.850000381469727
2004-04-23,11.850000381469727
2004-04-26,11.75
2004-04-27,11.833333015441895
2004-04-28,11.084165573120117
2004-04-29,11.085000038146973
2004-04-30,10.859166145324707
2004-05-03,10.916666030883789
2004-05-04,11.316665649414062
2004-05-05,11.416666030883789
2004-05-06,11.043333053588867
2004-05-07,10.834165573120117
2004-05-10,10.833333015441895
2004-05-11,11.275833129882812
2004-05-12,11.208333015441895
2004-05-13,11.916666030883789
2004-05-14,11.616665840148926
2004-05-17,11.416666030883789
2004-05-18,12.175000190734863
2004-05-19,12.5
2004-05-20,12.499165534973145
2004-05-21,12.591666221618652
2004-05-24,12.791666030883789
2004-05-25,12.708333015441895
2004-05-26,13.166666030883789
2004-05-27,13.416666030883789
2004-05-28,13.083333015441895
2004-05-31,13.092499732971191
2004-06-01,13.083333015441895
2004-06-02,12.824999809265137
2004-06-03,12.458333015441895
2004-06-04,12.792499542236328
2004-06-07,13.375832557678223
2004-06-08,13.234166145324707
2004-06-09,12.625
2004-06-10,12.625
2004-06-11,12.675000190734863
2004-06-14,12.333333015441895
2004-06-15,11.867500305175781
2004-06-16,11.504165649414062
2004-06-17,11.800832748413086
2004-06-18,11.883333206176758
2004-06-21,11.725000381469727
2004-06-22,11.75
2004-06-23,12.125
2004-06-24,12.416666030883789
2004-06-25,12.683333396911621
2004-06-28,12.041666030883789
2004-06-29,12.041666030883789
2004-06-30,12.125
2004-07-01,11.906665802001953
2004-07-02,11.887499809265137
2004-07-05,11.879165649414062
2004-07-06,11.750832557678223
2004-07-07,12.333333015441895
2004-07-08,12.125832557678223
2004-07-09,12.125832557678223
2004-07-12,12.166666030883789
2004-07-13,12.342499732971191
2004-07-14,12.5
2004-07-15,13.094165802001953
2004-07-16,13.25
2004-07-19,13.166666030883789
2004-07-20,13.416666030883789
2004-07-21,13.166666030883789
2004-07-22,12.875
2004-07-23,12.691665649414062
2004-07-26,12.583333015441895
2004-07-27,12.916666030883789
2004-07-28,13.333333015441895
2004-07-29,13.524999618530273
2004-07-30,13.658332824707031
2004-08-02,13.675832748413086
2004-08-03,13.558333396911621
2004-08-04,13.344165802001953
2004-08-05,13.008333206176758
2004-08-06,13.151665687561035
2004-08-09,13.084165573120117
2004-08-10,13.350000381469727
2004-08-11,13.308333396911621
2004-08-12,13.583333015441895
2004-08-13,13.649166107177734
2004-08-16,13.73166561126709
2004-08-17,14.0
2004-08-18,14.25916576385498
2004-08-19,14.524999618530273
2004-08-20,14.324999809265137
2004-08-23,13.850000381469727
2004-08-24,13.625
2004-08-25,13.90999984741211
2004-08-26,13.8149995803833
2004-08-27,14.020000457763672
2004-08-30,13.952500343322754
2004-08-31,14.0
2004-09-01,13.875
2004-09-02,14.092499732971191
2004-09-03,14.0
2004-09-06,14.300000190734863
2004-09-07,14.300000190734863
2004-09-08,14.137499809265137
2004-09-09,14.397500038146973
2004-09-10,14.225000381469727
2004-09-13,14.327500343322754
2004-09-14,14.680000305175781
2004-09-15,14.507499694824219
2004-09-16,14.649999618530273
2004-09-17,14.824999809265137
2004-09-20,14.75
2004-09-21,14.899999618530273
2004-09-22,14.75
2004-09-23,14.649999618530273
2004-09-24,14.8725004196167
2004-09-27,14.425000190734863
2004-09-28,15.524999618530273
2004-09-29,16.25
2004-09-30,16.049999237060547
2004-10-01,16.225000381469727
2004-10-04,16.482500076293945
2004-10-05,16.875
2004-10-06,16.572500228881836
2004-10-07,16.375
2004-10-08,15.9375
2004-10-11,15.925000190734863
2004-10-12,15.925000190734863
2004-10-13,14.800000190734863
2004-10-14,14.625
2004-10-15,15.449999809265137
2004-10-18,15.300000190734863
2004-10-19,14.925000190734863
2004-10-20,14.875
2004-10-21,15.422499656677246
2004-10-22,15.399999618530273
2004-10-25,15.350000381469727
2004-10-26,15.737500190734863
2004-10-27,15.5024995803833
2004-10-28,14.899999618530273
2004-10-29,15.25
2004-11-01,15.25
2004-11-03,15.345000267028809
2004-11-04,15.422499656677246
2004-11-05,15.8725004196167
2004-11-08,15.800000190734863
2004-11-09,16.299999237060547
2004-11-10,16.387500762939453
2004-11-11,16.292499542236328
2004-11-12,16.80500030517578
2004-11-15,16.80500030517578
2004-11-16,16.127500534057617
2004-11-17,16.622499465942383
2004-11-18,16.325000762939453
2004-11-19,16.674999237060547
2004-11-22,16.325000762939453
2004-11-23,16.252500534057617
2004-11-24,16.524999618530273
2004-11-25,16.575000762939453
2004-11-26,16.774999618530273
2004-11-29,16.825000762939453
2004-11-30,16.649999618530273
2004-12-01,16.677499771118164
2004-12-02,16.5
2004-12-03,16.524999618530273
2004-12-06,16.299999237060547
2004-12-07,16.299999237060547
2004-12-08,16.399999618530273
2004-12-09,16.572500228881836
2004-12-10,17.0625
2004-12-13,17.325000762939453
2004-12-14,17.325000762939453
2004-12-15,17.200000762939453
2004-12-16,17.987499237060547
2004-12-17,17.737499237060547
2004-12-20,17.850000381469727
2004-12-21,18.65250015258789
2004-12-22,18.700000762939453
2004-12-23,18.75
2004-12-24,18.75
2004-12-27,18.7450008392334
2004-12-28,19.25
2004-12-29,19.024999618530273
2004-12-30,18.875
2004-12-31,18.875
2005-01-03,18.712499618530273
2005-01-04,17.950000762939453
2005-01-05,17.825000762939453
2005-01-06,17.75
2005-01-07,18.225000381469727
2005-01-10,18.075000762939453
2005-01-11,17.975000381469727
2005-01-12,17.8700008392334
2005-01-13,18.747499465942383
2005-01-14,19.625
2005-01-17,19.375
2005-01-18,19.549999237060547
2005-01-19,19.424999237060547
2005-01-20,19.225000381469727
2005-01-21,20.024999618530273
2005-01-24,20.4375
2005-01-26,20.375
2005-01-27,20.25
2005-01-28,19.825000762939453
2005-01-31,19.799999237060547
2005-02-01,19.899999618530273
2005-02-02,19.700000762939453
2005-02-03,19.450000762939453
2005-02-04,19.422500610351562
2005-02-09,19.125
2005-02-10,19.02750015258789
2005-02-11,18.950000762939453
2005-02-14,19.252500534057617
2005-02-15,19.625
2005-02-16,19.5
2005-02-17,19.950000762939453
2005-02-18,20.325000762939453
2005-02-21,20.875
2005-02-22,21.649999618530273
2005-02-23,22.52750015258789
2005-02-24,23.9375
2005-02-25,23.125
2005-02-28,22.625
2005-03-01,21.899999618530273
2005-03-02,22.424999237060547
2005-03-03,23.125
2005-03-04,23.875
2005-03-07,23.717500686645508
2005-03-08,23.299999237060547
2005-03-09,23.122499465942383
2005-03-10,22.600000381469727
2005-03-11,22.575000762939453
2005-03-14,22.25
2005-03-15,22.075000762939453
2005-03-16,21.875
2005-03-17,22.924999237060547
2005-03-18,22.532499313354492
2005-03-21,22.274999618530273
2005-03-22,22.174999237060547
2005-03-23,20.850000381469727
2005-03-24,21.575000762939453
2005-03-28,21.037500381469727
2005-03-29,20.049999237060547
2005-03-30,20.677499771118164
2005-03-31,21.25
2005-04-01,21.125
2005-04-04,20.524999618530273
2005-04-05,20.299999237060547
2005-04-06,20.0
2005-04-07,20.375
2005-04-08,20.375
2005-04-11,20.274999618530273
2005-04-12,19.8125
2005-04-13,18.877500534057617
2005-04-14,17.975000381469727
2005-04-15,17.875
2005-04-18,17.950000762939453
2005-04-19,18.375
2005-04-20,18.149999618530273
2005-04-22,18.075000762939453
2005-04-25,18.575000762939453
2005-04-26,18.200000762939453
2005-04-27,17.875
2005-04-28,16.924999237060547
2005-04-29,17.125
2005-05-02,17.0
2005-05-03,16.912500381469727
2005-05-04,17.375
2005-05-05,17.149999618530273
2005-05-06,17.350000381469727
2005-05-09,17.625
2005-05-10,17.049999237060547
2005-05-11,16.924999237060547
2005-05-12,16.149999618530273
2005-05-13,16.0
2005-05-16,16.700000762939453
2005-05-17,16.75
2005-05-18,17.6875
2005-05-19,17.625
2005-05-20,17.350000381469727
2005-05-23,17.3125
2005-05-24,17.725000381469727
2005-05-25,17.547500610351562
2005-05-27,17.65999984741211
2005-05-30,17.725000381469727
2005-05-31,17.487499237060547
2005-06-01,17.950000762939453
2005-06-02,18.197500228881836
2005-06-03,18.237499237060547
2005-06-06,17.799999237060547
2005-06-07,17.600000381469727
2005-06-08,17.4950008392334
2005-06-09,17.299999237060547
2005-06-10,17.399999618530273
2005-06-13,17.337499618530273
2005-06-14,17.5
2005-06-15,17.612499237060547
2005-06-16,18.100000381469727
2005-06-17,18.447500228881836
2005-06-20,18.197500228881836
2005-06-21,17.674999237060547
2005-06-22,17.565000534057617
2005-06-23,17.075000762939453
2005-06-24,16.75
2005-06-27,17.200000762939453
2005-06-28,17.647499084472656
2005-06-29,17.5
2005-06-30,17.325000762939453
2005-07-01,17.622499465942383
2005-07-04,17.602500915527344
2005-07-05,17.510000228881836
2005-07-06,17.9375
2005-07-07,17.922500610351562
2005-07-08,18.450000762939453
2005-07-11,18.549999237060547
2005-07-12,18.462499618530273
2005-07-13,18.747499465942383
2005-07-14,18.575000762939453
2005-07-15,18.125
2005-07-18,18.167499542236328
2005-07-19,18.594999313354492
2005-07-20,19.020000457763672
2005-07-21,19.5
2005-07-22,19.774999618530273
2005-07-25,19.7450008392334
2005-07-26,19.59749984741211
2005-07-27,19.649999618530273
2005-07-28,19.75
2005-07-29,19.622499465942383
2005-08-01,19.502500534057617
2005-08-02,19.875
2005-08-03,19.987499237060547
2005-08-04,19.75
2005-08-05,19.625
2005-08-08,20.075000762939453
2005-08-09,20.395000457763672
2005-08-10,20.5
2005-08-11,20.4325008392334
2005-08-12,20.549999237060547
2005-08-15,20.6875
2005-08-16,20.1875
2005-08-17,20.100000381469727
2005-08-18,19.875
2005-08-19,20.297500610351562
2005-08-22,20.72249984741211
2005-08-23,20.377500534057617
2005-08-24,19.875
2005-08-25,20.25
2005-08-26,20.125
2005-08-29,20.274999618530273
2005-08-30,20.25
2005-08-31,20.274999618530273
2005-09-01,20.575000762939453
2005-09-02,20.9375
2005-09-05,21.375
2005-09-06,21.1875
2005-09-08,21.075000762939453
2005-09-09,21.487499237060547
2005-09-12,21.5
2005-09-13,21.25
2005-09-14,21.424999237060547
2005-09-15,21.975000381469727
2005-09-16,22.875
2005-09-19,22.725000381469727
2005-09-20,22.584999084472656
2005-09-21,23.799999237060547
2005-09-22,23.799999237060547
2005-09-23,24.387500762939453
2005-09-26,24.662500381469727
2005-09-27,24.572500228881836
2005-09-28,24.672500610351562
2005-09-29,24.700000762939453
2005-09-30,24.75
2005-10-03,24.469999313354492
2005-10-04,24.087499618530273
2005-10-05,22.852500915527344
2005-10-06,21.922500610351562
2005-10-07,22.125
2005-10-10,22.899999618530273
2005-10-11,23.174999237060547
2005-10-13,22.162500381469727
2005-10-14,22.497499465942383
2005-10-17,22.25
2005-10-18,21.522499084472656
2005-10-19,21.549999237060547
2005-10-20,20.9375
2005-10-21,21.799999237060547
2005-10-24,22.614999771118164
2005-10-25,22.237499237060547
2005-10-26,22.725000381469727
2005-10-27,22.362499237060547
2005-10-28,22.462499618530273
2005-10-31,23.292499542236328
2005-11-01,23.950000762939453
2005-11-03,24.247499465942383
2005-11-04,23.622499465942383
2005-11-07,23.897499084472656
2005-11-08,23.647499084472656
2005-11-09,23.350000381469727
2005-11-10,22.600000381469727
2005-11-11,22.825000762939453
2005-11-14,22.727500915527344
2005-11-16,23.049999237060547
2005-11-17,23.75
2005-11-18,23.825000762939453
2005-11-21,23.950000762939453
2005-11-22,24.212499618530273
2005-11-23,24.872499465942383
2005-11-24,24.59000015258789
2005-11-25,24.72249984741211
2005-11-28,24.075000762939453
2005-11-29,24.147499084472656
2005-11-30,23.924999237060547
2005-12-01,24.697500228881836
2005-12-02,24.712499618530273
2005-12-05,24.274999618530273
2005-12-06,23.924999237060547
2005-12-07,23.0625
2005-12-08,23.149999618530273
2005-12-09,23.697500228881836
2005-12-12,23.700000762939453
2005-12-13,23.950000762939453
2005-12-14,23.752500534057617
2005-12-15,23.662500381469727
2005-12-16,24.0
2005-12-19,23.975000381469727
2005-12-20,23.6875
2005-12-21,24.049999237060547
2005-12-22,24.125
2005-12-23,23.899999618530273
2005-12-26,23.712499618530273
2005-12-27,23.81999969482422
2005-12-28,23.924999237060547
2005-12-29,23.875
2006-01-02,23.950000762939453
2006-01-03,24.899999618530273
2006-01-04,25.287500381469727
2006-01-05,25.25
2006-01-06,25.552499771118164
2006-01-09,25.5
2006-01-10,25.375
2006-01-11,26.350000381469727
2006-01-12,26.875
2006-01-13,26.802499771118164
2006-01-16,27.325000762939453
2006-01-17,27.002500534057617
2006-01-18,26.674999237060547
2006-01-19,27.5049991607666
2006-01-20,26.787500381469727
2006-01-23,26.40250015258789
2006-01-24,27.274999618530273
2006-01-25,27.274999618530273
2006-01-26,27.59749984741211
2006-01-27,27.625
2006-01-30,27.725000381469727
2006-01-31,28.297500610351562
2006-02-01,28.174999237060547
2006-02-02,27.325000762939453
2006-02-03,26.924999237060547
2006-02-06,26.8125
2006-02-07,25.952499389648438
2006-02-08,25.674999237060547
2006-02-09,25.987499237060547
2006-02-10,25.174999237060547
2006-02-13,24.514999389648438
2006-02-14,24.962499618530273
2006-02-15,25.475000381469727
2006-02-16,25.450000762939453
2006-02-17,25.075000762939453
2006-02-20,24.75
2006-02-21,25.229999542236328
2006-02-22,25.5
2006-02-23,25.774999618530273
2006-02-24,25.975000381469727
2006-02-27,25.975000381469727
2006-02-28,25.975000381469727
2006-03-01,25.524999618530273
2006-03-02,25.1875
2006-03-03,25.22249984741211
2006-03-06,24.924999237060547
2006-03-07,24.047500610351562
2006-03-08,23.549999237060547
2006-03-09,22.844999313354492
2006-03-10,23.00749969482422
2006-03-13,23.200000762939453
2006-03-14,23.395000457763672
2006-03-15,23.872499465942383
2006-03-16,23.797500610351562
2006-03-17,23.875
2006-03-20,24.149999618530273
2006-03-21,23.877500534057617
2006-03-22,23.950000762939453
2006-03-23,23.959999084472656
2006-03-24,24.375
2006-03-27,24.950000762939453
2006-03-28,25.125
2006-03-29,25.700000762939453
2006-03-30,26.475000381469727
2006-03-31,26.399999618530273
2006-04-03,26.5
2006-04-04,26.235000610351562
2006-04-05,26.375
2006-04-06,26.5
2006-04-07,26.322500228881836
2006-04-10,26.100000381469727
2006-04-11,25.622499465942383
2006-04-12,25.6875
2006-04-13,25.700000762939453
2006-04-14,25.700000762939453
2006-04-17,26.002500534057617
2006-04-18,26.665000915527344
2006-04-19,26.5
2006-04-20,26.362499237060547
2006-04-21,26.362499237060547
2006-04-24,27.155000686645508
2006-04-25,27.1875
2006-04-26,27.700000762939453
2006-04-27,26.5
2006-04-28,26.7549991607666
2006-05-01,26.7549991607666
2006-05-02,28.0
2006-05-03,27.887500762939453
2006-05-04,28.40999984741211
2006-05-05,28.799999237060547
2006-05-08,29.274999618530273
2006-05-09,29.997499465942383
2006-05-10,29.772499084472656
2006-05-11,29.302499771118164
2006-05-12,28.9950008392334
2006-05-15,28.0
2006-05-16,27.174999237060547
2006-05-17,26.875
2006-05-18,26.100000381469727
2006-05-19,26.452499389648438
2006-05-22,26.0
2006-05-23,25.829999923706055
2006-05-24,26.25
2006-05-25,27.25
2006-05-26,27.809999465942383
2006-05-29,27.5
2006-05-30,26.7549991607666
2006-05-31,26.350000381469727
2006-06-01,26.549999237060547
2006-06-02,26.93000030517578
2006-06-05,26.094999313354492
2006-06-06,25.25
2006-06-07,24.024999618530273
2006-06-08,24.174999237060547
2006-06-09,24.44499969482422
2006-06-12,23.600000381469727
2006-06-13,22.75
2006-06-14,23.5049991607666
2006-06-15,23.5049991607666
2006-06-16,24.395000457763672
2006-06-19,23.75
2006-06-20,23.5
2006-06-21,24.854999542236328
2006-06-22,24.655000686645508
2006-06-23,24.600000381469727
2006-06-26,24.75
2006-06-27,24.30500030517578
2006-06-28,24.674999237060547
2006-06-29,25.700000762939453
2006-06-30,26.139999389648438
2006-07-03,26.799999237060547
2006-07-04,26.700000762939453
2006-07-05,25.80500030517578
2006-07-06,25.674999237060547
2006-07-07,25.625
2006-07-10,25.559999465942383
2006-07-11,25.575000762939453
2006-07-12,25.184999465942383
2006-07-13,24.729999542236328
2006-07-14,24.75
2006-07-17,23.924999237060547
2006-07-18,23.825000762939453
2006-07-19,25.450000762939453
2006-07-20,24.329999923706055
2006-07-21,23.774999618530273
2006-07-24,24.06999969482422
2006-07-25,24.950000762939453
2006-07-26,24.75
2006-07-27,25.059999465942383
2006-07-28,25.75
2006-07-31,25.274999618530273
2006-08-01,25.200000762939453
2006-08-02,25.5
2006-08-03,25.899999618530273
2006-08-04,26.299999237060547
2006-08-07,25.850000381469727
2006-08-08,25.600000381469727
2006-08-09,25.0
2006-08-10,24.649999618530273
2006-08-11,24.200000762939453
2006-08-14,23.774999618530273
2006-08-15,23.350000381469727
2006-08-16,23.969999313354492
2006-08-17,24.389999389648438
2006-08-18,24.174999237060547
2006-08-21,23.684999465942383
2006-08-22,23.200000762939453
2006-08-23,22.485000610351562
2006-08-24,22.524999618530273
2006-08-25,22.670000076293945
2006-08-28,23.049999237060547
2006-08-29,22.924999237060547
2006-08-30,23.075000762939453
2006-08-31,23.0
2006-09-01,23.895000457763672
2006-09-04,24.1200008392334
2006-09-05,24.149999618530273
2006-09-06,23.649999618530273
2006-09-07,23.649999618530273
2006-09-08,23.30500030517578
2006-09-11,22.450000762939453
2006-09-12,22.260000228881836
2006-09-13,22.700000762939453
2006-09-14,22.549999237060547
2006-09-15,22.5
2006-09-18,22.600000381469727
2006-09-19,22.334999084472656
2006-09-20,21.950000762939453
2006-09-21,22.395000457763672
2006-09-22,22.024999618530273
2006-09-25,21.860000610351562
2006-09-26,22.674999237060547
2006-09-27,23.075000762939453
2006-09-28,23.2450008392334
2006-09-29,23.424999237060547
2006-10-02,23.719999313354492
2006-10-03,22.799999237060547
2006-10-04,23.674999237060547
2006-10-05,24.190000534057617
2006-10-06,24.05500030517578
2006-10-09,24.5049991607666
2006-10-10,24.885000228881836
2006-10-11,25.149999618530273
2006-10-12,25.149999618530273
2006-10-13,25.375
2006-10-16,25.9950008392334
2006-10-17,25.4950008392334
2006-10-18,25.604999542236328
2006-10-19,26.024999618530273
2006-10-20,25.719999313354492
2006-10-23,25.9950008392334
2006-10-24,27.200000762939453
2006-10-25,27.5
2006-10-26,27.399999618530273
2006-10-27,27.25
2006-10-30,26.850000381469727
2006-10-31,27.075000762939453
2006-11-01,27.850000381469727
2006-11-02,27.850000381469727
2006-11-03,28.200000762939453
2006-11-06,28.9950008392334
2006-11-07,28.68000030517578
2006-11-08,28.649999618530273
2006-11-09,29.5
2006-11-10,29.0
2006-11-13,28.399999618530273
2006-11-14,28.475000381469727
2006-11-15,28.475000381469727
2006-11-16,28.399999618530273
2006-11-17,28.4950008392334
2006-11-20,28.4950008392334
2006-11-21,29.094999313354492
2006-11-22,29.399999618530273
2006-11-23,29.424999237060547
2006-11-24,29.450000762939453
2006-11-27,29.25
2006-11-28,29.05500030517578
2006-11-29,30.0
2006-11-30,29.860000610351562
2006-12-01,29.350000381469727
2006-12-04,30.795000076293945
2006-12-05,31.725000381469727
2006-12-06,31.649999618530273
2006-12-07,31.344999313354492
2006-12-08,31.100000381469727
2006-12-11,31.549999237060547
2006-12-12,31.25
2006-12-13,31.225000381469727
2006-12-14,32.099998474121094
2006-12-15,31.950000762939453
2006-12-18,31.549999237060547
2006-12-19,31.600000381469727
2006-12-20,31.44499969482422
2006-12-21,31.299999237060547
2006-12-22,31.350000381469727
2006-12-26,31.405000686645508
2006-12-27,32.150001525878906
2006-12-28,31.850000381469727
2007-01-02,32.70000076293945
2007-01-03,31.100000381469727
2007-01-04,30.600000381469727
2007-01-05,29.299999237060547
2007-01-08,30.399999618530273
2007-01-09,29.625
2007-01-10,30.75
2007-01-11,30.940000534057617
2007-01-12,31.799999237060547
2007-01-15,31.799999237060547
2007-01-16,31.399999618530273
2007-01-17,31.549999237060547
2007-01-18,31.375
2007-01-19,32.36000061035156
2007-01-22,32.814998626708984
2007-01-23,34.474998474121094
2007-01-24,35.66999816894531
2007-01-26,35.20000076293945
2007-01-29,34.75
2007-01-30,34.775001525878906
2007-01-31,35.54999923706055
2007-02-01,35.67499923706055
2007-02-02,35.599998474121094
2007-02-05,35.42499923706055
2007-02-06,36.29999923706055
2007-02-07,35.400001525878906
2007-02-08,35.59000015258789
2007-02-09,35.0
2007-02-12,34.82500076293945
2007-02-13,36.54999923706055
2007-02-14,37.54999923706055
2007-02-15,37.82500076293945
2007-02-16,37.650001525878906
2007-02-21,38.20000076293945
2007-02-22,38.44499969482422
2007-02-23,38.31999969482422
2007-02-26,38.349998474121094
2007-02-27,35.16999816894531
2007-02-28,36.255001068115234
2007-03-01,35.380001068115234
2007-03-02,34.724998474121094
2007-03-05,33.755001068115234
2007-03-06,36.20000076293945
2007-03-07,36.150001525878906
2007-03-08,36.2599983215332
2007-03-09,36.70000076293945
2007-03-12,37.19499969482422
2007-03-13,35.85499954223633
2007-03-14,36.650001525878906
2007-03-15,37.42499923706055
2007-03-16,36.95000076293945
2007-03-19,37.95000076293945
2007-03-20,37.779998779296875
2007-03-21,38.150001525878906
2007-03-22,37.93000030517578
2007-03-23,37.92499923706055
2007-03-26,38.5
2007-03-27,38.005001068115234
2007-03-28,37.05500030517578
2007-03-29,37.650001525878906
2007-03-30,38.150001525878906
2007-04-02,38.22999954223633
2007-04-03,39.474998474121094
2007-04-04,40.25
2007-04-05,40.45000076293945
2007-04-09,40.45000076293945
2007-04-10,40.75
2007-04-11,41.0
2007-04-12,41.5
2007-04-13,41.540000915527344
2007-04-16,42.720001220703125
2007-04-17,42.95000076293945
2007-04-18,42.25
2007-04-19,41.744998931884766
2007-04-20,42.5
2007-04-23,42.724998474121094
2007-04-24,42.650001525878906
2007-04-25,42.775001525878906
2007-04-26,41.900001525878906
2007-04-27,41.91999816894531
2007-04-30,42.0
2007-05-02,42.22999954223633
2007-05-03,43.400001525878906
2007-05-04,44.720001220703125
2007-05-07,43.849998474121094
2007-05-08,43.32500076293945
2007-05-09,45.20500183105469
2007-05-10,44.17499923706055
2007-05-11,44.849998474121094
2007-05-14,43.775001525878906
2007-05-15,43.650001525878906
2007-05-16,44.349998474121094
2007-05-17,43.79999923706055
2007-05-18,44.29999923706055
2007-05-21,43.834999084472656
2007-05-22,43.54999923706055
2007-05-23,42.900001525878906
2007-05-24,41.5
2007-05-25,42.400001525878906
2007-05-28,42.89500045776367
2007-05-29,42.25
2007-05-30,43.005001068115234
2007-05-31,43.5099983215332
2007-06-01,44.82500076293945
2007-06-04,45.150001525878906
2007-06-05,45.18000030517578
2007-06-06,44.04999923706055
2007-06-08,43.474998474121094
2007-06-11,43.79499816894531
2007-06-12,42.43000030517578
2007-06-13,43.57500076293945
2007-06-14,44.07500076293945
2007-06-15,44.755001068115234
2007-06-18,45.45000076293945
2007-06-19,43.744998931884766
2007-06-20,43.474998474121094
2007-06-21,44.04999923706055
2007-06-22,43.900001525878906
2007-06-25,43.5
2007-06-26,42.5
2007-06-27,43.220001220703125
2007-06-28,42.20000076293945
2007-06-29,43.09000015258789
2007-07-02,44.275001525878906
2007-07-03,44.39500045776367
2007-07-04,44.900001525878906
2007-07-05,45.375
2007-07-06,45.89500045776367
2007-07-10,45.625
2007-07-11,46.69499969482422
2007-07-12,48.904998779296875
2007-07-13,48.375
2007-07-16,47.625
2007-07-17,47.619998931884766
2007-07-18,47.5
2007-07-19,48.125
2007-07-20,47.5
2007-07-23,48.70000076293945
2007-07-24,47.5
2007-07-25,46.79999923706055
2007-07-26,45.5
2007-07-27,44.4900016784668
2007-07-30,45.810001373291016
2007-07-31,46.400001525878906
2007-08-01,45.75
2007-08-02,46.275001525878906
2007-08-03,44.25
2007-08-06,44.275001525878906
2007-08-07,45.244998931884766
2007-08-08,46.2599983215332
2007-08-09,44.95000076293945
2007-08-10,43.665000915527344
2007-08-13,43.92499923706055
2007-08-14,41.994998931884766
2007-08-15,40.244998931884766
2007-08-16,39.744998931884766
2007-08-17,40.400001525878906
2007-08-20,40.584999084472656
2007-08-21,41.525001525878906
2007-08-22,44.125
2007-08-23,44.95000076293945
2007-08-24,46.334999084472656
2007-08-27,47.5
2007-08-28,45.25
2007-08-29,46.900001525878906
2007-08-30,47.099998474121094
2007-08-31,48.4900016784668
2007-09-03,48.959999084472656
2007-09-04,50.0
2007-09-05,48.849998474121094
2007-09-06,50.5099983215332
2007-09-10,49.0
2007-09-11,50.38999938964844
2007-09-12,50.7400016784668
2007-09-13,52.54999923706055
2007-09-14,51.310001373291016
2007-09-17,51.849998474121094
2007-09-18,55.189998626708984
2007-09-19,55.84000015258789
2007-09-20,56.29999923706055
2007-09-21,56.70000076293945
2007-09-24,59.29999923706055
2007-09-25,59.54999923706055
2007-09-26,60.619998931884766
2007-09-27,63.13999938964844
2007-09-28,61.95000076293945
2007-10-01,65.5999984741211
2007-10-02,65.0
2007-10-03,60.099998474121094
2007-10-04,58.20000076293945
2007-10-05,60.540000915527344
2007-10-08,60.650001525878906
2007-10-09,62.16999816894531
2007-10-10,61.400001525878906
2007-10-11,61.599998474121094
2007-10-15,63.599998474121094
2007-10-16,62.0099983215332
2007-10-17,63.0
2007-10-18,63.599998474121094
2007-10-19,59.630001068115234
2007-10-22,59.029998779296875
2007-10-23,60.849998474121094
2007-10-24,59.0
2007-10-25,59.79999923706055
2007-10-26,62.93000030517578
2007-10-29,65.5999984741211
2007-10-30,63.939998626708984
2007-10-31,65.0
2007-11-01,64.08999633789062
2007-11-05,61.61000061035156
2007-11-06,64.61000061035156
2007-11-07,63.56999969482422
2007-11-08,63.099998474121094
2007-11-09,63.70000076293945
2007-11-12,60.290000915527344
2007-11-13,60.900001525878906
2007-11-14,63.400001525878906
2007-11-16,62.0
2007-11-19,59.5
2007-11-21,57.54999923706055
2007-11-22,58.5
2007-11-23,58.54999923706055
2007-11-26,57.5
2007-11-27,56.79999923706055
2007-11-28,60.34000015258789
2007-11-29,61.349998474121094
2007-11-30,62.70000076293945
2007-12-03,62.20000076293945
2007-12-04,62.310001373291016
2007-12-05,63.29999923706055
2007-12-06,64.55000305175781
2007-12-07,63.5
2007-12-10,63.5
2007-12-11,61.849998474121094
2007-12-12,61.04999923706055
2007-12-13,58.650001525878906
2007-12-14,58.70000076293945
2007-12-17,56.650001525878906
2007-12-18,57.400001525878906
2007-12-19,58.22999954223633
2007-12-20,59.13999938964844
2007-12-21,59.810001373291016
2007-12-26,60.88999938964844
2007-12-27,59.599998474121094
2007-12-28,59.310001373291016
2008-01-02,57.900001525878906
2008-01-03,58.20000076293945
2008-01-04,56.099998474121094
2008-01-07,55.099998474121094
2008-01-08,56.20000076293945
2008-01-09,55.599998474121094
2008-01-10,56.810001373291016
2008-01-11,56.099998474121094
2008-01-14,56.0
2008-01-15,53.900001525878906
2008-01-16,51.40999984741211
2008-01-17,51.04999923706055
2008-01-18,51.59000015258789
2008-01-21,46.220001220703125
2008-01-22,47.599998474121094
2008-01-23,45.0
2008-01-24,50.119998931884766
2008-01-28,50.25
2008-01-29,51.08000183105469
2008-01-30,52.38999938964844
2008-01-31,51.83000183105469
2008-02-01,54.900001525878906
2008-02-06,53.11000061035156
2008-02-07,52.400001525878906
2008-02-08,53.5
2008-02-11,55.5
2008-02-12,55.90999984741211
2008-02-13,56.790000915527344
2008-02-14,56.310001373291016
2008-02-15,55.220001220703125
2008-02-18,57.59000015258789
2008-02-19,57.90999984741211
2008-02-20,60.0
2008-02-21,59.79999923706055
2008-02-22,60.70000076293945
2008-02-25,60.70000076293945
2008-02-26,60.70000076293945
2008-02-27,60.5099983215332
2008-02-28,62.5
2008-02-29,58.65999984741211
2008-03-03,58.29999923706055
2008-03-04,57.060001373291016
2008-03-05,58.77000045776367
2008-03-06,57.22999954223633
2008-03-07,56.02000045776367
2008-03-10,54.5
2008-03-11,56.7400016784668
2008-03-12,57.29999923706055
2008-03-13,57.599998474121094
2008-03-14,58.900001525878906
2008-03-17,55.33000183105469
2008-03-18,57.08000183105469
2008-03-19,53.15999984741211
2008-03-20,52.72999954223633
2008-03-24,55.45000076293945
2008-03-25,57.02000045776367
2008-03-26,59.5099983215332
2008-03-27,59.75
2008-03-28,59.79999923706055
2008-03-31,60.5
2008-04-01,61.75
2008-04-02,61.099998474121094
2008-04-03,61.869998931884766
2008-04-04,62.5099983215332
2008-04-07,62.40999984741211
2008-04-08,62.70000076293945
2008-04-09,61.599998474121094
2008-04-10,61.209999084472656
2008-04-11,60.11000061035156
2008-04-14,59.31999969482422
2008-04-15,60.77000045776367
2008-04-16,62.61000061035156
2008-04-17,62.650001525878906
2008-04-18,63.20000076293945
2008-04-22,65.26000213623047
2008-04-23,64.80000305175781
2008-04-24,62.25
2008-04-25,63.0
2008-04-28,63.86000061035156
2008-04-29,62.29999923706055
2008-04-30,65.63999938964844
2008-05-02,65.4000015258789
2008-05-05,66.5999984741211
2008-05-06,67.81999969482422
2008-05-07,65.94999694824219
2008-05-08,66.73999786376953
2008-05-09,66.41000366210938
2008-05-12,67.30999755859375
2008-05-13,67.5
2008-05-14,67.26000213623047
2008-05-15,69.5999984741211
2008-05-16,72.08999633789062
2008-05-19,71.5
2008-05-20,71.5
2008-05-21,69.19999694824219
2008-05-23,68.25
2008-05-26,67.5
2008-05-27,66.19000244140625
2008-05-28,67.66000366210938
2008-05-29,64.44999694824219
2008-05-30,65.51000213623047
2008-06-02,65.29000091552734
2008-06-03,62.959999084472656
2008-06-04,60.7400016784668
2008-06-05,63.439998626708984
2008-06-06,61.790000915527344
2008-06-09,59.70000076293945
2008-06-10,58.400001525878906
2008-06-11,56.59000015258789
2008-06-12,58.150001525878906
2008-06-13,56.7599983215332
2008-06-16,56.79999923706055
2008-06-17,58.47999954223633
2008-06-18,58.16999816894531
2008-06-19,58.04999923706055
2008-06-20,55.439998626708984
2008-06-23,56.47999954223633
2008-06-24,57.4900016784668
2008-06-25,58.68000030517578
2008-06-26,56.599998474121094
2008-06-27,56.22999954223633
2008-06-30,57.400001525878906
2008-07-01,55.0099983215332
2008-07-02,52.189998626708984
2008-07-03,50.95000076293945
2008-07-04,51.5
2008-07-07,51.560001373291016
2008-07-08,51.0
2008-07-10,51.0
2008-07-11,50.16999816894531
2008-07-14,51.0
2008-07-15,49.90999984741211
2008-07-16,49.20000076293945
2008-07-17,46.540000915527344
2008-07-18,46.0099983215332
2008-07-21,47.70000076293945
2008-07-22,45.90999984741211
2008-07-23,45.869998931884766
2008-07-24,43.72999954223633
2008-07-25,43.5
2008-07-28,43.9900016784668
2008-07-29,45.04999923706055
2008-07-30,48.099998474121094
2008-07-31,47.34000015258789
2008-08-01,44.38999938964844
2008-08-04,41.189998626708984
2008-08-05,41.630001068115234
2008-08-06,42.20000076293945
2008-08-07,42.400001525878906
2008-08-08,41.689998626708984
2008-08-11,40.150001525878906
2008-08-12,39.91999816894531
2008-08-13,41.75
2008-08-14,42.20000076293945
2008-08-15,41.400001525878906
2008-08-18,40.47999954223633
2008-08-19,41.099998474121094
2008-08-20,43.36000061035156
2008-08-21,44.20000076293945
2008-08-22,43.47999954223633
2008-08-25,42.15999984741211
2008-08-26,42.20000076293945
2008-08-27,43.58000183105469
2008-08-28,43.79999923706055
2008-08-29,43.470001220703125
2008-09-01,42.790000915527344
2008-09-02,41.79999923706055
2008-09-03,41.599998474121094
2008-09-04,40.34000015258789
2008-09-05,40.790000915527344
2008-09-08,39.310001373291016
2008-09-09,37.36000061035156
2008-09-10,39.54999923706055
2008-09-11,41.599998474121094
2008-09-12,42.65999984741211
2008-09-15,38.900001525878906
2008-09-16,39.900001525878906
2008-09-17,37.099998474121094
2008-09-18,39.79999923706055
2008-09-19,43.099998474121094
2008-09-22,41.900001525878906
2008-09-23,38.83000183105469
2008-09-24,39.5
2008-09-25,40.880001068115234
2008-09-26,38.5
2008-09-29,33.79999923706055
2008-09-30,36.54999923706055
2008-10-01,36.38999938964844
2008-10-02,32.54999923706055
2008-10-03,32.7400016784668
2008-10-06,30.25
2008-10-07,29.020000457763672
2008-10-08,29.0
2008-10-09,27.940000534057617
2008-10-10,28.299999237060547
2008-10-13,32.0
2008-10-14,31.489999771118164
2008-10-15,25.639999389648438
2008-10-16,25.0
2008-10-17,25.200000762939453
2008-10-20,28.549999237060547
2008-10-21,28.84000015258789
2008-10-22,27.200000762939453
2008-10-23,25.649999618530273
2008-10-24,24.389999389648438
2008-10-27,22.100000381469727
2008-10-28,25.15999984741211
2008-10-29,25.940000534057617
2008-10-30,27.790000915527344
2008-10-31,28.389999389648438
2008-11-03,29.0
2008-11-04,31.040000915527344
2008-11-05,28.399999618530273
2008-11-06,27.5
2008-11-07,26.649999618530273
2008-11-10,27.899999618530273
2008-11-11,28.25
2008-11-12,26.40999984741211
2008-11-13,27.290000915527344
2008-11-14,27.049999237060547
2008-11-17,26.700000762939453
2008-11-18,25.549999237060547
2008-11-19,25.0
2008-11-21,22.799999237060547
2008-11-24,26.110000610351562
2008-11-25,26.809999465942383
2008-11-26,27.59000015258789
2008-11-27,27.049999237060547
2008-11-28,27.530000686645508
2008-12-01,25.5
2008-12-02,24.549999237060547
2008-12-03,24.8700008392334
2008-12-04,24.09000015258789
2008-12-05,23.549999237060547
2008-12-08,26.5
2008-12-09,26.8700008392334
2008-12-10,28.709999084472656
2008-12-11,28.110000610351562
2008-12-12,28.209999084472656
2008-12-15,28.389999389648438
2008-12-16,29.899999618530273
2008-12-17,30.299999237060547
2008-12-18,28.809999465942383
2008-12-19,28.690000534057617
2008-12-22,26.8799991607666
2008-12-23,25.860000610351562
2008-12-26,27.100000381469727
2008-12-29,27.040000915527344
2008-12-30,27.690000534057617
2009-01-02,30.5
2009-01-05,32.15999984741211
2009-01-06,33.04999923706055
2009-01-07,31.0
2009-01-08,32.380001068115234
2009-01-09,31.850000381469727
2009-01-12,29.309999465942383
2009-01-13,30.100000381469727
2009-01-14,28.700000762939453
2009-01-15,29.450000762939453
2009-01-16,30.0
2009-01-19,29.670000076293945
2009-01-20,28.360000610351562
2009-01-21,29.190000534057617
2009-01-22,29.229999542236328
2009-01-23,30.25
2009-01-26,30.81999969482422
2009-01-27,32.11000061035156
2009-01-28,33.939998626708984
2009-01-29,33.029998779296875
2009-01-30,32.5
2009-02-02,32.310001373291016
2009-02-03,33.90999984741211
2009-02-04,35.40999984741211
2009-02-05,36.95000076293945
2009-02-06,38.75
2009-02-09,37.599998474121094
2009-02-10,36.5
2009-02-11,35.47999954223633
2009-02-12,34.810001373291016
2009-02-13,36.38999938964844
2009-02-16,36.5099983215332
2009-02-17,34.11000061035156
2009-02-18,34.79999923706055
2009-02-19,35.02000045776367
2009-02-20,32.22999954223633
2009-02-25,30.5
2009-02-26,30.5
2009-02-27,30.8700008392334
2009-03-02,29.1200008392334
2009-03-03,29.68000030517578
2009-03-04,32.689998626708984
2009-03-05,31.219999313354492
2009-03-06,30.399999618530273
2009-03-09,29.700000762939453
2009-03-10,31.899999618530273
2009-03-11,32.220001220703125
2009-03-12,31.65999984741211
2009-03-13,30.81999969482422
2009-03-16,30.68000030517578
2009-03-17,31.450000762939453
2009-03-18,31.139999389648438
2009-03-19,31.799999237060547
2009-03-20,31.350000381469727
2009-03-23,33.31999969482422
2009-03-24,32.11000061035156
2009-03-25,32.20000076293945
2009-03-26,33.09000015258789
2009-03-27,32.25
2009-03-30,30.43000030517578
2009-03-31,31.0
2009-04-01,31.5
2009-04-02,33.56999969482422
2009-04-03,33.95000076293945
2009-04-06,33.060001373291016
2009-04-07,32.34000015258789
2009-04-08,32.599998474121094
2009-04-09,34.70000076293945
2009-04-13,35.599998474121094
2009-04-14,35.630001068115234
2009-04-15,35.88999938964844
2009-04-16,35.59000015258789
2009-04-17,35.29999923706055
2009-04-20,33.880001068115234
2009-04-22,34.279998779296875
2009-04-23,35.25
2009-04-24,35.90999984741211
2009-04-27,34.90999984741211
2009-04-28,34.29999923706055
2009-04-29,35.0099983215332
2009-04-30,36.08000183105469
2009-05-04,40.0
2009-05-05,39.70000076293945
2009-05-06,40.0
2009-05-07,38.5
2009-05-08,39.04999923706055
2009-05-11,39.16999816894531
2009-05-12,38.119998931884766
2009-05-13,36.599998474121094
2009-05-14,36.84000015258789
2009-05-15,36.599998474121094
2009-05-18,39.0
2009-05-19,39.29999923706055
2009-05-20,39.41999816894531
2009-05-21,37.81999969482422
2009-05-22,37.75
2009-05-25,38.09000015258789
2009-05-26,38.880001068115234
2009-05-27,37.849998474121094
2009-05-28,38.779998779296875
2009-05-29,38.02000045776367
2009-06-01,39.900001525878906
2009-06-02,38.540000915527344
2009-06-03,36.939998626708984
2009-06-04,37.779998779296875
2009-06-05,38.18000030517578
2009-06-08,38.400001525878906
2009-06-09,38.40999984741211
2009-06-10,38.75
2009-06-12,38.52000045776367
2009-06-15,37.7599983215332
2009-06-16,37.099998474121094
2009-06-17,36.810001373291016
2009-06-18,36.59000015258789
2009-06-19,36.54999923706055
2009-06-22,34.56999969482422
2009-06-23,34.849998474121094
2009-06-24,34.060001373291016
2009-06-25,35.20000076293945
2009-06-26,34.599998474121094
2009-06-29,34.90999984741211
2009-06-30,34.5
2009-07-01,34.630001068115234
2009-07-02,34.349998474121094
2009-07-03,34.18000030517578
2009-07-06,33.56999969482422
2009-07-07,31.889999389648438
2009-07-08,32.560001373291016
2009-07-09,32.560001373291016
2009-07-10,32.5
2009-07-13,32.5
2009-07-14,32.220001220703125
2009-07-15,34.720001220703125
2009-07-16,34.779998779296875
2009-07-17,34.75
2009-07-20,36.08000183105469
2009-07-21,36.4900016784668
2009-07-22,35.75
2009-07-23,36.5
2009-07-24,36.79999923706055
2009-07-27,37.04999923706055
2009-07-28,36.939998626708984
2009-07-29,36.150001525878906
2009-07-30,36.599998474121094
2009-07-31,37.04999923706055
2009-08-03,38.08000183105469
2009-08-04,38.02000045776367
2009-08-05,38.08000183105469
2009-08-06,37.54999923706055
2009-08-07,37.95000076293945
2009-08-10,37.849998474121094
2009-08-11,36.88999938964844
2009-08-12,37.22999954223633
2009-08-13,38.189998626708984
2009-08-14,38.5
2009-08-17,36.900001525878906
2009-08-18,36.70000076293945
2009-08-19,36.68000030517578
2009-08-20,36.970001220703125
2009-08-21,37.5
2009-08-24,37.95000076293945
2009-08-25,37.68000030517578
2009-08-26,37.58000183105469
2009-08-27,37.349998474121094
2009-08-28,37.88999938964844
2009-08-31,36.68000030517578
2009-09-01,36.560001373291016
2009-09-02,36.0099983215332
2009-09-03,36.47999954223633
2009-09-04,37.099998474121094
2009-09-08,38.29999923706055
2009-09-09,38.150001525878906
2009-09-10,38.849998474121094
2009-09-11,38.400001525878906
2009-09-14,38.900001525878906
2009-09-15,39.47999954223633
2009-09-16,40.25
2009-09-17,39.75
2009-09-18,39.9900016784668
2009-09-21,40.68000030517578
2009-09-22,41.77000045776367
2009-09-23,41.36000061035156
2009-09-24,40.63999938964844
2009-09-25,40.689998626708984
2009-09-28,41.369998931884766
2009-09-29,41.0
2009-09-30,41.189998626708984
2009-10-01,40.04999923706055
2009-10-02,40.959999084472656
2009-10-05,41.5
2009-10-06,41.880001068115234
2009-10-07,42.88999938964844
2009-10-08,43.5
2009-10-09,43.720001220703125
2009-10-13,43.29999923706055
2009-10-14,45.29999923706055
2009-10-15,45.790000915527344
2009-10-16,45.25
2009-10-19,46.61000061035156
2009-10-20,45.77000045776367
2009-10-21,46.11000061035156
2009-10-22,46.91999816894531
2009-10-23,46.11000061035156
2009-10-26,46.400001525878906
2009-10-27,44.650001525878906
2009-10-28,42.709999084472656
2009-10-29,46.5
2009-10-30,44.79999923706055
2009-11-03,46.5
2009-11-04,46.939998626708984
2009-11-05,47.13999938964844
2009-11-06,46.84000015258789
2009-11-09,48.45000076293945
2009-11-10,47.91999816894531
2009-11-11,47.83000183105469
2009-11-12,46.099998474121094
2009-11-13,46.900001525878906
2009-11-16,48.77000045776367
2009-11-17,49.40999984741211
2009-11-18,48.560001373291016
2009-11-19,48.66999816894531
2009-11-23,49.189998626708984
2009-11-24,49.470001220703125
2009-11-25,50.29999923706055
2009-11-26,48.79999923706055
2009-11-27,49.599998474121094
2009-11-30,49.02000045776367
2009-12-01,49.900001525878906
2009-12-02,49.5
2009-12-03,48.95000076293945
2009-12-04,48.04999923706055
2009-12-07,48.130001068115234
2009-12-08,47.70000076293945
2009-12-09,48.20000076293945
2009-12-10,49.0
2009-12-11,49.400001525878906
2009-12-14,50.279998779296875
2009-12-15,50.220001220703125
2009-12-16,49.959999084472656
2009-12-17,48.40999984741211
2009-12-18,48.29999923706055
2009-12-21,48.13999938964844
2009-12-22,49.04999923706055
2009-12-23,49.709999084472656
2009-12-24,49.709999084472656
2009-12-28,49.79999923706055
2009-12-29,49.65999984741211
2009-12-30,49.65999984741211
2010-01-04,51.4900016784668
2010-01-05,51.970001220703125
2010-01-06,53.06999969482422
2010-01-07,53.290000915527344
2010-01-08,53.810001373291016
2010-01-11,53.650001525878906
2010-01-12,53.5
2010-01-13,54.15999984741211
2010-01-14,54.150001525878906
2010-01-15,53.45000076293945
2010-01-18,54.20000076293945
2010-01-19,54.95000076293945
2010-01-20,53.45000076293945
2010-01-21,51.599998474121094
2010-01-22,50.5099983215332
2010-01-26,49.4900016784668
2010-01-27,48.810001373291016
2010-01-28,48.779998779296875
2010-01-29,48.90999984741211
2010-02-01,50.38999938964844
2010-02-02,50.38999938964844
2010-02-03,50.279998779296875
2010-02-04,47.560001373291016
2010-02-05,47.15999984741211
2010-02-08,47.5
2010-02-09,48.5
2010-02-10,48.54999923706055
2010-02-11,49.689998626708984
2010-02-12,49.349998474121094
2010-02-17,51.29999923706055
2010-02-18,52.16999816894531
2010-02-19,52.0
2010-02-22,51.0
2010-02-23,50.220001220703125
2010-02-24,50.400001525878906
2010-02-25,50.70000076293945
2010-02-26,50.45000076293945
2010-03-01,50.970001220703125
2010-03-02,51.9900016784668
2010-03-03,51.880001068115234
2010-03-04,52.599998474121094
2010-03-05,54.29999923706055
2010-03-08,53.900001525878906
2010-03-09,54.29999923706055
2010-03-10,53.599998474121094
2010-03-11,52.900001525878906
2010-03-12,52.599998474121094
2010-03-15,52.900001525878906
2010-03-16,54.220001220703125
2010-03-17,54.279998779296875
2010-03-18,53.75
2010-03-19,53.16999816894531
2010-03-22,53.88999938964844
2010-03-23,55.79999923706055
2010-03-24,55.70000076293945
2010-03-25,55.29999923706055
2010-03-26,55.79999923706055
2010-03-29,57.04999923706055
2010-03-30,57.45000076293945
2010-03-31,57.150001525878906
2010-04-01,57.72999954223633
2010-04-05,57.56999969482422
2010-04-06,57.4900016784668
2010-04-07,58.06999969482422
2010-04-08,59.20000076293945
2010-04-09,59.290000915527344
2010-04-12,58.880001068115234
2010-04-13,59.349998474121094
2010-04-14,59.849998474121094
2010-04-15,59.349998474121094
2010-04-16,58.529998779296875
2010-04-19,57.5
2010-04-20,56.70000076293945
2010-04-22,56.900001525878906
2010-04-23,56.400001525878906
2010-04-26,56.16999816894531
2010-04-27,53.310001373291016
2010-04-28,52.95000076293945
2010-04-29,54.400001525878906
2010-04-30,53.099998474121094
2010-05-03,51.70000076293945
2010-05-04,49.36000061035156
2010-05-05,50.59000015258789
2010-05-06,49.869998931884766
2010-05-07,49.70000076293945
2010-05-10,51.810001373291016
2010-05-11,51.310001373291016
2010-05-12,51.130001068115234
2010-05-13,50.38999938964844
2010-05-14,48.900001525878906
2010-05-17,48.13999938964844
2010-05-18,46.400001525878906
2010-05-19,45.5
2010-05-20,43.849998474121094
2010-05-21,46.79999923706055
2010-05-24,46.310001373291016
2010-05-25,46.720001220703125
2010-05-26,46.470001220703125
2010-05-27,49.400001525878906
2010-05-28,48.95000076293945
2010-05-31,50.0
2010-06-01,48.91999816894531
2010-06-02,49.95000076293945
2010-06-04,47.59000015258789
2010-06-07,46.099998474121094
2010-06-08,46.59000015258789
2010-06-09,46.7599983215332
2010-06-10,47.61000061035156
2010-06-11,48.189998626708984
2010-06-14,48.220001220703125
2010-06-15,48.90999984741211
2010-06-16,48.29999923706055
2010-06-17,47.45000076293945
2010-06-18,46.91999816894531
2010-06-21,48.470001220703125
2010-06-22,48.0
2010-06-23,48.59000015258789
2010-06-24,47.5
2010-06-25,48.08000183105469
2010-06-28,47.18000030517578
2010-06-29,44.900001525878906
2010-06-30,43.650001525878906
2010-07-01,43.84000015258789
2010-07-02,43.619998931884766
2010-07-05,43.0
2010-07-06,43.540000915527344
2010-07-07,44.59000015258789
2010-07-08,44.7400016784668
2010-07-12,43.77000045776367
2010-07-13,44.15999984741211
2010-07-14,44.16999816894531
2010-07-15,43.81999969482422
2010-07-16,42.849998474121094
2010-07-19,44.04999923706055
2010-07-20,46.540000915527344
2010-07-21,46.810001373291016
2010-07-22,47.79999923706055
2010-07-23,48.16999816894531
2010-07-26,48.189998626708984
2010-07-27,48.0
2010-07-28,48.849998474121094
2010-07-29,48.400001525878906
2010-07-30,48.54999923706055
2010-08-02,50.529998779296875
2010-08-03,50.470001220703125
2010-08-04,50.43000030517578
2010-08-05,50.650001525878906
2010-08-06,50.58000183105469
2010-08-09,50.709999084472656
2010-08-10,50.0
2010-08-11,48.310001373291016
2010-08-12,48.720001220703125
2010-08-13,48.79999923706055
2010-08-16,49.439998626708984
2010-08-17,50.0099983215332
2010-08-18,50.349998474121094
2010-08-19,49.849998474121094
2010-08-20,49.2400016784668
2010-08-23,47.83000183105469
2010-08-24,46.79999923706055
2010-08-25,46.380001068115234
2010-08-26,45.86000061035156
2010-08-27,47.45000076293945
2010-08-30,46.130001068115234
2010-08-31,46.880001068115234
2010-09-01,49.189998626708984
2010-09-02,48.58000183105469
2010-09-03,48.400001525878906
2010-09-06,48.0
2010-09-08,47.189998626708984
2010-09-09,47.29999923706055
2010-09-10,46.86000061035156
2010-09-13,48.20000076293945
2010-09-14,47.79999923706055
2010-09-15,48.08000183105469
2010-09-16,47.77000045776367
2010-09-17,47.130001068115234
2010-09-20,48.099998474121094
2010-09-21,48.25
2010-09-22,49.29999923706055
2010-09-23,49.13999938964844
2010-09-24,50.83000183105469
2010-09-27,51.7599983215332
2010-09-28,52.15999984741211
2010-09-29,52.189998626708984
2010-09-30,52.29999923706055
2010-10-01,52.79999923706055
2010-10-04,52.84000015258789
2010-10-05,53.5099983215332
2010-10-06,53.66999816894531
2010-10-07,53.47999954223633
2010-10-08,53.29999923706055
2010-10-11,53.599998474121094
2010-10-13,53.54999923706055
2010-10-14,53.75
2010-10-15,53.349998474121094
2010-10-18,54.5
2010-10-19,53.20000076293945
2010-10-20,54.779998779296875
2010-10-21,53.900001525878906
2010-10-22,53.95000076293945
2010-10-25,54.400001525878906
2010-10-26,55.20000076293945
2010-10-27,54.650001525878906
2010-10-28,53.599998474121094
2010-10-29,53.599998474121094
2010-11-01,54.79999923706055
2010-11-03,54.20000076293945
2010-11-04,55.59000015258789
2010-11-05,55.70000076293945
2010-11-08,56.099998474121094
2010-11-09,55.900001525878906
2010-11-10,55.79999923706055
2010-11-11,56.040000915527344
2010-11-12,55.0
2010-11-16,53.88999938964844
2010-11-17,53.810001373291016
2010-11-18,55.2400016784668
2010-11-19,55.45000076293945
2010-11-22,55.29999923706055
2010-11-23,53.900001525878906
2010-11-24,55.27000045776367
2010-11-25,54.91999816894531
2010-11-26,54.09000015258789
2010-11-29,54.209999084472656
2010-11-30,53.560001373291016
2010-12-01,55.29999923706055
2010-12-02,55.900001525878906
2010-12-03,56.599998474121094
2010-12-06,56.849998474121094
2010-12-07,56.720001220703125
2010-12-08,55.459999084472656
2010-12-09,56.06999969482422
2010-12-10,56.77000045776367
2010-12-13,58.189998626708984
2010-12-14,57.68000030517578
2010-12-15,56.79999923706055
2010-12-16,56.75
2010-12-17,56.900001525878906
2010-12-20,56.5
2010-12-21,57.189998626708984
2010-12-22,57.029998779296875
2010-12-23,56.849998474121094
2010-12-27,55.22999954223633
2010-12-28,54.7400016784668
2010-12-29,55.119998931884766
2010-12-30,55.33000183105469
2011-01-03,56.970001220703125
2011-01-04,58.150001525878906
2011-01-05,59.20000076293945
2011-01-06,58.439998626708984
2011-01-07,58.0
2011-01-10,57.88999938964844
2011-01-11,58.5
2011-01-12,60.119998931884766
2011-01-13,59.70000076293945
2011-01-14,59.959999084472656
2011-01-17,60.16999816894531
2011-01-18,60.91999816894531
2011-01-19,59.599998474121094
2011-01-20,58.599998474121094
2011-01-21,59.0
2011-01-24,59.400001525878906
2011-01-26,59.349998474121094
2011-01-27,58.7599983215332
2011-01-28,57.06999969482422
2011-01-31,57.08000183105469
2011-02-01,58.75
2011-02-02,57.400001525878906
2011-02-03,57.29999923706055
2011-02-04,56.34000015258789
2011-02-07,56.7599983215332
2011-02-08,56.43000030517578
2011-02-09,54.599998474121094
2011-02-10,55.310001373291016
2011-02-11,56.45000076293945
2011-02-14,57.54999923706055
2011-02-15,57.36000061035156
2011-02-16,57.90999984741211
2011-02-17,57.9900016784668
2011-02-18,57.400001525878906
2011-02-21,56.099998474121094
2011-02-22,54.97999954223633
2011-02-23,56.0
2011-02-24,56.0
2011-02-25,55.70000076293945
2011-02-28,56.29999923706055
2011-03-01,55.2400016784668
2011-03-02,56.18000030517578
2011-03-03,56.599998474121094
2011-03-04,55.650001525878906
2011-03-09,55.650001525878906
2011-03-10,52.099998474121094
2011-03-11,52.81999969482422
2011-03-14,53.0
2011-03-15,52.04999923706055
2011-03-16,50.75
2011-03-17,52.189998626708984
2011-03-18,52.880001068115234
2011-03-21,53.20000076293945
2011-03-22,52.70000076293945
2011-03-23,53.4900016784668
2011-03-24,52.16999816894531
2011-03-25,52.79999923706055
2011-03-28,52.5099983215332
2011-03-29,53.59000015258789
2011-03-30,52.900001525878906
2011-03-31,53.349998474121094
2011-04-01,53.349998474121094
2011-04-04,54.150001525878906
2011-04-05,54.400001525878906
2011-04-06,53.54999923706055
2011-04-07,53.11000061035156
2011-04-08,53.0
2011-04-11,53.06999969482422
2011-04-12,52.0
2011-04-13,51.25
2011-04-14,51.279998779296875
2011-04-15,51.150001525878906
2011-04-18,50.63999938964844
2011-04-19,51.099998474121094
2011-04-20,52.029998779296875
2011-04-25,52.540000915527344
2011-04-26,52.58000183105469
2011-04-27,51.900001525878906
2011-04-28,51.5
2011-04-29,51.790000915527344
2011-05-02,51.220001220703125
2011-05-03,50.04999923706055
2011-05-04,49.119998931884766
2011-05-05,49.7400016784668
2011-05-06,49.75
2011-05-09,50.08000183105469
2011-05-10,50.08000183105469
2011-05-11,48.36000061035156
2011-05-12,48.45000076293945
2011-05-13,47.65999984741211
2011-05-16,47.65999984741211
2011-05-17,47.959999084472656
2011-05-18,48.11000061035156
2011-05-19,48.540000915527344
2011-05-20,48.75
2011-05-23,48.70000076293945
2011-05-24,49.15999984741211
2011-05-25,49.279998779296875
2011-05-26,50.04999923706055
2011-05-27,50.349998474121094
2011-05-30,50.13999938964844
2011-05-31,50.25
2011-06-01,49.77000045776367
2011-06-02,49.849998474121094
2011-06-03,49.43000030517578
2011-06-06,49.04999923706055
2011-06-07,48.959999084472656
2011-06-08,49.0
2011-06-09,49.540000915527344
2011-06-10,48.9900016784668
2011-06-13,48.08000183105469
2011-06-14,48.31999969482422
2011-06-15,48.0
2011-06-16,47.459999084472656
2011-06-17,47.220001220703125
2011-06-20,47.95000076293945
2011-06-21,48.38999938964844
2011-06-22,48.54999923706055
2011-06-24,48.880001068115234
2011-06-27,48.52000045776367
2011-06-28,49.11000061035156
2011-06-29,49.13999938964844
2011-06-30,49.4900016784668
2011-07-01,51.689998626708984
2011-07-04,52.349998474121094
2011-07-05,51.29999923706055
2011-07-06,51.130001068115234
2011-07-07,51.45000076293945
2011-07-08,51.099998474121094
2011-07-11,50.65999984741211
2011-07-12,50.70000076293945
2011-07-13,51.33000183105469
2011-07-14,50.630001068115234
2011-07-15,50.599998474121094
2011-07-18,50.75
2011-07-19,50.86000061035156
2011-07-20,50.86000061035156
2011-07-21,51.0099983215332
2011-07-22,51.16999816894531
2011-07-25,51.15999984741211
2011-07-26,51.08000183105469
2011-07-27,50.689998626708984
2011-07-28,51.150001525878906
2011-07-29,50.130001068115234
2011-08-01,50.20000076293945
2011-08-02,49.150001525878906
2011-08-03,47.86000061035156
2011-08-04,45.099998474121094
2011-08-05,44.0
2011-08-08,39.810001373291016
2011-08-09,41.849998474121094
2011-08-10,41.88999938964844
2011-08-11,43.70000076293945
2011-08-12,42.59000015258789
2011-08-15,43.369998931884766
2011-08-16,43.06999969482422
2011-08-17,43.79999923706055
2011-08-18,41.599998474121094
2011-08-19,41.0
2011-08-22,40.939998626708984
2011-08-23,42.29999923706055
2011-08-24,42.56999969482422
2011-08-25,42.099998474121094
2011-08-26,42.810001373291016
2011-08-29,43.900001525878906
2011-08-30,44.0
2011-08-31,44.79999923706055
2011-09-01,45.06999969482422
2011-09-02,44.40999984741211
2011-09-05,43.400001525878906
2011-09-06,44.619998931884766
2011-09-08,45.599998474121094
2011-09-09,44.900001525878906
2011-09-12,45.15999984741211
2011-09-13,45.5
2011-09-14,46.04999923706055
2011-09-15,46.560001373291016
2011-09-16,46.79999923706055
2011-09-19,47.439998626708984
2011-09-20,47.91999816894531
2011-09-21,47.119998931884766
2011-09-22,44.619998931884766
2011-09-23,44.29999923706055
2011-09-26,43.709999084472656
2011-09-27,44.220001220703125
2011-09-28,43.97999954223633
2011-09-29,43.709999084472656
2011-09-30,42.650001525878906
2011-10-03,41.369998931884766
2011-10-04,41.0
2011-10-05,41.849998474121094
2011-10-06,42.45000076293945
2011-10-07,41.209999084472656
2011-10-10,42.5
2011-10-11,43.119998931884766
2011-10-13,43.95000076293945
2011-10-14,44.02000045776367
2011-10-17,41.380001068115234
2011-10-18,41.54999923706055
2011-10-19,40.150001525878906
2011-10-20,39.650001525878906
2011-10-21,40.54999923706055
2011-10-24,42.95000076293945
2011-10-25,42.95000076293945
2011-10-26,42.95000076293945
2011-10-27,42.95000076293945
2011-10-28,44.599998474121094
2011-10-31,43.709999084472656
2011-11-01,43.29999923706055
2011-11-03,44.689998626708984
2011-11-04,45.599998474121094
2011-11-07,46.0
2011-11-08,45.709999084472656
2011-11-09,44.959999084472656
2011-11-10,44.959999084472656
2011-11-11,45.41999816894531
2011-11-14,45.20000076293945
2011-11-16,45.58000183105469
2011-11-17,44.349998474121094
2011-11-18,44.20000076293945
2011-11-21,43.939998626708984
2011-11-22,43.54999923706055
2011-11-23,42.400001525878906
2011-11-24,42.45000076293945
2011-11-25,41.47999954223633
2011-11-28,41.88999938964844
2011-11-29,41.29999923706055
2011-11-30,41.650001525878906
2011-12-01,41.900001525878906
2011-12-02,42.41999816894531
2011-12-05,43.20000076293945
2011-12-06,43.150001525878906
2011-12-07,41.27000045776367
2011-12-08,40.41999816894531
2011-12-09,41.22999954223633
2011-12-12,41.22999954223633
2011-12-13,40.47999954223633
2011-12-14,39.84000015258789
2011-12-15,39.20000076293945
2011-12-16,39.20000076293945
2011-12-19,38.59000015258789
2011-12-20,40.0
2011-12-21,40.130001068115234
2011-12-22,40.70000076293945
2011-12-23,40.95000076293945
2011-12-26,40.630001068115234
2011-12-27,40.900001525878906
2011-12-28,39.720001220703125
2011-12-29,39.45000076293945
2012-01-02,40.900001525878906
2012-01-03,42.720001220703125
2012-01-04,43.0099983215332
2012-01-05,41.86000061035156
2012-01-06,41.5
2012-01-09,41.45000076293945
2012-01-10,41.400001525878906
2012-01-11,41.709999084472656
2012-01-12,41.290000915527344
2012-01-13,40.45000076293945
2012-01-16,40.709999084472656
2012-01-17,40.709999084472656
2012-01-18,43.099998474121094
2012-01-19,42.97999954223633
2012-01-20,42.91999816894531
2012-01-23,42.61000061035156
2012-01-24,43.0099983215332
2012-01-26,42.790000915527344
2012-01-27,43.040000915527344
2012-01-30,43.4900016784668
2012-01-31,44.70000076293945
2012-02-01,45.599998474121094
2012-02-02,45.56999969482422
2012-02-03,45.869998931884766
2012-02-06,45.849998474121094
2012-02-07,45.84000015258789
2012-02-08,45.52000045776367
2012-02-09,45.099998474121094
2012-02-10,44.33000183105469
2012-02-13,45.45000076293945
2012-02-14,44.25
2012-02-15,43.470001220703125
2012-02-16,43.630001068115234
2012-02-17,42.93000030517578
2012-02-23,43.86000061035156
2012-02-24,44.09000015258789
2012-02-27,43.619998931884766
2012-02-28,44.08000183105469
2012-02-29,43.54999923706055
2012-03-01,44.04999923706055
2012-03-02,44.45000076293945
2012-03-05,43.150001525878906
2012-03-06,41.060001373291016
2012-03-07,41.0
2012-03-08,41.150001525878906
2012-03-09,41.11000061035156
2012-03-12,40.619998931884766
2012-03-13,42.70000076293945
2012-03-14,42.29999923706055
2012-03-15,42.70000076293945
2012-03-16,42.970001220703125
2012-03-19,42.970001220703125
2012-03-20,42.61000061035156
2012-03-21,42.45000076293945
2012-03-22,41.56999969482422
2012-03-23,41.54999923706055
2012-03-26,42.11000061035156
2012-03-27,42.40999984741211
2012-03-28,41.599998474121094
2012-03-29,42.15999984741211
2012-03-30,42.900001525878906
2012-04-02,44.0099983215332
2012-04-03,43.02000045776367
2012-04-04,42.16999816894531
2012-04-05,42.060001373291016
2012-04-09,41.619998931884766
2012-04-10,41.2400016784668
2012-04-11,41.2400016784668
2012-04-12,43.86000061035156
2012-04-13,43.79999923706055
2012-04-16,42.15999984741211
2012-04-17,43.060001373291016
2012-04-18,43.5
2012-04-19,43.18000030517578
2012-04-20,43.08000183105469
2012-04-23,42.79999923706055
2012-04-24,42.900001525878906
2012-04-25,42.279998779296875
2012-04-26,42.900001525878906
2012-04-27,42.619998931884766
2012-04-30,42.599998474121094
2012-05-02,43.20000076293945
2012-05-03,42.7599983215332
2012-05-04,41.529998779296875
2012-05-07,41.5
2012-05-08,40.400001525878906
2012-05-09,40.29999923706055
2012-05-10,40.310001373291016
2012-05-11,39.099998474121094
2012-05-14,38.45000076293945
2012-05-15,38.15999984741211
2012-05-16,37.099998474121094
2012-05-17,35.83000183105469
2012-05-18,36.68000030517578
2012-05-21,37.849998474121094
2012-05-22,37.380001068115234
2012-05-23,37.68000030517578
2012-05-24,37.25
2012-05-25,36.54999923706055
2012-05-28,36.880001068115234
2012-05-29,37.5
2012-05-30,37.279998779296875
2012-05-31,37.59000015258789
2012-06-01,37.0
2012-06-04,36.91999816894531
2012-06-05,36.88999938964844
2012-06-06,37.959999084472656
2012-06-08,38.34000015258789
2012-06-11,37.86000061035156
2012-06-12,38.75
2012-06-13,38.79999923706055
2012-06-14,38.900001525878906
2012-06-15,39.52000045776367
2012-06-18,39.52000045776367
2012-06-19,40.810001373291016
2012-06-20,40.93000030517578
2012-06-21,39.79999923706055
2012-06-22,39.709999084472656
2012-06-25,38.95000076293945
2012-06-26,39.849998474121094
2012-06-27,39.689998626708984
2012-06-28,39.220001220703125
2012-06-29,40.130001068115234
2012-07-02,40.2400016784668
2012-07-03,41.0
2012-07-04,41.25
2012-07-05,41.77000045776367
2012-07-06,40.790000915527344
2012-07-10,39.599998474121094
2012-07-11,39.560001373291016
2012-07-12,39.38999938964844
2012-07-13,40.22999954223633
2012-07-16,39.599998474121094
2012-07-17,39.45000076293945
2012-07-18,39.5
2012-07-19,39.54999923706055
2012-07-20,38.59000015258789
2012-07-23,37.68000030517578
2012-07-24,35.84000015258789
2012-07-25,35.650001525878906
2012-07-26,36.09000015258789
2012-07-27,37.54999923706055
2012-07-30,37.52000045776367
2012-07-31,37.150001525878906
2012-08-01,37.38999938964844
2012-08-02,36.75
2012-08-03,37.29999923706055
2012-08-06,37.70000076293945
2012-08-07,37.63999938964844
2012-08-08,37.93000030517578
2012-08-09,38.29999923706055
2012-08-10,38.58000183105469
2012-08-13,38.61000061035156
2012-08-14,37.04999923706055
2012-08-15,36.29999923706055
2012-08-16,36.79999923706055
2012-08-17,35.650001525878906
2012-08-20,35.650001525878906
2012-08-21,36.09000015258789
2012-08-22,36.099998474121094
2012-08-23,34.70000076293945
2012-08-24,34.529998779296875
2012-08-27,34.0
2012-08-28,33.91999816894531
2012-08-29,32.90999984741211
2012-08-30,32.79999923706055
2012-08-31,33.779998779296875
2012-09-03,33.54999923706055
2012-09-04,32.45000076293945
2012-09-05,33.0
2012-09-06,34.52000045776367
2012-09-10,34.52000045776367
2012-09-11,36.79999923706055
2012-09-12,37.279998779296875
2012-09-13,38.22999954223633
2012-09-14,38.650001525878906
2012-09-17,39.189998626708984
2012-09-18,39.54999923706055
2012-09-19,39.099998474121094
2012-09-20,38.77000045776367
2012-09-21,37.79999923706055
2012-09-24,37.880001068115234
2012-09-25,36.81999969482422
2012-09-26,36.95000076293945
2012-09-27,36.880001068115234
2012-09-28,36.4900016784668
2012-10-01,36.33000183105469
2012-10-02,36.189998626708984
2012-10-03,35.70000076293945
2012-10-04,36.099998474121094
2012-10-05,35.90999984741211
2012-10-08,37.099998474121094
2012-10-09,37.29999923706055
2012-10-10,36.900001525878906
2012-10-11,37.400001525878906
2012-10-15,37.400001525878906
2012-10-16,38.11000061035156
2012-10-17,37.58000183105469
2012-10-18,37.400001525878906
2012-10-19,36.599998474121094
2012-10-22,36.599998474121094
2012-10-23,35.56999969482422
2012-10-24,35.31999969482422
2012-10-25,37.310001373291016
2012-10-26,37.029998779296875
2012-10-29,37.27000045776367
2012-10-30,37.45000076293945
2012-10-31,37.45000076293945
2012-11-01,38.38999938964844
2012-11-05,38.04999923706055
2012-11-06,38.22999954223633
2012-11-07,37.83000183105469
2012-11-08,36.97999954223633
2012-11-09,37.29999923706055
2012-11-12,37.0
2012-11-13,37.2599983215332
2012-11-14,36.59000015258789
2012-11-16,35.47999954223633
2012-11-19,35.95000076293945
2012-11-21,36.45000076293945
2012-11-22,36.290000915527344
2012-11-23,36.91999816894531
2012-11-26,36.61000061035156
2012-11-27,36.47999954223633
2012-11-28,35.869998931884766
2012-11-29,37.459999084472656
2012-11-30,37.599998474121094
2012-12-03,37.380001068115234
2012-12-04,36.70000076293945
2012-12-05,37.29999923706055
2012-12-06,37.04999923706055
2012-12-07,37.47999954223633
2012-12-10,38.150001525878906
2012-12-11,39.0
2012-12-12,39.400001525878906
2012-12-13,39.619998931884766
2012-12-14,41.20000076293945
2012-12-17,42.0
2012-12-18,42.81999969482422
2012-12-19,42.04999923706055
2012-12-20,42.25
2012-12-21,41.88999938964844
2012-12-26,42.16999816894531
2012-12-27,42.15999984741211
2012-12-28,42.279998779296875
2013-01-02,44.099998474121094
2013-01-03,43.349998474121094
2013-01-04,42.68000030517578
2013-01-07,41.84000015258789
2013-01-08,41.5099983215332
2013-01-09,41.70000076293945
2013-01-10,42.13999938964844
2013-01-11,41.27000045776367
2013-01-14,41.2599983215332
2013-01-15,41.15999984741211
2013-01-16,40.900001525878906
2013-01-17,40.97999954223633
2013-01-18,40.61000061035156
2013-01-21,40.58000183105469
2013-01-22,41.06999969482422
2013-01-23,40.849998474121094
2013-01-24,40.0
2013-01-28,38.790000915527344
2013-01-29,39.2400016784668
2013-01-30,38.75
2013-01-31,40.2599983215332
2013-02-01,40.849998474121094
2013-02-04,40.45000076293945
2013-02-05,39.70000076293945
2013-02-06,40.150001525878906
2013-02-07,39.029998779296875
2013-02-08,39.34000015258789
2013-02-13,39.11000061035156
2013-02-14,38.58000183105469
2013-02-15,38.29999923706055
2013-02-18,38.040000915527344
2013-02-19,37.650001525878906
2013-02-20,36.439998626708984
2013-02-21,36.70000076293945
2013-02-22,35.720001220703125
2013-02-25,35.880001068115234
2013-02-26,36.599998474121094
2013-02-27,37.0
2013-02-28,37.79999923706055
2013-03-01,36.75
2013-03-04,35.63999938964844
2013-03-05,35.45000076293945
2013-03-06,37.400001525878906
2013-03-07,37.380001068115234
2013-03-08,36.34000015258789
2013-03-11,36.66999816894531
2013-03-12,36.290000915527344
2013-03-13,34.86000061035156
2013-03-14,35.0
2013-03-15,34.72999954223633
2013-03-18,35.0
2013-03-19,33.58000183105469
2013-03-20,34.349998474121094
2013-03-21,34.63999938964844
2013-03-22,34.709999084472656
2013-03-25,34.25
2013-03-26,34.45000076293945
2013-03-27,35.130001068115234
2013-03-28,35.130001068115234
2013-04-01,34.0
2013-04-02,33.25
2013-04-03,35.349998474121094
2013-04-04,34.189998626708984
2013-04-05,34.560001373291016
2013-04-08,34.70000076293945
2013-04-09,36.189998626708984
2013-04-10,35.0
2013-04-11,34.13999938964844
2013-04-12,34.58000183105469
2013-04-15,32.459999084472656
2013-04-16,33.20000076293945
2013-04-17,32.459999084472656
2013-04-18,31.899999618530273
2013-04-19,32.099998474121094
2013-04-22,32.38999938964844
2013-04-23,33.400001525878906
2013-04-24,33.58000183105469
2013-04-25,34.11000061035156
2013-04-26,34.11000061035156
2013-04-29,33.599998474121094
2013-04-30,34.290000915527344
2013-05-02,33.4900016784668
2013-05-03,33.79999923706055
2013-05-06,33.83000183105469
2013-05-07,34.849998474121094
2013-05-08,34.959999084472656
2013-05-09,35.150001525878906
2013-05-10,34.2400016784668
2013-05-13,33.439998626708984
2013-05-14,32.790000915527344
2013-05-15,32.099998474121094
2013-05-16,31.350000381469727
2013-05-17,31.770000457763672
2013-05-20,32.88999938964844
2013-05-21,33.150001525878906
2013-05-22,32.619998931884766
2013-05-23,32.0099983215332
2013-05-24,31.700000762939453
2013-05-27,31.850000381469727
2013-05-28,31.299999237060547
2013-05-29,31.049999237060547
2013-05-31,30.450000762939453
2013-06-03,31.600000381469727
2013-06-04,32.0
2013-06-05,30.920000076293945
2013-06-06,31.280000686645508
2013-06-07,30.770000457763672
2013-06-10,30.459999084472656
2013-06-11,29.709999084472656
2013-06-12,29.389999389648438
2013-06-13,30.889999389648438
2013-06-14,30.079999923706055
2013-06-17,30.399999618530273
2013-06-18,31.030000686645508
2013-06-19,30.709999084472656
2013-06-20,30.950000762939453
2013-06-21,30.450000762939453
2013-06-24,28.889999389648438
2013-06-25,29.399999618530273
2013-06-26,28.450000762939453
2013-06-27,28.450000762939453
2013-06-28,28.90999984741211
2013-07-01,29.489999771118164
2013-07-02,28.5
2013-07-03,28.389999389648438
2013-07-04,29.469999313354492
2013-07-05,28.700000762939453
2013-07-08,28.3799991607666
2013-07-10,29.049999237060547
2013-07-11,30.479999542236328
2013-07-12,29.84000015258789
2013-07-15,30.1299991607666
2013-07-16,31.229999542236328
2013-07-17,31.84000015258789
2013-07-18,31.649999618530273
2013-07-19,30.93000030517578
2013-07-22,31.40999984741211
2013-07-23,32.02000045776367
2013-07-24,31.90999984741211
2013-07-25,32.2599983215332
2013-07-26,32.2599983215332
2013-07-29,31.84000015258789
2013-07-30,31.059999465942383
2013-07-31,31.020000457763672
2013-08-01,31.329999923706055
2013-08-02,31.25
2013-08-05,31.549999237060547
2013-08-06,31.309999465942383
2013-08-07,32.0
2013-08-08,33.18000030517578
2013-08-09,34.75
2013-08-12,35.5
2013-08-13,35.61000061035156
2013-08-14,35.779998779296875
2013-08-15,36.150001525878906
2013-08-16,36.599998474121094
2013-08-19,36.40999984741211
2013-08-20,35.380001068115234
2013-08-21,35.0099983215332
2013-08-22,36.2599983215332
2013-08-23,36.119998931884766
2013-08-26,35.900001525878906
2013-08-27,35.27000045776367
2013-08-28,34.84000015258789
2013-08-29,34.02000045776367
2013-08-30,34.34000015258789
2013-09-02,35.619998931884766
2013-09-03,35.849998474121094
2013-09-04,36.0
2013-09-05,35.9900016784668
2013-09-06,35.900001525878906
2013-09-09,36.95000076293945
2013-09-10,37.849998474121094
2013-09-11,37.13999938964844
2013-09-12,36.95000076293945
2013-09-13,36.5
2013-09-16,36.38999938964844
2013-09-17,36.4900016784668
2013-09-18,36.529998779296875
2013-09-19,36.380001068115234
2013-09-20,35.77000045776367
2013-09-23,36.0099983215332
2013-09-24,35.45000076293945
2013-09-25,35.75
2013-09-26,36.0
2013-09-27,35.15999984741211
2013-09-30,34.459999084472656
2013-10-01,34.5
2013-10-02,34.5099983215332
2013-10-03,34.040000915527344
2013-10-04,34.38999938964844
2013-10-07,34.09000015258789
2013-10-08,33.61000061035156
2013-10-09,33.20000076293945
2013-10-10,33.45000076293945
2013-10-11,33.77000045776367
2013-10-14,35.34000015258789
2013-10-15,35.630001068115234
2013-10-16,35.439998626708984
2013-10-17,36.22999954223633
2013-10-18,34.939998626708984
2013-10-21,35.380001068115234
2013-10-22,35.88999938964844
2013-10-23,35.04999923706055
2013-10-24,35.04999923706055
2013-10-25,35.06999969482422
2013-10-28,35.310001373291016
2013-10-29,35.13999938964844
2013-10-30,35.02000045776367
2013-10-31,35.75
2013-11-01,36.900001525878906
2013-11-04,37.900001525878906
2013-11-05,37.83000183105469
2013-11-06,38.470001220703125
2013-11-07,37.22999954223633
2013-11-08,36.75
2013-11-11,36.95000076293945
2013-11-12,35.790000915527344
2013-11-13,35.529998779296875
2013-11-14,35.880001068115234
2013-11-18,36.25
2013-11-19,35.599998474121094
2013-11-21,35.02000045776367
2013-11-22,35.33000183105469
2013-11-25,34.650001525878906
2013-11-26,33.540000915527344
2013-11-27,34.2400016784668
2013-11-28,35.20000076293945
2013-11-29,35.869998931884766
2013-12-02,35.40999984741211
2013-12-03,35.08000183105469
2013-12-04,35.45000076293945
2013-12-05,35.630001068115234
2013-12-06,35.560001373291016
2013-12-09,35.540000915527344
2013-12-10,35.41999816894531
2013-12-11,34.70000076293945
2013-12-12,34.54999923706055
2013-12-13,34.15999984741211
2013-12-16,34.38999938964844
2013-12-17,34.27000045776367
2013-12-18,34.369998931884766
2013-12-19,35.11000061035156
2013-12-20,34.45000076293945
2013-12-23,34.560001373291016
2013-12-26,34.709999084472656
2013-12-27,35.5
2013-12-30,35.709999084472656
2014-01-02,34.810001373291016
2014-01-03,34.060001373291016
2014-01-06,34.09000015258789
2014-01-07,33.25
2014-01-08,33.47999954223633
2014-01-09,32.290000915527344
2014-01-10,32.25
2014-01-13,32.040000915527344
2014-01-14,32.02000045776367
2014-01-15,32.45000076293945
2014-01-16,32.83000183105469
2014-01-17,32.4900016784668
2014-01-20,31.790000915527344
2014-01-21,31.079999923706055
2014-01-22,31.809999465942383
2014-01-23,30.93000030517578
2014-01-24,31.25
2014-01-27,31.1200008392334
2014-01-28,31.75
2014-01-29,33.099998474121094
2014-01-30,32.5
2014-01-31,33.04999923706055
2014-02-03,32.130001068115234
2014-02-04,32.66999816894531
2014-02-05,33.5
2014-02-06,34.2599983215332
2014-02-07,34.04999923706055
2014-02-10,33.63999938964844
2014-02-11,34.4900016784668
2014-02-12,34.459999084472656
2014-02-13,34.31999969482422
2014-02-14,34.84000015258789
2014-02-17,34.4900016784668
2014-02-18,34.56999969482422
2014-02-19,34.91999816894531
2014-02-20,34.52000045776367
2014-02-21,34.61000061035156
2014-02-24,33.66999816894531
2014-02-25,32.5099983215332
2014-02-26,32.52000045776367
2014-02-27,33.0099983215332
2014-02-28,33.0
2014-03-05,31.850000381469727
2014-03-06,31.75
2014-03-07,30.549999237060547
2014-03-10,30.040000915527344
2014-03-11,29.549999237060547
2014-03-12,30.110000610351562
2014-03-13,29.299999237060547
2014-03-14,29.260000228881836
2014-03-17,29.309999465942383
2014-03-18,29.809999465942383
2014-03-19,29.610000610351562
2014-03-20,29.8799991607666
2014-03-21,30.43000030517578
2014-03-24,30.579999923706055
2014-03-25,30.81999969482422
2014-03-26,30.469999313354492
2014-03-27,31.110000610351562
2014-03-28,31.010000228881836
2014-03-31,31.420000076293945
2014-04-01,31.360000610351562
2014-04-02,32.529998779296875
2014-04-03,32.90999984741211
2014-04-04,32.47999954223633
2014-04-07,33.34000015258789
2014-04-08,33.2599983215332
2014-04-09,32.97999954223633
2014-04-10,32.79999923706055
2014-04-11,32.970001220703125
2014-04-14,32.7599983215332
2014-04-15,30.940000534057617
2014-04-16,31.079999923706055
2014-04-17,31.649999618530273
2014-04-22,30.709999084472656
2014-04-23,30.290000915527344
2014-04-24,30.790000915527344
2014-04-25,30.31999969482422
2014-04-28,29.59000015258789
2014-04-29,29.780000686645508
2014-04-30,29.549999237060547
2014-05-02,30.200000762939453
2014-05-05,30.110000610351562
2014-05-06,29.81999969482422
2014-05-07,29.969999313354492
2014-05-08,29.469999313354492
2014-05-09,29.219999313354492
2014-05-12,30.600000381469727
2014-05-13,30.649999618530273
2014-05-14,31.389999389648438
2014-05-15,31.100000381469727
2014-05-16,30.399999618530273
2014-05-19,29.469999313354492
2014-05-20,28.860000610351562
2014-05-21,28.889999389648438
2014-05-22,29.34000015258789
2014-05-23,29.260000228881836
2014-05-26,29.600000381469727
2014-05-27,29.09000015258789
2014-05-28,29.09000015258789
2014-05-29,29.34000015258789
2014-05-30,28.459999084472656
2014-06-02,29.139999389648438
2014-06-03,28.850000381469727
2014-06-04,28.920000076293945
2014-06-05,28.780000686645508
2014-06-06,29.3700008392334
2014-06-09,29.6299991607666
2014-06-10,29.440000534057617
2014-06-11,29.639999389648438
2014-06-13,28.600000381469727
2014-06-16,28.420000076293945
2014-06-17,28.450000762939453
2014-06-18,28.850000381469727
2014-06-20,28.770000457763672
2014-06-23,29.110000610351562
2014-06-24,28.709999084472656
2014-06-25,28.65999984741211
2014-06-26,29.34000015258789
2014-06-27,29.059999465942383
2014-06-30,29.239999771118164
2014-07-01,29.649999618530273
2014-07-02,30.440000534057617
2014-07-03,31.040000915527344
2014-07-04,31.219999313354492
2014-07-07,30.799999237060547
2014-07-08,30.809999465942383
2014-07-10,30.799999237060547
2014-07-11,30.709999084472656
2014-07-14,30.860000610351562
2014-07-15,31.059999465942383
2014-07-16,31.920000076293945
2014-07-17,31.479999542236328
2014-07-18,31.450000762939453
2014-07-21,31.559999465942383
2014-07-22,31.8700008392334
2014-07-23,31.729999542236328
2014-07-24,32.34000015258789
2014-07-25,32.380001068115234
2014-07-28,32.81999969482422
2014-07-29,32.91999816894531
2014-07-30,32.220001220703125
2014-07-31,32.54999923706055
2014-08-01,31.770000457763672
2014-08-04,32.13999938964844
2014-08-05,31.6200008392334
2014-08-06,31.799999237060547
2014-08-07,31.600000381469727
2014-08-08,31.610000610351562
2014-08-11,31.84000015258789
2014-08-12,32.0099983215332
2014-08-13,31.34000015258789
2014-08-14,30.59000015258789
2014-08-15,31.0
2014-08-18,31.239999771118164
2014-08-19,31.25
2014-08-20,31.770000457763672
2014-08-21,31.559999465942383
2014-08-22,31.3700008392334
2014-08-25,31.170000076293945
2014-08-26,31.020000457763672
2014-08-27,30.68000030517578
2014-08-28,29.329999923706055
2014-08-29,29.200000762939453
2014-09-01,28.950000762939453
2014-09-02,28.75
2014-09-03,29.0
2014-09-04,28.68000030517578
2014-09-05,28.25
2014-09-08,28.100000381469727
2014-09-09,28.610000610351562
2014-09-10,28.399999618530273
2014-09-11,28.360000610351562
2014-09-12,28.6200008392334
2014-09-15,29.110000610351562
2014-09-16,29.149999618530273
2014-09-17,29.059999465942383
2014-09-18,29.09000015258789
2014-09-19,28.31999969482422
2014-09-22,27.280000686645508
2014-09-23,27.549999237060547
2014-09-24,27.639999389648438
2014-09-25,27.350000381469727
2014-09-26,26.969999313354492
2014-09-29,26.540000915527344
2014-09-30,26.850000381469727
2014-10-01,26.829999923706055
2014-10-02,27.610000610351562
2014-10-03,27.200000762939453
2014-10-06,27.34000015258789
2014-10-07,27.399999618530273
2014-10-08,27.3700008392334
2014-10-09,26.899999618530273
2014-10-10,26.399999618530273
2014-10-13,27.489999771118164
2014-10-14,28.309999465942383
2014-10-15,28.299999237060547
2014-10-16,27.3799991607666
2014-10-17,26.6200008392334
2014-10-20,26.489999771118164
2014-10-21,26.719999313354492
2014-10-22,26.760000228881836
2014-10-23,27.25
2014-10-24,27.450000762939453
2014-10-27,26.459999084472656
2014-10-28,26.139999389648438
2014-10-29,24.760000228881836
2014-10-30,23.700000762939453
2014-10-31,25.0
2014-11-03,24.899999618530273
2014-11-04,24.110000610351562
2014-11-05,24.0
2014-11-06,23.649999618530273
2014-11-07,24.020000457763672
2014-11-10,23.299999237060547
2014-11-11,22.56999969482422
2014-11-12,22.520000457763672
2014-11-13,22.459999084472656
2014-11-14,23.0
2014-11-17,22.93000030517578
2014-11-18,22.030000686645508
2014-11-19,22.15999984741211
2014-11-21,23.59000015258789
2014-11-24,23.700000762939453
2014-11-25,23.959999084472656
2014-11-26,23.040000915527344
2014-11-27,22.979999542236328
2014-11-28,23.290000915527344
2014-12-01,22.1299991607666
2014-12-02,21.469999313354492
2014-12-03,21.950000762939453
2014-12-04,21.670000076293945
2014-12-05,21.8799991607666
2014-12-08,21.18000030517578
2014-12-09,20.700000762939453
2014-12-10,19.93000030517578
2014-12-11,19.3700008392334
2014-12-12,18.90999984741211
2014-12-15,18.690000534057617
2014-12-16,19.350000381469727
2014-12-17,19.709999084472656
2014-12-18,19.959999084472656
2014-12-19,21.56999969482422
2014-12-22,21.3700008392334
2014-12-23,22.219999313354492
2014-12-26,21.68000030517578
2014-12-29,22.110000610351562
2014-12-30,21.90999984741211
2015-01-02,21.280000686645508
2015-01-05,20.959999084472656
2015-01-06,21.799999237060547
2015-01-07,22.600000381469727
2015-01-08,22.84000015258789
2015-01-09,22.350000381469727
2015-01-12,22.639999389648438
2015-01-13,22.510000228881836
2015-01-14,20.700000762939453
2015-01-15,20.940000534057617
2015-01-16,21.8799991607666
2015-01-19,21.649999618530273
2015-01-20,21.739999771118164
2015-01-21,22.079999923706055
2015-01-22,21.90999984741211
2015-01-23,20.520000457763672
2015-01-26,19.579999923706055
2015-01-27,19.0
2015-01-28,18.889999389648438
2015-01-29,18.049999237060547
2015-01-30,18.610000610351562
2015-02-02,19.739999771118164
2015-02-03,20.8700008392334
2015-02-04,20.549999237060547
2015-02-05,20.450000762939453
2015-02-06,20.420000076293945
2015-02-09,21.59000015258789
2015-02-10,20.399999618530273
2015-02-11,21.100000381469727
2015-02-12,21.579999923706055
2015-02-13,22.479999542236328
2015-02-18,22.709999084472656
2015-02-19,22.100000381469727
2015-02-20,22.6200008392334
2015-02-23,21.6200008392334
2015-02-24,22.040000915527344
2015-02-25,22.139999389648438
2015-02-26,21.25
2015-02-27,21.25
2015-03-02,20.559999465942383
2015-03-03,20.790000915527344
2015-03-04,20.389999389648438
2015-03-05,19.5
2015-03-06,19.59000015258789
2015-03-09,19.540000915527344
2015-03-10,19.100000381469727
2015-03-11,18.860000610351562
2015-03-12,18.860000610351562
2015-03-13,18.8799991607666
2015-03-16,18.899999618530273
2015-03-17,19.8799991607666
2015-03-18,19.59000015258789
2015-03-19,19.149999618530273
2015-03-20,20.25
2015-03-23,20.3799991607666
2015-03-24,19.579999923706055
2015-03-25,19.760000228881836
2015-03-26,18.920000076293945
2015-03-27,18.350000381469727
2015-03-30,18.6200008392334
2015-03-31,17.940000534057617
2015-04-01,17.540000915527344
2015-04-02,18.0
2015-04-06,18.1299991607666
2015-04-07,19.0
2015-04-08,18.75
2015-04-09,18.799999237060547
2015-04-10,18.420000076293945
2015-04-13,18.239999771118164
2015-04-14,18.75
2015-04-15,18.600000381469727
2015-04-16,18.059999465942383
2015-04-17,17.799999237060547
2015-04-20,17.729999542236328
2015-04-22,19.450000762939453
2015-04-23,21.09000015258789
2015-04-24,23.200000762939453
2015-04-27,23.459999084472656
2015-04-28,22.549999237060547
2015-04-29,21.110000610351562
2015-04-30,22.649999618530273
2015-05-04,24.780000686645508
2015-05-05,27.059999465942383
2015-05-06,24.93000030517578
2015-05-07,23.8799991607666
2015-05-08,22.75
2015-05-11,23.280000686645508
2015-05-12,22.329999923706055
2015-05-13,21.600000381469727
2015-05-14,21.329999923706055
2015-05-15,21.280000686645508
2015-05-18,20.239999771118164
2015-05-19,20.1200008392334
2015-05-20,19.850000381469727
2015-05-21,20.25
2015-05-22,20.260000228881836
2015-05-25,20.56999969482422
2015-05-26,20.790000915527344
2015-05-27,20.950000762939453
2015-05-28,20.540000915527344
2015-05-29,20.049999237060547
2015-06-01,20.040000915527344
2015-06-02,21.350000381469727
2015-06-03,20.889999389648438
2015-06-05,20.600000381469727
2015-06-08,20.100000381469727
2015-06-09,19.979999542236328
2015-06-10,21.209999084472656
2015-06-11,21.329999923706055
2015-06-12,21.15999984741211
2015-06-15,20.34000015258789
2015-06-16,19.75
2015-06-17,19.469999313354492
2015-06-18,20.399999618530273
2015-06-19,20.31999969482422
2015-06-22,19.690000534057617
2015-06-23,19.809999465942383
2015-06-24,19.799999237060547
2015-06-25,19.31999969482422
2015-06-26,19.6200008392334
2015-06-29,19.200000762939453
2015-06-30,18.290000915527344
2015-07-01,18.110000610351562
2015-07-02,18.06999969482422
2015-07-03,17.68000030517578
2015-07-06,17.649999618530273
2015-07-07,17.93000030517578
2015-07-08,17.15999984741211
2015-07-10,17.110000610351562
2015-07-13,18.5
2015-07-14,17.81999969482422
2015-07-15,17.110000610351562
2015-07-16,17.639999389648438
2015-07-17,17.450000762939453
2015-07-20,17.309999465942383
2015-07-21,17.549999237060547
2015-07-22,17.290000915527344
2015-07-23,17.31999969482422
2015-07-24,16.790000915527344
2015-07-27,16.760000228881836
2015-07-28,18.09000015258789
2015-07-29,18.350000381469727
2015-07-30,17.450000762939453
2015-07-31,17.8700008392334
2015-08-03,17.59000015258789
2015-08-04,18.100000381469727
2015-08-05,19.010000228881836
2015-08-06,19.579999923706055
2015-08-07,18.420000076293945
2015-08-10,19.350000381469727
2015-08-11,18.600000381469727
2015-08-12,18.920000076293945
2015-08-13,18.479999542236328
2015-08-14,18.200000762939453
2015-08-17,18.010000228881836
2015-08-18,17.420000076293945
2015-08-19,16.84000015258789
2015-08-20,17.170000076293945
2015-08-21,16.700000762939453
2015-08-24,15.399999618530273
2015-08-25,15.350000381469727
2015-08-26,15.899999618530273
2015-08-27,17.690000534057617
2015-08-28,17.309999465942383
2015-08-31,17.920000076293945
2015-09-01,17.100000381469727
2015-09-02,18.110000610351562
2015-09-03,18.729999542236328
2015-09-04,18.239999771118164
2015-09-08,18.93000030517578
2015-09-09,19.059999465942383
2015-09-10,19.940000534057617
2015-09-11,19.450000762939453
2015-09-14,19.149999618530273
2015-09-15,18.600000381469727
2015-09-16,19.040000915527344
2015-09-17,19.489999771118164
2015-09-18,19.90999984741211
2015-09-21,19.93000030517578
2015-09-22,19.459999084472656
2015-09-23,18.899999618530273
2015-09-24,18.450000762939453
2015-09-25,17.93000030517578
2015-09-28,16.59000015258789
2015-09-29,16.479999542236328
2015-09-30,16.579999923706055
2015-10-01,17.219999313354492
2015-10-02,17.81999969482422
2015-10-05,18.139999389648438
2015-10-06,18.309999465942383
2015-10-07,20.149999618530273
2015-10-08,20.059999465942383
2015-10-09,20.790000915527344
2015-10-13,18.579999923706055
2015-10-14,18.700000762939453
2015-10-15,18.969999313354492
2015-10-16,18.420000076293945
2015-10-19,17.799999237060547
2015-10-20,17.610000610351562
2015-10-21,18.09000015258789
2015-10-22,18.510000228881836
2015-10-23,18.600000381469727
2015-10-26,17.860000610351562
2015-10-27,17.030000686645508
2015-10-28,16.56999969482422
2015-10-29,16.139999389648438
2015-10-30,17.059999465942383
2015-11-03,17.75
2015-11-04,17.399999618530273
2015-11-05,16.950000762939453
2015-11-06,15.670000076293945
2015-11-09,15.4399995803833
2015-11-10,15.380000114440918
2015-11-11,15.319999694824219
2015-11-12,15.050000190734863
2015-11-13,15.369999885559082
2015-11-16,15.050000190734863
2015-11-17,14.520000457763672
2015-11-18,14.59000015258789
2015-11-19,14.640000343322754
2015-11-23,14.25
2015-11-24,14.470000267028809
2015-11-25,14.0600004196167
2015-11-26,14.1899995803833
2015-11-27,13.300000190734863
2015-11-30,13.170000076293945
2015-12-01,12.84000015258789
2015-12-02,12.9399995803833
2015-12-03,12.869999885559082
2015-12-04,12.350000381469727
2015-12-07,12.210000038146973
2015-12-08,11.649999618530273
2015-12-09,12.079999923706055
2015-12-10,12.670000076293945
2015-12-11,12.210000038146973
2015-12-14,12.460000038146973
2015-12-15,12.880000114440918
2015-12-16,13.25
2015-12-17,12.739999771118164
2015-12-18,12.890000343322754
2015-12-21,12.289999961853027
2015-12-22,12.550000190734863
2015-12-23,13.220000267028809
2015-12-28,12.640000343322754
2015-12-29,12.720000267028809
2015-12-30,13.029999732971191
2016-01-04,12.6899995803833
2016-01-05,12.520000457763672
2016-01-06,11.600000381469727
2016-01-07,10.90999984741211
2016-01-08,10.539999961853027
2016-01-11,10.239999771118164
2016-01-12,9.40999984741211
2016-01-13,9.0
2016-01-14,9.649999618530273
2016-01-15,9.369999885559082
2016-01-18,8.890000343322754
2016-01-19,9.180000305175781
2016-01-20,9.210000038146973
2016-01-21,9.140000343322754
2016-01-22,9.029999732971191
2016-01-26,8.949999809265137
2016-01-27,9.40999984741211
2016-01-28,9.329999923706055
2016-01-29,9.720000267028809
2016-02-01,9.5
2016-02-02,8.600000381469727
2016-02-03,9.010000228881836
2016-02-04,10.34000015258789
2016-02-05,10.229999542236328
2016-02-10,10.199999809265137
2016-02-11,9.869999885559082
2016-02-12,10.25
2016-02-15,10.510000228881836
2016-02-16,11.289999961853027
2016-02-17,11.90999984741211
2016-02-18,11.510000228881836
2016-02-19,11.829999923706055
2016-02-22,13.140000343322754
2016-02-23,12.380000114440918
2016-02-24,11.710000038146973
2016-02-25,11.020000457763672
2016-02-26,11.0
2016-02-29,11.8100004196167
2016-03-01,12.8100004196167
2016-03-02,14.220000267028809
2016-03-03,15.619999885559082
2016-03-04,16.549999237060547
2016-03-07,17.579999923706055
2016-03-08,15.029999732971191
2016-03-09,14.5
2016-03-10,14.0
2016-03-11,13.869999885559082
2016-03-14,13.4399995803833
2016-03-15,13.479999542236328
2016-03-16,14.819999694824219
2016-03-17,15.5
2016-03-18,15.329999923706055
2016-03-21,15.149999618530273
2016-03-22,15.430000305175781
2016-03-23,14.119999885559082
2016-03-24,15.050000190734863
2016-03-28,15.170000076293945
2016-03-29,15.09000015258789
2016-03-30,15.539999961853027
2016-03-31,15.149999618530273
2016-04-01,15.510000228881836
2016-04-04,14.789999961853027
2016-04-05,15.289999961853027
2016-04-06,15.069999694824219
2016-04-07,15.010000228881836
2016-04-08,16.239999771118164
2016-04-11,16.969999313354492
2016-04-12,18.739999771118164
2016-04-13,19.56999969482422
2016-04-14,18.200000762939453
2016-04-15,18.600000381469727
2016-04-18,19.049999237060547
2016-04-19,20.459999084472656
2016-04-20,21.760000228881836
2016-04-22,19.329999923706055
2016-04-25,18.059999465942383
2016-04-26,18.690000534057617
2016-04-27,19.450000762939453
2016-04-28,19.790000915527344
2016-04-29,19.690000534057617
2016-05-02,19.8700008392334
2016-05-03,18.65999984741211
2016-05-04,17.399999618530273
2016-05-05,16.65999984741211
2016-05-06,16.8799991607666
2016-05-09,15.229999542236328
2016-05-10,15.869999885559082
2016-05-11,15.9399995803833
2016-05-12,15.4399995803833
2016-05-13,14.680000305175781
2016-05-16,14.930000305175781
2016-05-17,15.130000114440918
2016-05-18,14.710000038146973
2016-05-19,14.890000343322754
2016-05-20,14.130000114440918
2016-05-23,14.4399995803833
2016-05-24,14.020000457763672
2016-05-25,14.619999885559082
2016-05-27,14.289999961853027
2016-05-30,14.279999732971191
2016-05-31,14.220000267028809
2016-06-01,14.430000305175781
2016-06-02,14.949999809265137
2016-06-03,16.239999771118164
2016-06-06,16.889999389648438
2016-06-07,16.56999969482422
2016-06-08,17.0
2016-06-09,15.699999809265137
2016-06-10,14.949999809265137
2016-06-13,15.199999809265137
2016-06-14,14.630000114440918
2016-06-15,15.0
2016-06-16,15.229999542236328
2016-06-17,15.279999732971191
2016-06-20,15.569999694824219
2016-06-21,15.600000381469727
2016-06-22,15.850000381469727
2016-06-23,16.59000015258789
2016-06-24,15.210000038146973
2016-06-27,14.800000190734863
2016-06-28,15.460000038146973
2016-06-29,15.710000038146973
2016-06-30,16.270000457763672
2016-07-01,16.6200008392334
2016-07-04,16.969999313354492
2016-07-05,16.059999465942383
2016-07-06,16.290000915527344
2016-07-07,16.020000457763672
2016-07-08,16.190000534057617
2016-07-11,16.860000610351562
2016-07-12,17.690000534057617
2016-07-13,17.81999969482422
2016-07-14,17.350000381469727
2016-07-15,17.34000015258789
2016-07-18,17.579999923706055
2016-07-19,16.84000015258789
2016-07-20,16.510000228881836
2016-07-21,17.399999618530273
2016-07-22,17.149999618530273
2016-07-25,17.420000076293945
2016-07-26,18.420000076293945
2016-07-27,18.920000076293945
2016-07-28,19.040000915527344
2016-07-29,18.5
2016-08-01,17.899999618530273
2016-08-02,17.989999771118164
2016-08-03,18.81999969482422
2016-08-04,18.760000228881836
2016-08-05,18.969999313354492
2016-08-08,18.979999542236328
2016-08-09,18.989999771118164
2016-08-10,18.09000015258789
2016-08-11,18.40999984741211
2016-08-12,17.959999084472656
2016-08-15,18.43000030517578
2016-08-16,18.979999542236328
2016-08-17,19.1200008392334
2016-08-18,18.920000076293945
2016-08-19,19.079999923706055
2016-08-22,18.3799991607666
2016-08-23,18.75
2016-08-24,18.149999618530273
2016-08-25,18.18000030517578
2016-08-26,17.709999084472656
2016-08-29,18.100000381469727
2016-08-30,17.649999618530273
2016-08-31,16.940000534057617
2016-09-01,17.440000534057617
2016-09-02,18.239999771118164
2016-09-05,17.899999618530273
2016-09-06,18.270000457763672
2016-09-08,17.790000915527344
2016-09-09,16.860000610351562
2016-09-12,17.489999771118164
2016-09-13,16.270000457763672
2016-09-14,16.639999389648438
2016-09-15,16.639999389648438
2016-09-16,16.40999984741211
2016-09-19,16.65999984741211
2016-09-20,16.700000762939453
2016-09-21,17.649999618530273
2016-09-22,17.549999237060547
2016-09-23,17.649999618530273
2016-09-26,17.440000534057617
2016-09-27,17.600000381469727
2016-09-28,18.190000534057617
2016-09-29,17.989999771118164
2016-09-30,17.809999465942383
2016-10-03,18.100000381469727
2016-10-04,17.649999618530273
2016-10-05,17.860000610351562
2016-10-06,17.799999237060547
2016-10-07,18.0
2016-10-10,19.049999237060547
2016-10-11,18.600000381469727
2016-10-13,17.75
2016-10-14,18.020000457763672
2016-10-17,18.239999771118164
2016-10-18,18.770000457763672
2016-10-19,18.6200008392334
2016-10-20,19.100000381469727
2016-10-21,19.90999984741211
2016-10-24,20.299999237060547
2016-10-25,21.350000381469727
2016-10-26,21.770000457763672
2016-10-27,22.0
2016-10-28,22.139999389648438
2016-10-31,22.079999923706055
2016-11-01,22.299999237060547
2016-11-03,21.959999084472656
2016-11-04,21.610000610351562
2016-11-07,23.1299991607666
2016-11-08,23.969999313354492
2016-11-09,25.0
2016-11-10,26.8700008392334
2016-11-11,25.979999542236328
2016-11-14,26.459999084472656
2016-11-16,25.149999618530273
2016-11-17,24.739999771118164
2016-11-18,24.56999969482422
2016-11-21,25.829999923706055
2016-11-22,27.770000457763672
2016-11-23,28.170000076293945
2016-11-24,27.59000015258789
2016-11-25,28.899999618530273
2016-11-28,31.010000228881836
2016-11-29,29.18000030517578
2016-11-30,28.059999465942383
2016-12-01,28.469999313354492
2016-12-02,29.489999771118164
2016-12-05,29.600000381469727
2016-12-06,30.0
2016-12-07,31.030000686645508
2016-12-08,30.1299991607666
2016-12-09,29.610000610351562
2016-12-12,29.489999771118164
2016-12-13,28.329999923706055
2016-12-14,27.8799991607666
2016-12-15,28.229999542236328
2016-12-16,27.75
2016-12-19,26.049999237060547
2016-12-20,26.579999923706055
2016-12-21,26.479999542236328
2016-12-22,25.3799991607666
2016-12-23,25.190000534057617
2016-12-26,25.989999771118164
2016-12-27,25.860000610351562
2016-12-28,26.68000030517578
2016-12-29,25.68000030517578
2017-01-02,25.059999465942383
2017-01-03,26.170000076293945
2017-01-04,25.700000762939453
2017-01-05,26.68000030517578
2017-01-06,25.969999313354492
2017-01-09,26.5
2017-01-10,28.540000915527344
2017-01-11,29.1299991607666
2017-01-12,30.06999969482422
2017-01-13,30.979999542236328
2017-01-16,31.81999969482422
2017-01-17,30.56999969482422
2017-01-18,32.11000061035156
2017-01-19,31.469999313354492
2017-01-20,32.099998474121094
2017-01-23,33.310001373291016
2017-01-24,34.130001068115234
2017-01-26,33.599998474121094
2017-01-27,33.70000076293945
2017-01-30,32.25
2017-01-31,32.18000030517578
2017-02-01,32.88999938964844
2017-02-02,32.65999984741211
2017-02-03,30.610000610351562
2017-02-06,29.920000076293945
2017-02-07,30.239999771118164
2017-02-08,30.59000015258789
2017-02-09,31.079999923706055
2017-02-10,32.79999923706055
2017-02-13,35.810001373291016
2017-02-14,34.400001525878906
2017-02-15,33.81999969482422
2017-02-16,33.77000045776367
2017-02-17,34.06999969482422
2017-02-20,36.43000030517578
2017-02-21,35.540000915527344
2017-02-22,34.689998626708984
2017-02-23,33.16999816894531
2017-02-24,32.720001220703125
2017-03-01,33.16999816894531
2017-03-02,31.459999084472656
2017-03-03,31.81999969482422
2017-03-06,31.100000381469727
2017-03-07,30.920000076293945
2017-03-08,30.1200008392334
2017-03-09,30.18000030517578
2017-03-10,29.649999618530273
2017-03-13,31.010000228881836
2017-03-14,31.170000076293945
2017-03-15,33.31999969482422
2017-03-16,32.529998779296875
2017-03-17,31.299999237060547
2017-03-20,31.6299991607666
2017-03-21,29.040000915527344
2017-03-22,29.399999618530273
2017-03-23,29.239999771118164
2017-03-24,29.0
2017-03-27,29.389999389648438
2017-03-28,29.809999465942383
2017-03-29,30.110000610351562
2017-03-30,30.100000381469727
2017-03-31,29.790000915527344
2017-04-03,29.510000228881836
2017-04-04,30.649999618530273
2017-04-05,29.450000762939453
2017-04-06,28.90999984741211
2017-04-07,29.149999618530273
2017-04-10,29.030000686645508
2017-04-11,28.65999984741211
2017-04-12,27.420000076293945
2017-04-13,27.420000076293945
2017-04-17,27.43000030517578
2017-04-18,26.610000610351562
2017-04-19,26.670000076293945
2017-04-20,28.049999237060547
2017-04-24,27.450000762939453
2017-04-25,28.350000381469727
2017-04-26,27.729999542236328
2017-04-27,26.829999923706055
2017-04-28,27.469999313354492
2017-05-02,28.059999465942383
2017-05-03,26.31999969482422
2017-05-04,25.350000381469727
2017-05-05,26.049999237060547
2017-05-08,26.030000686645508
2017-05-09,26.5
2017-05-10,26.559999465942383
2017-05-11,26.31999969482422
2017-05-12,25.90999984741211
2017-05-15,26.649999618530273
2017-05-16,27.260000228881836
2017-05-17,26.84000015258789
2017-05-18,26.860000610351562
2017-05-19,27.25
2017-05-22,27.920000076293945
2017-05-23,28.260000228881836
2017-05-24,27.520000457763672
2017-05-25,27.700000762939453
2017-05-26,27.860000610351562
2017-05-29,27.860000610351562
2017-05-30,28.600000381469727
2017-05-31,27.170000076293945
2017-06-01,26.670000076293945
2017-06-02,26.780000686645508
2017-06-05,26.489999771118164
2017-06-06,26.579999923706055
2017-06-07,26.450000762939453
2017-06-08,27.020000457763672
2017-06-09,27.299999237060547
2017-06-12,26.84000015258789
2017-06-13,26.3700008392334
2017-06-14,26.100000381469727
2017-06-15,26.100000381469727
2017-06-16,25.559999465942383
2017-06-19,26.389999389648438
2017-06-20,25.709999084472656
2017-06-21,26.469999313354492
2017-06-22,27.020000457763672
2017-06-23,27.239999771118164
2017-06-26,27.469999313354492
2017-06-27,27.920000076293945
2017-06-28,28.790000915527344
2017-06-29,28.899999618530273
2017-06-30,29.0
2017-07-03,29.649999618530273
2017-07-04,29.6200008392334
2017-07-05,28.93000030517578
2017-07-06,28.920000076293945
2017-07-07,28.889999389648438
2017-07-10,29.709999084472656
2017-07-11,30.040000915527344
2017-07-12,29.899999618530273
2017-07-13,29.18000030517578
2017-07-14,29.520000457763672
2017-07-17,29.719999313354492
2017-07-18,29.899999618530273
2017-07-19,29.899999618530273
2017-07-20,28.719999313354492
2017-07-21,28.5
2017-07-24,29.1299991607666
2017-07-25,30.610000610351562
2017-07-26,29.65999984741211
2017-07-27,29.700000762939453
2017-07-28,30.34000015258789
2017-07-31,31.299999237060547
2017-08-01,31.059999465942383
2017-08-02,31.110000610351562
2017-08-03,30.68000030517578
2017-08-04,31.229999542236328
2017-08-07,32.41999816894531
2017-08-08,32.04999923706055
2017-08-09,31.920000076293945
2017-08-10,31.5
2017-08-11,30.799999237060547
2017-08-14,31.299999237060547
2017-08-15,31.1200008392334
2017-08-16,31.729999542236328
2017-08-17,31.200000762939453
2017-08-18,31.549999237060547
2017-08-21,31.75
2017-08-22,31.860000610351562
2017-08-23,32.540000915527344
2017-08-24,33.880001068115234
2017-08-25,33.83000183105469
2017-08-28,34.36000061035156
2017-08-29,34.439998626708984
2017-08-30,34.34000015258789
2017-08-31,35.08000183105469
2017-09-01,35.66999816894531
2017-09-04,36.099998474121094
2017-09-05,35.599998474121094
2017-09-06,35.79999923706055
2017-09-07,35.79999923706055
2017-09-08,34.47999954223633
2017-09-11,35.09000015258789
2017-09-12,35.2599983215332
2017-09-13,34.77000045776367
2017-09-14,33.619998931884766
2017-09-15,33.79999923706055
2017-09-18,34.25
2017-09-19,33.91999816894531
2017-09-20,33.16999816894531
2017-09-21,32.5099983215332
2017-09-22,31.90999984741211
2017-09-25,31.09000015258789
2017-09-26,31.5
2017-09-27,31.93000030517578
2017-09-28,31.75
2017-09-29,31.8700008392334
2017-10-02,31.899999618530273
2017-10-03,32.68000030517578
2017-10-04,32.61000061035156
2017-10-05,32.27000045776367
2017-10-06,32.13999938964844
2017-10-09,31.5
2017-10-10,31.31999969482422
2017-10-11,31.100000381469727
2017-10-12,31.100000381469727
2017-10-13,32.90999984741211
2017-10-16,33.349998474121094
2017-10-17,32.58000183105469
2017-10-18,32.27000045776367
2017-10-19,33.0
2017-10-20,32.95000076293945
2017-10-23,32.709999084472656
2017-10-24,33.83000183105469
2017-10-25,33.54999923706055
2017-10-26,32.66999816894531
2017-10-27,32.54999923706055
2017-10-30,32.349998474121094
2017-10-31,32.099998474121094
2017-11-01,32.81999969482422
2017-11-02,32.81999969482422
2017-11-03,33.540000915527344
2017-11-06,34.34000015258789
2017-11-07,33.52000045776367
2017-11-08,33.939998626708984
2017-11-09,32.79999923706055
2017-11-10,32.77000045776367
2017-11-13,33.13999938964844
2017-11-14,32.15999984741211
2017-11-15,32.15999984741211
2017-11-16,32.599998474121094
2017-11-17,32.91999816894531
2017-11-20,32.91999816894531
2017-11-21,34.04999923706055
2017-11-22,34.7400016784668
2017-11-23,35.20000076293945
2017-11-24,35.790000915527344
2017-11-27,35.40999984741211
2017-11-28,36.25
2017-11-29,35.70000076293945
2017-11-30,35.13999938964844
2017-12-01,35.47999954223633
2017-12-04,36.83000183105469
2017-12-05,36.02000045776367
2017-12-06,35.7599983215332
2017-12-07,35.34000015258789
2017-12-08,35.47999954223633
2017-12-11,35.7599983215332
2017-12-12,36.18000030517578
2017-12-13,36.11000061035156
2017-12-14,36.2400016784668
2017-12-15,36.88999938964844
2017-12-18,37.84000015258789
2017-12-19,37.849998474121094
2017-12-20,39.150001525878906
2017-12-21,39.72999954223633
2017-12-22,39.790000915527344
2017-12-25,39.790000915527344
2017-12-26,39.849998474121094
2017-12-27,39.86000061035156
2017-12-28,40.2599983215332
2017-12-29,40.2599983215332
2018-01-02,41.720001220703125
2018-01-03,41.470001220703125
2018-01-04,41.63999938964844
2018-01-05,42.290000915527344
2018-01-08,43.22999954223633
2018-01-09,43.06999969482422
2018-01-10,42.470001220703125
2018-01-11,43.29999923706055
2018-01-12,43.54999923706055
2018-01-15,43.470001220703125
2018-01-16,42.29999923706055
2018-01-17,43.150001525878906
2018-01-18,42.86000061035156
2018-01-19,42.880001068115234
2018-01-22,42.650001525878906
2018-01-23,40.93000030517578
2018-01-24,41.779998779296875
2018-01-25,41.779998779296875
2018-01-26,41.43000030517578
2018-01-29,41.88999938964844
2018-01-30,41.470001220703125
2018-01-31,41.45000076293945
2018-02-01,41.790000915527344
2018-02-02,40.79999923706055
2018-02-05,40.349998474121094
2018-02-06,42.470001220703125
2018-02-07,41.709999084472656
2018-02-08,41.59000015258789
2018-02-09,42.0
2018-02-14,44.5099983215332
2018-02-15,45.95000076293945
2018-02-16,46.029998779296875
2018-02-19,46.45000076293945
2018-02-20,45.5099983215332
2018-02-21,44.79999923706055
2018-02-22,45.66999816894531
2018-02-23,46.08000183105469
2018-02-26,47.400001525878906
2018-02-27,47.33000183105469
2018-02-28,45.04999923706055
2018-03-01,44.45000076293945
2018-03-02,43.75
2018-03-05,43.70000076293945
2018-03-06,43.4900016784668
2018-03-07,42.849998474121094
2018-03-08,41.459999084472656
2018-03-09,42.099998474121094
2018-03-12,42.459999084472656
2018-03-13,42.130001068115234
2018-03-14,42.599998474121094
2018-03-15,42.400001525878906
2018-03-16,42.29999923706055
2018-03-19,41.099998474121094
2018-03-20,41.599998474121094
2018-03-21,42.5
2018-03-22,41.93000030517578
2018-03-23,41.599998474121094
2018-03-26,42.0
2018-03-27,40.86000061035156
2018-03-28,41.540000915527344
2018-03-29,42.209999084472656
2018-04-02,43.0
2018-04-03,42.869998931884766
2018-04-04,42.54999923706055
2018-04-05,43.25
2018-04-06,42.7400016784668
2018-04-09,42.95000076293945
2018-04-10,44.84000015258789
2018-04-11,44.63999938964844
2018-04-12,44.810001373291016
2018-04-13,44.97999954223633
2018-04-16,44.540000915527344
2018-04-17,45.93000030517578
2018-04-18,47.47999954223633
2018-04-19,47.83000183105469
2018-04-20,47.630001068115234
2018-04-23,47.5
2018-04-24,48.310001373291016
2018-04-25,47.95000076293945
2018-04-26,48.70000076293945
2018-04-27,48.349998474121094
2018-04-30,48.66999816894531
2018-05-02,48.709999084472656
2018-05-03,49.09000015258789
2018-05-04,49.70000076293945
2018-05-07,49.2400016784668
2018-05-08,49.189998626708984
2018-05-09,50.25
2018-05-10,51.400001525878906
2018-05-11,52.630001068115234
2018-05-14,54.27000045776367
2018-05-15,54.650001525878906
2018-05-16,55.900001525878906
2018-05-17,55.380001068115234
2018-05-18,54.77000045776367
2018-05-21,53.0
2018-05-22,52.34000015258789
2018-05-23,51.939998626708984
2018-05-24,52.459999084472656
2018-05-25,51.47999954223633
2018-05-28,51.06999969482422
2018-05-29,50.15999984741211
2018-05-30,50.630001068115234
2018-06-01,52.7599983215332
2018-06-04,52.52000045776367
2018-06-05,53.72999954223633
2018-06-06,56.06999969482422
2018-06-07,54.369998931884766
2018-06-08,50.88999938964844
2018-06-11,50.849998474121094
2018-06-12,51.70000076293945
2018-06-13,51.54999923706055
2018-06-14,51.709999084472656
2018-06-15,49.130001068115234
2018-06-18,49.209999084472656
2018-06-19,48.29999923706055
2018-06-20,48.810001373291016
2018-06-21,47.209999084472656
2018-06-22,48.0099983215332
2018-06-25,47.15999984741211
2018-06-26,48.34000015258789
2018-06-27,48.150001525878906
2018-06-28,49.06999969482422
2018-06-29,49.59000015258789
2018-07-02,48.7599983215332
2018-07-03,47.959999084472656
2018-07-04,48.029998779296875
2018-07-05,49.70000076293945
2018-07-06,50.34000015258789
2018-07-10,49.529998779296875
2018-07-11,48.86000061035156
2018-07-12,50.45000076293945
2018-07-13,50.310001373291016
2018-07-16,50.0
2018-07-17,50.70000076293945
2018-07-18,51.45000076293945
2018-07-19,49.43000030517578
2018-07-20,48.720001220703125
2018-07-23,49.599998474121094
2018-07-24,51.310001373291016
2018-07-25,51.75
2018-07-26,52.779998779296875
2018-07-27,53.45000076293945
2018-07-30,54.33000183105469
2018-07-31,54.84000015258789
2018-08-01,53.060001373291016
2018-08-02,52.84000015258789
2018-08-03,52.54999923706055
2018-08-06,52.400001525878906
2018-08-07,52.75
2018-08-08,52.400001525878906
2018-08-09,51.84000015258789
2018-08-10,51.709999084472656
2018-08-13,52.279998779296875
2018-08-14,52.7599983215332
2018-08-15,50.40999984741211
2018-08-16,49.720001220703125
2018-08-17,50.79999923706055
2018-08-20,51.439998626708984
2018-08-21,51.72999954223633
2018-08-22,53.29999923706055
2018-08-23,53.349998474121094
2018-08-24,54.150001525878906
2018-08-27,55.66999816894531
2018-08-28,55.650001525878906
2018-08-29,55.220001220703125
2018-08-30,54.56999969482422
2018-08-31,53.619998931884766
2018-09-03,54.04999923706055
2018-09-04,52.0
2018-09-05,52.150001525878906
2018-09-06,53.47999954223633
2018-09-10,53.220001220703125
2018-09-11,52.59000015258789
2018-09-12,53.45000076293945
2018-09-13,53.779998779296875
2018-09-14,55.20000076293945
2018-09-17,55.040000915527344
2018-09-18,57.34000015258789
2018-09-19,58.58000183105469
2018-09-20,59.31999969482422
2018-09-21,61.0099983215332
2018-09-24,60.20000076293945
2018-09-25,62.20000076293945
2018-09-26,60.0099983215332
2018-09-27,59.47999954223633
2018-09-28,59.81999969482422
2018-10-01,60.400001525878906
2018-10-02,61.20000076293945
2018-10-03,59.95000076293945
2018-10-04,58.79999923706055
2018-10-05,57.4900016784668
2018-10-08,57.04999923706055
2018-10-09,57.70000076293945
2018-10-10,55.88999938964844
2018-10-11,56.47999954223633
2018-10-15,57.66999816894531
2018-10-16,57.70000076293945
2018-10-17,58.79999923706055
2018-10-18,56.5
2018-10-19,56.529998779296875
2018-10-22,58.369998931884766
2018-10-23,56.75
2018-10-24,54.43000030517578
2018-10-25,54.61000061035156
2018-10-26,55.599998474121094
2018-10-29,53.099998474121094
2018-10-30,53.869998931884766
2018-10-31,56.709999084472656
2018-11-01,57.5
2018-11-05,57.529998779296875
2018-11-06,57.22999954223633
2018-11-07,57.59000015258789
2018-11-08,57.02000045776367
2018-11-09,54.650001525878906
2018-11-12,54.849998474121094
2018-11-13,56.27000045776367
2018-11-14,55.15999984741211
2018-11-16,56.150001525878906
2018-11-19,55.369998931884766
2018-11-21,54.529998779296875
2018-11-22,54.040000915527344
2018-11-23,50.349998474121094
2018-11-26,50.119998931884766
2018-11-27,49.91999816894531
2018-11-28,52.29999923706055
2018-11-29,52.0
2018-11-30,52.79999923706055
2018-12-03,54.11000061035156
2018-12-04,52.880001068115234
2018-12-05,52.79999923706055
2018-12-06,52.29999923706055
2018-12-07,51.290000915527344
2018-12-10,50.20000076293945
2018-12-11,50.599998474121094
2018-12-12,50.369998931884766
2018-12-13,50.599998474121094
2018-12-14,50.880001068115234
2018-12-17,51.25
2018-12-18,51.439998626708984
2018-12-19,50.0099983215332
2018-12-20,49.810001373291016
2018-12-21,50.86000061035156
2018-12-26,50.439998626708984
2018-12-27,49.5
2018-12-28,51.0
2019-01-02,51.09000015258789
2019-01-03,49.0
2019-01-04,52.189998626708984
2019-01-07,51.90999984741211
2019-01-08,52.40999984741211
2019-01-09,53.689998626708984
2019-01-10,53.099998474121094
2019-01-11,52.380001068115234
2019-01-14,52.599998474121094
2019-01-15,52.349998474121094
2019-01-16,52.650001525878906
2019-01-17,54.22999954223633
2019-01-18,54.7599983215332
2019-01-21,55.279998779296875
2019-01-22,55.08000183105469
2019-01-23,55.650001525878906
2019-01-24,56.150001525878906
2019-01-28,42.36000061035156
2019-01-29,42.7400016784668
2019-01-30,46.599998474121094
2019-01-31,45.5
2019-02-01,46.25
2019-02-04,44.68000030517578
2019-02-05,44.52000045776367
2019-02-06,42.459999084472656
2019-02-07,41.59000015258789
2019-02-08,43.15999984741211
2019-02-11,42.02000045776367
2019-02-12,44.29999923706055
2019-02-13,45.4900016784668
2019-02-14,45.65999984741211
2019-02-15,45.880001068115234
2019-02-18,45.25
2019-02-19,45.4900016784668
2019-02-20,45.79999923706055
2019-02-21,45.380001068115234
2019-02-22,46.9900016784668
2019-02-25,47.119998931884766
2019-02-26,47.20000076293945
2019-02-27,46.83000183105469
2019-02-28,47.099998474121094
2019-03-01,46.7400016784668
2019-03-06,48.04999923706055
2019-03-07,48.86000061035156
2019-03-08,48.849998474121094
2019-03-11,49.880001068115234
2019-03-12,49.970001220703125
2019-03-13,50.70000076293945
2019-03-14,50.709999084472656
2019-03-15,50.54999923706055
2019-03-18,50.459999084472656
2019-03-19,51.900001525878906
2019-03-20,50.560001373291016
2019-03-21,50.88999938964844
2019-03-22,50.04999923706055
2019-03-25,49.54999923706055
2019-03-26,50.279998779296875
2019-03-27,49.599998474121094
2019-03-28,49.29999923706055
2019-03-29,50.93000030517578
2019-04-01,52.599998474121094
2019-04-02,51.630001068115234
2019-04-03,51.779998779296875
2019-04-04,52.15999984741211
2019-04-05,51.97999954223633
2019-04-08,53.38999938964844
2019-04-09,52.349998474121094
2019-04-10,51.7599983215332
2019-04-11,51.790000915527344
2019-04-12,51.47999954223633
2019-04-15,51.33000183105469
2019-04-16,53.099998474121094
2019-04-17,52.25
2019-04-18,52.58000183105469
2019-04-22,51.29999923706055
2019-04-23,51.91999816894531
2019-04-24,50.36000061035156
2019-04-25,50.33000183105469
2019-04-26,50.41999816894531
2019-04-29,50.25
2019-04-30,50.099998474121094
2019-05-02,48.939998626708984
2019-05-03,50.400001525878906
2019-05-06,49.65999984741211
2019-05-07,49.70000076293945
2019-05-08,49.0
2019-05-09,48.540000915527344
2019-05-10,49.459999084472656
2019-05-13,47.43000030517578
2019-05-14,47.59000015258789
2019-05-15,47.95000076293945
2019-05-16,46.400001525878906
2019-05-17,47.720001220703125
2019-05-20,46.75
2019-05-21,47.40999984741211
2019-05-22,47.459999084472656
2019-05-23,47.81999969482422
2019-05-24,48.310001373291016
2019-05-27,50.189998626708984
2019-05-28,50.25
2019-05-29,49.70000076293945
2019-05-30,50.0099983215332
2019-05-31,49.0
2019-06-03,48.83000183105469
2019-06-04,49.11000061035156
2019-06-05,48.38999938964844
2019-06-06,48.79999923706055
2019-06-07,48.65999984741211
2019-06-10,48.34000015258789
2019-06-11,51.43000030517578
2019-06-12,51.4900016784668
2019-06-13,51.849998474121094
2019-06-14,51.400001525878906
2019-06-17,50.20000076293945
2019-06-18,52.0
2019-06-19,52.29999923706055
2019-06-21,52.439998626708984
2019-06-24,52.400001525878906
2019-06-25,51.380001068115234
2019-06-26,51.58000183105469
2019-06-27,51.70000076293945
2019-06-28,51.81999969482422
2019-07-01,53.650001525878906
2019-07-02,51.38999938964844
2019-07-03,51.290000915527344
2019-07-04,51.66999816894531
2019-07-05,50.36000061035156
2019-07-08,50.95000076293945
2019-07-10,52.130001068115234
2019-07-11,52.04999923706055
2019-07-12,51.810001373291016
2019-07-15,52.689998626708984
2019-07-16,53.04999923706055
2019-07-17,52.689998626708984
2019-07-18,52.59000015258789
2019-07-19,52.720001220703125
2019-07-22,52.45000076293945
2019-07-23,51.7599983215332
2019-07-24,50.650001525878906
2019-07-25,50.4900016784668
2019-07-26,50.22999954223633
2019-07-29,50.2599983215332
2019-07-30,50.0099983215332
2019-07-31,49.810001373291016
2019-08-01,48.400001525878906
2019-08-02,47.84000015258789
2019-08-05,46.0
2019-08-06,46.619998931884766
2019-08-07,46.47999954223633
2019-08-08,47.18000030517578
2019-08-09,45.4900016784668
2019-08-12,45.15999984741211
2019-08-13,46.5
2019-08-14,44.880001068115234
2019-08-15,43.88999938964844
2019-08-16,43.689998626708984
2019-08-19,43.650001525878906
2019-08-20,43.84000015258789
2019-08-21,44.150001525878906
2019-08-22,43.88999938964844
2019-08-23,43.279998779296875
2019-08-26,42.79999923706055
2019-08-27,43.31999969482422
2019-08-28,43.47999954223633
2019-08-29,45.099998474121094
2019-08-30,45.56999969482422
2019-09-02,46.0099983215332
2019-09-03,45.52000045776367
2019-09-04,46.52000045776367
2019-09-05,46.52000045776367
2019-09-06,46.45000076293945
2019-09-09,47.88999938964844
2019-09-10,48.2400016784668
2019-09-11,47.95000076293945
2019-09-12,49.689998626708984
2019-09-13,49.790000915527344
2019-09-16,48.59000015258789
2019-09-17,48.900001525878906
2019-09-18,48.400001525878906
2019-09-19,48.31999969482422
2019-09-20,48.41999816894531
2019-09-23,48.099998474121094
2019-09-24,46.93000030517578
2019-09-25,47.86000061035156
2019-09-26,47.86000061035156
2019-09-27,47.65999984741211
2019-09-30,47.75
2019-10-01,47.709999084472656
2019-10-02,45.099998474121094
2019-10-03,45.439998626708984
2019-10-04,46.59000015258789
2019-10-07,46.040000915527344
2019-10-08,45.31999969482422
2019-10-09,45.66999816894531
2019-10-10,47.2400016784668
2019-10-11,48.63999938964844
2019-10-14,47.9900016784668
2019-10-15,47.90999984741211
2019-10-16,46.79999923706055
2019-10-17,46.709999084472656
2019-10-18,46.029998779296875
2019-10-21,47.209999084472656
2019-10-22,47.29999923706055
2019-10-23,47.11000061035156
2019-10-24,46.75
2019-10-25,48.560001373291016
2019-10-28,48.70000076293945
2019-10-29,48.650001525878906
2019-10-30,48.59000015258789
2019-10-31,47.20000076293945
2019-11-01,48.439998626708984
2019-11-04,49.81999969482422
2019-11-05,49.869998931884766
2019-11-06,49.689998626708984
2019-11-07,50.11000061035156
2019-11-08,49.18000030517578
2019-11-11,48.130001068115234
2019-11-12,47.900001525878906
2019-11-13,47.119998931884766
2019-11-14,47.0
2019-11-18,47.61000061035156
2019-11-19,48.16999816894531
2019-11-21,48.41999816894531
2019-11-22,50.029998779296875
2019-11-25,50.86000061035156
2019-11-26,51.220001220703125
2019-11-27,50.58000183105469
2019-11-28,50.369998931884766
2019-11-29,49.97999954223633
2019-12-02,51.34000015258789
2019-12-03,50.41999816894531
2019-12-04,50.91999816894531
2019-12-05,50.95000076293945
2019-12-06,51.349998474121094
2019-12-09,51.439998626708984
2019-12-10,51.20000076293945
2019-12-11,51.83000183105469
2019-12-12,52.95000076293945
2019-12-13,53.7599983215332
2019-12-16,53.34000015258789
2019-12-17,53.41999816894531
2019-12-18,53.470001220703125
2019-12-19,54.0
2019-12-20,54.790000915527344
2019-12-23,54.58000183105469
2019-12-26,54.790000915527344
2019-12-27,53.599998474121094
2019-12-30,53.29999923706055
2020-01-02,54.33000183105469
2020-01-03,53.93000030517578
2020-01-06,53.61000061035156
2020-01-07,54.0
2020-01-08,54.0099983215332
2020-01-09,53.29999923706055
2020-01-10,53.36000061035156
2020-01-13,55.29999923706055
2020-01-14,55.63999938964844
2020-01-15,55.459999084472656
2020-01-16,55.16999816894531
2020-01-17,57.0
2020-01-20,57.36000061035156
2020-01-21,56.029998779296875
2020-01-22,56.29999923706055
2020-01-23,55.5
2020-01-24,53.79999923706055
2020-01-27,50.5099983215332
2020-01-28,51.20000076293945
2020-01-29,50.75
2020-01-30,51.5
2020-01-31,50.27000045776367
2020-02-03,50.90999984741211
2020-02-04,52.27000045776367
2020-02-05,52.9900016784668
2020-02-06,53.279998779296875
2020-02-07,52.099998474121094
2020-02-10,50.189998626708984
2020-02-11,52.04999923706055
2020-02-12,53.06999969482422
2020-02-13,52.13999938964844
2020-02-14,51.0
2020-02-17,53.40999984741211
2020-02-18,52.79999923706055
2020-02-19,52.810001373291016
2020-02-20,52.20000076293945
2020-02-21,50.130001068115234
2020-02-26,45.349998474121094
2020-02-27,44.470001220703125
2020-02-28,44.310001373291016
2020-03-02,46.36000061035156
2020-03-03,46.349998474121094
2020-03-04,48.56999969482422
2020-03-05,46.849998474121094
2020-03-06,44.61000061035156
2020-03-09,37.83000183105469
2020-03-10,44.810001373291016
2020-03-11,40.7400016784668
2020-03-12,35.349998474121094
2020-03-13,42.900001525878906
2020-03-16,39.040000915527344
2020-03-17,41.5099983215332
2020-03-18,38.650001525878906
2020-03-19,36.400001525878906
2020-03-20,35.189998626708984
2020-03-23,34.099998474121094
2020-03-24,37.63999938964844
2020-03-25,40.849998474121094
2020-03-26,42.0
2020-03-27,40.099998474121094
2020-03-30,41.77000045776367
2020-03-31,43.220001220703125
2020-04-01,43.369998931884766
2020-04-02,42.779998779296875
2020-04-03,40.5
2020-04-06,43.130001068115234
2020-04-07,43.779998779296875
2020-04-08,43.5099983215332
2020-04-09,43.279998779296875
2020-04-13,44.56999969482422
2020-04-14,44.529998779296875
2020-04-15,43.189998626708984
2020-04-16,42.7599983215332
2020-04-17,44.0
2020-04-20,42.459999084472656
2020-04-22,42.900001525878906
2020-04-23,43.5099983215332
2020-04-24,43.7599983215332
2020-04-27,44.54999923706055
2020-04-28,44.61000061035156
2020-04-29,46.72999954223633
2020-04-30,44.86000061035156
2020-05-04,43.93000030517578
2020-05-05,43.70000076293945
2020-05-06,44.33000183105469
2020-05-07,46.04999923706055
2020-05-08,48.849998474121094
2020-05-11,47.72999954223633
2020-05-12,47.459999084472656
2020-05-13,48.540000915527344
2020-05-14,48.09000015258789
2020-05-15,48.04999923706055
2020-05-18,51.2599983215332
2020-05-19,52.29999923706055
2020-05-20,52.5
2020-05-21,51.130001068115234
2020-05-22,50.27000045776367
2020-05-25,50.099998474121094
2020-05-26,49.20000076293945
2020-05-27,50.63999938964844
2020-05-28,50.09000015258789
2020-05-29,53.0
2020-06-01,53.41999816894531
2020-06-02,53.41999816894531
2020-06-03,53.65999984741211
2020-06-04,55.65999984741211
2020-06-05,54.61000061035156
2020-06-08,54.779998779296875
2020-06-09,54.9900016784668
2020-06-10,54.20000076293945
2020-06-12,53.400001525878906
2020-06-15,53.880001068115234
2020-06-16,55.38999938964844
2020-06-17,56.20000076293945
2020-06-18,56.16999816894531
2020-06-19,55.16999816894531
2020-06-22,55.0
2020-06-23,55.59000015258789
2020-06-24,55.38999938964844
2020-06-25,56.0
2020-06-26,55.619998931884766
2020-06-29,55.630001068115234
2020-06-30,55.91999816894531
2020-07-01,54.540000915527344
2020-07-02,55.4900016784668
2020-07-03,55.2599983215332
2020-07-06,56.56999969482422
2020-07-07,56.369998931884766
2020-07-08,57.31999969482422
2020-07-09,56.41999816894531
2020-07-10,56.970001220703125
2020-07-13,57.650001525878906
2020-07-14,61.70000076293945
2020-07-15,61.790000915527344
2020-07-16,60.119998931884766
2020-07-17,61.040000915527344
2020-07-20,60.79999923706055
2020-07-21,59.70000076293945
2020-07-22,59.2400016784668
2020-07-23,58.849998474121094
2020-07-24,58.599998474121094
2020-07-27,61.369998931884766
2020-07-28,60.34000015258789
2020-07-29,62.95000076293945
2020-07-30,61.27000045776367
2020-07-31,60.709999084472656
2020-08-03,60.2599983215332
2020-08-04,60.70000076293945
2020-08-05,62.189998626708984
2020-08-06,61.83000183105469
2020-08-07,60.45000076293945
2020-08-10,62.20000076293945
2020-08-11,60.279998779296875
2020-08-12,61.5
2020-08-13,60.349998474121094
2020-08-14,61.349998474121094
2020-08-17,62.22999954223633
2020-08-18,63.060001373291016
2020-08-19,62.38999938964844
2020-08-20,62.95000076293945
2020-08-21,62.20000076293945
2020-08-24,62.959999084472656
2020-08-25,61.619998931884766
2020-08-26,61.75
2020-08-27,60.790000915527344
2020-08-28,61.099998474121094
2020-08-31,59.68000030517578
2020-09-01,61.7599983215332
2020-09-02,61.31999969482422
2020-09-03,59.31999969482422
2020-09-04,60.4900016784668
2020-09-08,59.27000045776367
2020-09-09,60.0
2020-09-10,58.529998779296875
2020-09-11,61.95000076293945
2020-09-14,61.90999984741211
2020-09-15,62.599998474121094
2020-09-16,60.970001220703125
2020-09-17,62.08000183105469
2020-09-18,61.65999984741211
2020-09-21,60.0
2020-09-22,57.810001373291016
2020-09-23,59.099998474121094
2020-09-24,58.65999984741211
2020-09-25,59.25
2020-09-28,58.779998779296875
2020-09-29,58.349998474121094
2020-09-30,59.11000061035156
2020-10-01,58.86000061035156
2020-10-02,58.31999969482422
2020-10-05,59.59000015258789
2020-10-06,58.619998931884766
2020-10-07,60.16999816894531
2020-10-08,61.290000915527344
2020-10-09,61.599998474121094
2020-10-13,62.13999938964844
2020-10-14,63.0
2020-10-15,62.470001220703125
2020-10-16,62.2400016784668
2020-10-19,61.95000076293945
2020-10-20,61.84000015258789
2020-10-21,62.849998474121094
2020-10-22,63.099998474121094
2020-10-23,63.45000076293945
2020-10-26,62.5
2020-10-27,62.529998779296875
2020-10-28,60.2599983215332
2020-10-29,62.02000045776367
2020-10-30,60.54999923706055
2020-11-03,63.34000015258789
2020-11-04,61.58000183105469
2020-11-05,62.54999923706055
2020-11-06,63.189998626708984
2020-11-09,63.189998626708984
2020-11-10,63.15999984741211
2020-11-11,63.599998474121094
2020-11-12,62.66999816894531
2020-11-13,63.25
2020-11-16,64.91999816894531
2020-11-17,66.97000122070312
2020-11-18,66.44999694824219
2020-11-19,67.72000122070312
2020-11-23,71.29000091552734
2020-11-24,74.80000305175781
2020-11-25,75.5
2020-11-26,76.56999969482422
2020-11-27,78.44000244140625
2020-11-30,78.0
2020-12-01,81.25
2020-12-02,79.83999633789062
2020-12-03,78.95999908447266
2020-12-04,81.9800033569336
2020-12-07,82.94999694824219
2020-12-08,82.9000015258789
2020-12-09,82.69999694824219
2020-12-10,85.0
2020-12-11,84.86000061035156
2020-12-14,83.55000305175781
2020-12-15,84.5
2020-12-16,86.22000122070312
2020-12-17,87.19999694824219
2020-12-18,87.80000305175781
2020-12-21,86.86000061035156
2020-12-22,86.94000244140625
2020-12-23,87.36000061035156
2020-12-28,87.30999755859375
2020-12-29,87.06999969482422
2020-12-30,87.44999694824219
2021-01-04,91.45999908447266
2021-01-05,93.0
2021-01-06,96.05000305175781
2021-01-07,102.31999969482422
2021-01-08,102.0
2021-01-11,101.9800033569336
2021-01-12,99.19000244140625
2021-01-13,96.22000122070312
2021-01-14,97.80000305175781
2021-01-15,93.55000305175781
2021-01-18,94.30999755859375
2021-01-19,94.05999755859375
2021-01-20,92.31999969482422
2021-01-21,93.36000061035156
2021-01-22,93.16999816894531
2021-01-26,91.75
2021-01-27,89.19999694824219
2021-01-28,91.0999984741211
2021-01-29,87.94999694824219
2021-02-01,91.2699966430664
2021-02-02,87.66000366210938
2021-02-03,90.43000030517578
2021-02-04,89.29000091552734
2021-02-05,92.69000244140625
2021-02-08,94.01000213623047
2021-02-09,94.25
2021-02-10,94.69999694824219
2021-02-11,93.0999984741211
2021-02-12,93.88999938964844
2021-02-17,96.3499984741211
2021-02-18,97.4000015258789
2021-02-19,97.7699966430664
2021-02-22,95.3499984741211
2021-02-23,96.94999694824219
2021-02-24,97.93000030517578
2021-02-25,95.70999908447266
2021-02-26,94.5199966430664
2021-03-01,98.56999969482422
2021-03-02,101.5999984741211
2021-03-03,100.3499984741211
2021-03-04,98.86000061035156
2021-03-05,100.20999908447266
2021-03-08,99.66999816894531
2021-03-09,98.66999816894531
2021-03-10,97.1500015258789
2021-03-11,99.69999694824219
2021-03-12,97.4000015258789
2021-03-15,96.81999969482422
2021-03-16,96.51000213623047
2021-03-17,97.9000015258789
2021-03-18,96.16000366210938
2021-03-19,94.77999877929688
2021-03-22,93.20999908447266
2021-03-23,91.05999755859375
2021-03-24,93.1500015258789
2021-03-25,92.44000244140625
2021-03-26,95.52999877929688
2021-03-29,97.9800033569336
2021-03-30,97.06999969482422
2021-03-31,97.97000122070312
2021-04-01,97.38999938964844
2021-04-05,103.38999938964844
2021-04-06,102.05000305175781
2021-04-07,104.55999755859375
2021-04-08,104.5
2021-04-09,103.0
2021-04-12,103.4000015258789
2021-04-13,103.58000183105469
2021-04-14,107.0
2021-04-15,108.20999908447266
2021-04-16,108.66999816894531
2021-04-19,107.7300033569336
2021-04-20,106.16000366210938
2021-04-22,106.2300033569336
2021-04-23,107.98999786376953
2021-04-26,108.56999969482422
2021-04-27,110.12000274658203
2021-04-28,111.91999816894531
2021-04-29,111.94999694824219
2021-04-30,109.0199966430664
2021-05-03,108.45999908447266
2021-05-04,110.0999984741211
2021-05-05,110.70999908447266
2021-05-06,115.05000305175781
2021-05-07,115.44999694824219
2021-05-10,114.69000244140625
2021-05-11,118.72000122070312
2021-05-12,114.33000183105469
2021-05-13,112.48999786376953
2021-05-14,110.55999755859375
2021-05-17,113.45999908447266
2021-05-18,114.5999984741211
2021-05-19,112.25
2021-05-20,111.11000061035156
2021-05-21,109.4000015258789
2021-05-24,109.77999877929688
2021-05-25,107.05000305175781
2021-05-26,110.19999694824219
2021-05-27,110.98999786376953
2021-05-28,111.58999633789062
2021-05-31,114.77999877929688
2021-06-01,113.19999694824219
2021-06-02,114.80000305175781
2021-06-04,112.9000015258789
2021-06-07,111.80000305175781
2021-06-08,109.91999816894531
2021-06-09,112.19999694824219
2021-06-10,111.83000183105469
2021-06-11,114.33999633789062
2021-06-14,113.72000122070312
2021-06-15,111.5
2021-06-16,108.1500015258789
2021-06-17,105.9000015258789
2021-06-18,109.08999633789062
2021-06-21,110.11000061035156
2021-06-22,111.4000015258789
2021-06-23,113.06999969482422
2021-06-24,111.02999877929688
2021-06-25,112.4000015258789
2021-06-28,110.5999984741211
2021-06-29,112.51000213623047
2021-06-30,113.25
2021-07-01,111.27999877929688
2021-07-02,113.58000183105469
2021-07-05,113.16999816894531
2021-07-06,113.7699966430664
2021-07-07,114.0999984741211
2021-07-08,113.66000366210938
2021-07-12,115.06999969482422
2021-07-13,115.75
2021-07-14,115.12000274658203
2021-07-15,115.4800033569336
2021-07-16,113.4000015258789
2021-07-19,112.16000366210938
2021-07-20,113.0999984741211
2021-07-21,114.4000015258789
2021-07-22,114.69999694824219
2021-07-23,114.12000274658203
2021-07-26,116.5999984741211
2021-07-27,114.18000030517578
2021-07-28,117.30000305175781
2021-07-29,115.56999969482422
2021-07-30,108.76000213623047
2021-08-02,108.93000030517578
2021-08-03,112.63999938964844
2021-08-04,112.5199966430664
2021-08-05,109.08000183105469
2021-08-06,109.69999694824219
2021-08-09,109.01000213623047
2021-08-10,110.05999755859375
2021-08-11,109.2699966430664
2021-08-12,109.19999694824219
2021-08-13,108.30000305175781
2021-08-16,108.80000305175781
2021-08-17,107.0
2021-08-18,103.41000366210938
2021-08-19,97.51000213623047
2021-08-20,97.55000305175781
2021-08-23,96.19999694824219
2021-08-24,99.70999908447266
2021-08-25,99.5
2021-08-26,98.2300033569336
2021-08-27,100.69000244140625
2021-08-30,100.05000305175781
2021-08-31,98.68000030517578
2021-09-01,98.8499984741211
2021-09-02,98.54000091552734
2021-09-03,98.61000061035156
2021-09-06,97.05999755859375
2021-09-08,95.04000091552734
2021-09-09,94.69999694824219
2021-09-10,94.80999755859375
2021-09-13,94.76000213623047
2021-09-14,94.08999633789062
2021-09-15,91.73999786376953
2021-09-16,87.93000030517578
2021-09-17,86.1500015258789
2021-09-20,82.75
2021-09-21,84.12000274658203
2021-09-22,87.11000061035156
2021-09-23,78.91000366210938
2021-09-24,77.69000244140625
2021-09-27,78.80000305175781
2021-09-28,74.8499984741211
2021-09-29,75.80000305175781
2021-09-30,76.23999786376953
2021-10-01,76.19999694824219
2021-10-04,75.48999786376953
2021-10-05,74.94999694824219
2021-10-06,77.05999755859375
2021-10-07,79.36000061035156
2021-10-08,79.8499984741211
2021-10-11,81.62000274658203
2021-10-13,79.19999694824219
2021-10-14,79.19999694824219
2021-10-15,80.68000030517578
2021-10-18,79.91999816894531
2021-10-19,79.0
2021-10-20,76.66999816894531
2021-10-21,75.16000366210938
2021-10-22,76.08000183105469
2021-10-25,77.0
2021-10-26,76.18000030517578
2021-10-27,74.44999694824219
2021-10-28,73.69999694824219
2021-10-29,71.61000061035156
2021-11-01,72.31999969482422
2021-11-03,66.83000183105469
2021-11-04,66.06999969482422
2021-11-05,64.11000061035156
2021-11-08,67.5999984741211
2021-11-09,65.94000244140625
2021-11-10,65.69000244140625
2021-11-11,68.01000213623047
2021-11-12,68.30000305175781
2021-11-16,66.33000183105469
2021-11-17,65.0
2021-11-18,62.33000183105469
2021-11-19,64.02999877929688
2021-11-22,67.58999633789062
2021-11-23,69.37000274658203
2021-11-24,70.9800033569336
2021-11-25,70.5
2021-11-26,68.63999938964844
2021-11-29,69.5
2021-11-30,69.94999694824219
2021-12-01,70.2300033569336
2021-12-02,73.48999786376953
2021-12-03,71.87000274658203
2021-12-06,75.7699966430664
2021-12-07,76.33000183105469
2021-12-08,75.76000213623047
2021-12-09,75.18000030517578
2021-12-10,75.6500015258789
2021-12-13,77.86000061035156
2021-12-14,77.8499984741211
2021-12-15,77.41000366210938
2021-12-16,80.44000244140625
2021-12-17,79.16999816894531
2021-12-20,78.27999877929688
2021-12-21,80.33999633789062
2021-12-22,79.91999816894531
2021-12-23,79.1500015258789
2021-12-27,78.94999694824219
2021-12-28,77.05000305175781
2021-12-29,77.25
2021-12-30,77.95999908447266
2022-01-03,78.0
2022-01-04,77.08000183105469
2022-01-05,77.80999755859375
2022-01-06,79.37999725341797
2022-01-07,84.0
2022-01-10,83.0
2022-01-11,84.58000183105469
2022-01-12,85.5
2022-01-13,84.19999694824219
2022-01-14,84.69000244140625
2022-01-17,84.25
2022-01-18,86.30999755859375
2022-01-19,88.20999908447266
2022-01-20,86.70999908447266
2022-01-21,84.91000366210938
2022-01-24,83.87000274658203
2022-01-25,84.05999755859375
2022-01-26,84.30000305175781
2022-01-27,84.48999786376953
2022-01-28,83.66000366210938
2022-01-31,80.87000274658203
2022-02-01,85.30999755859375
2022-02-02,85.79000091552734
2022-02-03,85.75
2022-02-04,88.0
2022-02-07,90.12999725341797
2022-02-08,91.38999938964844
2022-02-09,91.41000366210938
2022-02-10,93.87000274658203
2022-02-11,91.97000122070312
2022-02-14,91.56999969482422
2022-02-15,88.8499984741211
2022-02-16,89.5
2022-02-17,85.6500015258789
2022-02-18,85.83000183105469
2022-02-21,85.9000015258789
2022-02-22,87.38999938964844
2022-02-23,86.47000122070312
2022-02-24,87.54000091552734
2022-02-25,92.27999877929688
2022-03-02,99.6500015258789
2022-03-03,99.69999694824219
2022-03-04,101.97000122070312
2022-03-07,105.06999969482422
2022-03-08,100.45999908447266
2022-03-09,94.19000244140625
2022-03-10,97.30000305175781
2022-03-11,96.79000091552734
2022-03-14,91.5999984741211
2022-03-15,88.97000122070312
2022-03-16,91.12999725341797
2022-03-17,94.30000305175781
2022-03-18,96.08999633789062
2022-03-21,98.80999755859375
2022-03-22,96.5999984741211
2022-03-23,96.44999694824219
2022-03-24,96.91000366210938
2022-03-25,95.2300033569336
2022-03-28,95.33999633789062
2022-03-29,94.5199966430664
2022-03-30,95.87000274658203
2022-03-31,95.5999984741211
2022-04-01,96.95999908447266
2022-04-04,97.94000244140625
2022-04-05,95.11000061035156
2022-04-06,96.55000305175781
2022-04-07,97.12999725341797
2022-04-08,95.1500015258789
2022-04-11,94.0
2022-04-12,93.37000274658203
2022-04-13,93.4000015258789
2022-04-14,92.08999633789062
2022-04-18,90.56999969482422
2022-04-19,87.68000030517578
2022-04-20,85.4000015258789
2022-04-22,80.44999694824219
2022-04-25,79.08000183105469
2022-04-26,78.0
2022-04-27,82.16999816894531
2022-04-28,84.19999694824219
2022-04-29,83.29000091552734
2022-05-02,82.91999816894531
2022-05-03,82.5
2022-05-04,81.80999755859375
2022-05-05,80.33000183105469
2022-05-06,79.76000213623047
2022-05-09,76.48999786376953
2022-05-10,75.54000091552734
2022-05-11,78.69000244140625
2022-05-12,77.9000015258789
2022-05-13,77.80999755859375
2022-05-16,80.13999938964844
2022-05-17,79.80000305175781
2022-05-18,77.77999877929688
2022-05-19,79.8499984741211
2022-05-20,81.26000213623047
2022-05-23,82.91999816894531
2022-05-24,84.04000091552734
2022-05-25,84.30000305175781
2022-05-26,84.25
2022-05-27,85.72000122070312
2022-05-30,86.6500015258789
2022-05-31,86.20999908447266
2022-06-01,88.23999786376953
2022-06-02,89.9000015258789
2022-06-03,88.45999908447266
2022-06-06,88.55000305175781
2022-06-07,90.62000274658203
2022-06-08,87.5
2022-06-09,84.54000091552734
2022-06-10,84.55999755859375
2022-06-13,81.87999725341797
2022-06-14,81.72000122070312
2022-06-15,81.66999816894531
2022-06-17,77.41000366210938
2022-06-20,75.5
2022-06-21,76.0
2022-06-22,75.3499984741211
2022-06-23,72.5999984741211
2022-06-24,74.62000274658203
2022-06-27,78.05000305175781
2022-06-28,79.44999694824219
2022-06-29,78.79000091552734
2022-06-30,76.55999755859375
2022-07-01,75.0999984741211
2022-07-04,74.66999816894531
2022-07-05,74.30000305175781
2022-07-06,75.0
2022-07-07,77.18000030517578
2022-07-08,75.4000015258789
2022-07-11,72.83000183105469
2022-07-12,73.05000305175781
2022-07-13,72.80000305175781
2022-07-14,67.94999694824219
2022-07-15,68.37000274658203
2022-07-18,68.7300033569336
2022-07-19,68.87999725341797
2022-07-20,67.38999938964844
2022-07-21,68.56999969482422
2022-07-22,69.20999908447266
2022-07-25,70.48999786376953
2022-07-26,70.36000061035156
2022-07-27,70.5199966430664
2022-07-28,70.69000244140625
2022-07-29,69.75
2022-08-01,68.08000183105469
2022-08-02,70.25
2022-08-03,67.5199966430664
2022-08-04,67.12999725341797
2022-08-05,68.0
2022-08-08,68.58000183105469
2022-08-09,70.0
2022-08-10,70.05000305175781
2022-08-11,72.48999786376953
2022-08-12,69.80000305175781
2022-08-15,68.30000305175781
2022-08-16,69.81999969482422
2022-08-17,68.2300033569336
2022-08-18,67.72000122070312
2022-08-19,66.95999908447266
2022-08-22,65.9800033569336
2022-08-23,70.20999908447266
2022-08-24,67.94999694824219
2022-08-25,69.2699966430664
2022-08-26,68.2300033569336
2022-08-29,66.91000366210938
2022-08-30,64.97000122070312
2022-08-31,64.5
2022-09-01,63.88999938964844
2022-09-02,62.91999816894531
2022-09-05,65.22000122070312
2022-09-06,63.66999816894531
2022-09-08,64.51000213623047
2022-09-09,69.55000305175781
2022-09-12,70.16000366210938
2022-09-13,68.25
2022-09-14,67.0
2022-09-15,68.3499984741211
2022-09-16,68.25
2022-09-19,70.45999908447266
2022-09-20,69.44999694824219
2022-09-21,68.44999694824219
2022-09-22,70.0199966430664
2022-09-23,68.56999969482422
2022-09-26,68.72000122070312
2022-09-27,67.69999694824219
2022-09-28,68.33999633789062
2022-09-29,68.43000030517578
2022-09-30,72.04000091552734
2022-10-03,74.0
2022-10-04,75.79000091552734
2022-10-05,76.95999908447266
2022-10-06,75.2300033569336
2022-10-07,75.51000213623047
2022-10-10,73.98999786376953
2022-10-11,73.48999786376953
2022-10-13,72.18000030517578
2022-10-14,69.83000183105469
2022-10-17,70.93000030517578
2022-10-18,71.95999908447266
2022-10-19,71.11000061035156
2022-10-20,72.0199966430664
2022-10-21,74.12999725341797
2022-10-24,71.93000030517578
2022-10-25,71.93000030517578
2022-10-26,73.52999877929688
2022-10-27,70.91000366210938
2022-10-28,67.44999694824219
2022-10-31,67.12999725341797
2022-11-01,69.16999816894531
2022-11-03,67.1500015258789
2022-11-04,72.25
2022-11-07,71.87000274658203
2022-11-08,74.05000305175781
2022-11-09,73.1500015258789
2022-11-10,74.55000305175781
2022-11-11,82.30000305175781
2022-11-14,83.30999755859375
2022-11-16,82.44000244140625
2022-11-17,83.0999984741211
2022-11-18,80.83000183105469
2022-11-21,79.91999816894531
2022-11-22,80.13999938964844
2022-11-23,80.93000030517578
2022-11-24,81.44999694824219
2022-11-25,80.9000015258789
2022-11-28,81.30000305175781
2022-11-29,84.44000244140625
2022-11-30,85.70999908447266
2022-12-01,86.18000030517578
2022-12-02,86.80000305175781
2022-12-05,86.70999908447266
2022-12-06,87.97000122070312
2022-12-07,84.83999633789062
2022-12-08,85.87999725341797
2022-12-09,88.73999786376953
2022-12-12,86.08999633789062
2022-12-13,86.16000366210938
2022-12-14,86.88999938964844
2022-12-15,87.16999816894531
2022-12-16,85.68000030517578
2022-12-19,85.37000274658203
2022-12-20,85.75
2022-12-21,86.23999786376953
2022-12-22,85.75
2022-12-23,86.31999969482422
2022-12-26,87.11000061035156
2022-12-27,89.19000244140625
2022-12-28,88.98999786376953
2022-12-29,88.87999725341797
2023-01-02,89.4000015258789
2023-01-03,89.23999786376953
2023-01-04,89.4000015258789
2023-01-05,90.9000015258789
2023-01-06,92.33999633789062
2023-01-09,92.44000244140625
2023-01-10,93.58000183105469
2023-01-11,93.25
2023-01-12,93.73999786376953
2023-01-13,93.81999969482422
2023-01-16,92.25
2023-01-17,92.12999725341797
2023-01-18,93.33999633789062
2023-01-19,93.73999786376953
2023-01-20,93.98999786376953
2023-01-23,94.30000305175781
2023-01-24,95.30000305175781
2023-01-25,96.19999694824219
2023-01-26,98.0
2023-01-27,95.31999969482422
2023-01-30,94.9800033569336
2023-01-31,94.51000213623047
2023-02-01,93.45999908447266
2023-02-02,89.13999938964844
2023-02-03,88.94999694824219
2023-02-06,87.83999633789062
2023-02-07,88.41999816894531
2023-02-08,88.72000122070312
2023-02-09,88.38999938964844
2023-02-10,86.80000305175781
2023-02-13,86.70999908447266
2023-02-14,87.0999984741211
2023-02-15,89.0
2023-02-16,89.19000244140625
2023-02-17,88.02999877929688
2023-02-22,87.36000061035156
2023-02-23,86.94999694824219
2023-02-24,85.04000091552734
2023-02-27,85.04000091552734
2023-02-28,85.31999969482422
2023-03-01,89.19999694824219
2023-03-02,89.0
2023-03-03,89.30000305175781
2023-03-06,86.1500015258789
2023-03-07,85.33000183105469
2023-03-08,86.11000061035156
2023-03-09,84.9800033569336
2023-03-10,84.69999694824219
2023-03-13,85.05000305175781
2023-03-14,83.9800033569336
2023-03-15,81.44999694824219
2023-03-16,81.75
2023-03-17,82.7300033569336
2023-03-20,83.41000366210938
2023-03-21,82.70999908447266
2023-03-22,81.68000030517578
2023-03-23,79.58000183105469
2023-03-24,78.66999816894531
2023-03-27,78.54000091552734
2023-03-28,79.37000274658203
2023-03-29,80.51000213623047
2023-03-30,81.81999969482422
2023-03-31,80.29000091552734
2023-04-03,80.30999755859375
2023-04-04,78.04000091552734
2023-04-05,76.88999938964844
2023-04-06,76.75
2023-04-10,78.2300033569336
2023-04-11,82.36000061035156
2023-04-12,80.5999984741211
2023-04-13,79.51000213623047
2023-04-14,78.80999755859375
2023-04-17,77.87000274658203
2023-04-18,78.54000091552734
2023-04-19,76.25
2023-04-20,74.66000366210938
2023-04-24,71.95999908447266
2023-04-25,70.0
2023-04-26,70.2699966430664
2023-04-27,71.76000213623047
2023-04-28,72.4000015258789
2023-05-02,69.54000091552734
2023-05-03,69.0
2023-05-04,66.86000061035156
2023-05-05,69.04000091552734
2023-05-08,69.97000122070312
2023-05-09,70.69000244140625
2023-05-10,69.36000061035156
2023-05-11,68.01000213623047
2023-05-12,68.08000183105469
2023-05-15,69.05999755859375
2023-05-16,67.63999938964844
2023-05-17,69.87999725341797
2023-05-18,69.9800033569336
2023-05-19,69.20999908447266
2023-05-22,68.0999984741211
2023-05-23,66.55999755859375
2023-05-24,65.05000305175781
2023-05-25,64.8499984741211
2023-05-26,66.33000183105469
2023-05-29,65.83000183105469
2023-05-30,64.27999877929688
2023-05-31,63.810001373291016
2023-06-01,65.16000366210938
2023-06-02,67.94000244140625
2023-06-05,67.37999725341797
2023-06-06,67.5999984741211
2023-06-07,68.66999816894531
2023-06-09,68.36000061035156
2023-06-12,67.12000274658203
2023-06-13,67.83000183105469
2023-06-14,69.0199966430664
2023-06-15,69.55999755859375
2023-06-16,69.66999816894531
2023-06-19,69.4000015258789
2023-06-20,67.61000061035156
2023-06-21,66.93000030517578
2023-06-22,66.56999969482422
2023-06-23,65.9000015258789
2023-06-26,66.04000091552734
2023-06-27,66.83000183105469
2023-06-28,64.72000122070312
2023-06-29,65.51000213623047
2023-06-30,64.22000122070312
2023-07-03,66.2300033569336
2023-07-04,65.9000015258789
2023-07-05,65.31999969482422
2023-07-06,64.8499984741211
2023-07-07,65.45999908447266
2023-07-10,64.45999908447266
2023-07-11,66.58000183105469
2023-07-12,67.05000305175781
2023-07-13,68.61000061035156
2023-07-14,68.61000061035156
2023-07-17,67.8499984741211
2023-07-18,67.41999816894531
2023-07-19,67.23999786376953
2023-07-20,67.38999938964844
2023-07-21,67.80000305175781
2023-07-24,69.8499984741211
2023-07-25,72.01000213623047
2023-07-26,71.76000213623047
2023-07-27,70.41999816894531
2023-07-28,67.62999725341797
2023-07-31,69.16000366210938
2023-08-01,68.19999694824219
2023-08-02,67.08999633789062
2023-08-03,67.51000213623047
2023-08-04,67.55999755859375
2023-08-07,67.9000015258789
2023-08-08,67.45999908447266
2023-08-09,66.8499984741211
2023-08-10,66.05999755859375
2023-08-11,65.51000213623047
2023-08-14,61.900001525878906
2023-08-15,61.290000915527344
2023-08-16,61.04999923706055
2023-08-17,61.90999984741211
2023-08-18,61.220001220703125
2023-08-21,61.29999923706055
2023-08-22,62.58000183105469
2023-08-23,63.040000915527344
2023-08-24,62.20000076293945
2023-08-25,62.06999969482422
2023-08-28,62.959999084472656
2023-08-29,64.97000122070312
2023-08-30,64.9800033569336
2023-08-31,65.08000183105469
2023-09-01,68.88999938964844
2023-09-04,69.4000015258789
2023-09-05,69.0999984741211
2023-09-06,67.98999786376953
2023-09-08,66.70999908447266
2023-09-11,67.66999816894531
2023-09-12,67.62000274658203
2023-09-13,67.36000061035156
2023-09-14,70.12000274658203
2023-09-15,69.54000091552734
2023-09-18,68.72000122070312
2023-09-19,68.8499984741211
2023-09-20,69.30999755859375
2023-09-21,67.5
2023-09-22,68.0
2023-09-25,66.5999984741211
2023-09-26,65.55999755859375
2023-09-27,65.69999694824219
2023-09-28,66.69999694824219
2023-09-29,67.58000183105469
2023-10-02,66.98999786376953
2023-10-03,66.58000183105469
2023-10-04,65.87000274658203
2023-10-05,65.9000015258789
2023-10-06,66.86000061035156
2023-10-09,66.37999725341797
2023-10-10,66.77999877929688
2023-10-11,67.36000061035156
2023-10-13,66.58999633789062
2023-10-16,67.30000305175781
2023-10-17,67.8499984741211
2023-10-18,65.36000061035156
2023-10-19,64.41999816894531
2023-10-20,62.68000030517578
2023-10-23,62.560001373291016
2023-10-24,63.9900016784668
2023-10-25,63.93000030517578
2023-10-26,65.30000305175781
2023-10-27,67.56999969482422
2023-10-30,68.18000030517578
2023-10-31,69.0
2023-11-01,70.31999969482422
2023-11-03,71.19999694824219
2023-11-06,71.5
2023-11-07,70.08000183105469
2023-11-08,70.12999725341797
2023-11-09,70.47000122070312
2023-11-10,71.55000305175781
2023-11-13,71.4000015258789
2023-11-14,73.61000061035156
2023-11-16,74.0999984741211
2023-11-17,74.23999786376953
2023-11-20,76.05999755859375
2023-11-21,77.9000015258789
2023-11-22,74.8499984741211
2023-11-23,74.37999725341797
2023-11-24,73.75
2023-11-27,73.30999755859375
2023-11-28,73.47000122070312
2023-11-29,73.44999694824219
2023-11-30,73.8499984741211
2023-12-01,75.22000122070312
2023-12-04,73.52999877929688
2023-12-05,72.8499984741211
2023-12-06,72.37000274658203
2023-12-07,72.5999984741211
2023-12-08,72.80000305175781
2023-12-11,72.86000061035156
2023-12-12,72.98999786376953
2023-12-13,73.0
2023-12-14,73.4000015258789
2023-12-15,73.86000061035156
2023-12-18,74.20999908447266
2023-12-19,74.7300033569336
2023-12-20,74.48999786376953
2023-12-21,76.97000122070312
2023-12-22,76.38999938964844
2023-12-26,76.66000366210938
2023-12-27,77.4000015258789
2023-12-28,77.19999694824219
2024-01-02,77.05000305175781
2024-01-03,76.6500015258789
2024-01-04,75.62000274658203
2024-01-05,74.6500015258789
2024-01-08,74.2699966430664
2024-01-09,73.33000183105469
2024-01-10,72.2300033569336
2024-01-11,72.61000061035156
2024-01-12,71.69000244140625
2024-01-15,71.55000305175781
2024-01-16,70.62000274658203
2024-01-17,69.3499984741211
2024-01-18,69.0
2024-01-19,68.0999984741211
2024-01-22,67.80000305175781
2024-01-23,69.19999694824219
2024-01-24,69.9000015258789
2024-01-25,68.18000030517578
2024-01-26,69.5
2024-01-29,69.16999816894531
2024-01-30,68.77999877929688
2024-01-31,67.76000213623047
2024-02-01,67.44999694824219
2024-02-02,66.08000183105469
2024-02-05,65.51000213623047
2024-02-06,66.66999816894531
2024-02-07,66.80000305175781
2024-02-08,66.20999908447266
2024-02-09,65.91999816894531
2024-02-14,65.72000122070312
2024-02-15,65.51000213623047
2024-02-16,68.0
2024-02-19,67.48999786376953
2024-02-20,66.01000213623047
2024-02-21,66.51000213623047
2024-02-22,67.22000122070312
2024-02-23,67.37999725341797
2024-02-26,65.75
2024-02-27,67.4800033569336
2024-02-28,66.73999786376953
2024-02-29,66.98999786376953
2024-03-01,66.87999725341797
2024-03-04,66.7300033569336
2024-03-05,65.8499984741211
2024-03-06,66.75
2024-03-07,66.5199966430664
2024-03-08,66.01000213623047
2024-03-11,63.959999084472656
2024-03-12,60.84000015258789
2024-03-13,61.22999954223633
2024-03-14,60.45000076293945
2024-03-15,59.7599983215332
2024-03-18,60.900001525878906
2024-03-19,61.400001525878906
2024-03-20,61.810001373291016
2024-03-21,61.65999984741211
2024-03-22,60.95000076293945
2024-03-25,60.81999969482422
2024-03-26,60.04999923706055
2024-03-27,60.599998474121094
2024-03-28,60.83000183105469
2024-04-01,61.220001220703125
2024-04-02,61.939998626708984
2024-04-03,61.04999923706055
2024-04-04,60.369998931884766
2024-04-05,59.709999084472656
2024-04-08,62.970001220703125
2024-04-09,62.54999923706055
2024-04-10,61.599998474121094
2024-04-11,61.86000061035156
2024-04-12,61.630001068115234
2024-04-15,61.9900016784668
2024-04-16,61.439998626708984
2024-04-17,62.11000061035156
2024-04-18,62.34000015258789
2024-04-19,63.36000061035156
2024-04-22,63.33000183105469
2024-04-23,62.779998779296875
2024-04-24,63.560001373291016
2024-04-25,62.220001220703125
2024-04-26,62.220001220703125
2024-04-29,63.900001525878906
2024-04-30,63.290000915527344
2024-05-02,63.91999816894531
2024-05-03,63.9900016784668
2024-05-06,64.18000030517578
2024-05-07,64.58000183105469
2024-05-08,63.9900016784668
2024-05-09,64.51000213623047
2024-05-10,64.29000091552734
2024-05-13,64.66999816894531
2024-05-14,64.62999725341797
2024-05-15,64.44000244140625
2024-05-16,64.91000366210938
2024-05-17,66.18000030517578
2024-05-20,66.1500015258789
2024-05-21,65.95999908447266
2024-05-22,65.44000244140625
2024-05-23,65.05000305175781
2024-05-24,65.08000183105469
2024-05-27,65.30000305175781
2024-05-28,63.88999938964844
2024-05-29,63.2400016784668
2024-05-31,63.20000076293945
2024-06-03,61.869998931884766
2024-06-04,61.2400016784668
2024-06-05,60.369998931884766
2024-06-06,61.209999084472656
2024-06-07,60.40999984741211
2024-06-10,61.06999969482422
2024-06-11,60.97999954223633
2024-06-12,60.13999938964844
2024-06-13,60.83000183105469
2024-06-14,60.619998931884766
2024-06-17,60.380001068115234
2024-06-18,60.65999984741211
2024-06-19,60.849998474121094
2024-06-20,61.400001525878906
2024-06-21,60.83000183105469
2024-06-24,60.900001525878906
2024-06-25,60.650001525878906
2024-06-26,61.400001525878906
2024-06-27,61.560001373291016
2024-06-28,62.220001220703125
2024-07-01,63.13999938964844
2024-07-02,62.93000030517578
2024-07-03,64.18000030517578
2024-07-04,63.86000061035156
2024-07-05,63.599998474121094
2024-07-08,63.099998474121094
2024-07-09,63.02000045776367
2024-07-10,62.16999816894531
2024-07-11,62.0099983215332
2024-07-12,62.91999816894531
2024-07-15,62.9900016784668
2024-07-16,62.33000183105469
2024-07-17,61.75
2024-07-18,61.16999816894531
2024-07-19,61.119998931884766
2024-07-22,61.04999923706055
2024-07-23,60.22999954223633
2024-07-24,60.599998474121094
2024-07-25,60.56999969482422
2024-07-26,61.470001220703125
2024-07-29,61.58000183105469
2024-07-30,60.220001220703125
2024-07-31,61.630001068115234
2024-08-01,60.25
2024-08-02,59.40999984741211
2024-08-05,57.02000045776367
2024-08-06,57.310001373291016
2024-08-07,57.20000076293945
2024-08-08,56.849998474121094
2024-08-09,57.060001373291016
2024-08-12,56.77000045776367
2024-08-13,56.52000045776367
2024-08-14,56.0
2024-08-15,56.22999954223633
2024-08-16,56.08000183105469
2024-08-19,56.97999954223633
2024-08-20,57.20000076293945
2024-08-21,58.29999923706055
2024-08-22,58.380001068115234
2024-08-23,57.400001525878906
2024-08-26,58.04999923706055
2024-08-27,59.79999923706055
2024-08-28,59.369998931884766
2024-08-29,59.29999923706055
2024-08-30,59.58000183105469
2024-09-02,58.7400016784668
2024-09-03,56.54999923706055
2024-09-04,56.9900016784668
2024-09-05,57.400001525878906
2024-09-06,56.68000030517578
2024-09-09,56.68000030517578
2024-09-10,56.0
2024-09-11,57.59000015258789
2024-09-12,58.11000061035156
2024-09-13,58.5
2024-09-16,58.5
2024-09-17,58.220001220703125
2024-09-18,57.540000915527344
2024-09-19,58.22999954223633
2024-09-20,57.349998474121094
2024-09-23,57.529998779296875
2024-09-24,60.34000015258789
2024-09-25,60.61000061035156
2024-09-26,64.25
2024-09-27,63.959999084472656
2024-09-30,63.5099983215332
2024-10-01,63.81999969482422
2024-10-02,64.16999816894531
2024-10-03,62.939998626708984
2024-10-04,62.47999954223633
2024-10-07,63.029998779296875
2024-10-08,61.119998931884766
2024-10-09,60.959999084472656
2024-10-10,61.25
2024-10-11,62.130001068115234
2024-10-14,61.93000030517578
2024-10-15,61.16999816894531
2024-10-16,62.34000015258789
2024-10-17,60.7599983215332
2024-10-18,60.54999923706055
2024-10-21,60.33000183105469
2024-10-22,60.40999984741211
2024-10-23,59.349998474121094
2024-10-24,59.70000076293945
2024-10-25,61.72999954223633
2024-10-28,62.880001068115234
2024-10-29,62.65999984741211
2024-10-30,62.470001220703125
2024-10-31,62.060001373291016
2024-11-01,62.029998779296875
2024-11-04,62.66999816894531
2024-11-05,62.119998931884766
2024-11-06,61.41999816894531
2024-11-07,63.560001373291016
2024-11-08,60.630001068115234
2024-11-11,58.650001525878906
2024-11-12,57.31999969482422
2024-11-13,57.15999984741211
2024-11-14,56.84000015258789
2024-11-18,57.54999923706055
2024-11-19,57.68000030517578
2024-11-21,57.619998931884766
2024-11-22,58.18000030517578
2024-11-25,58.16999816894531
2024-11-26,57.43000030517578
2024-11-27,58.130001068115234
2024-11-28,57.529998779296875
2024-11-29,58.779998779296875
2024-12-02,58.91999816894531
2024-12-03,58.470001220703125
2024-12-04,57.33000183105469
2024-12-05,57.79999923706055
2024-12-06,56.810001373291016
2024-12-09,59.83000183105469
2024-12-10,59.77000045776367
2024-12-11,58.84000015258789
2024-12-12,56.709999084472656
2024-12-13,55.86000061035156
2024-12-16,55.83000183105469
2024-12-17,56.11000061035156
2024-12-18,54.810001373291016
2024-12-19,53.77000045776367
2024-12-20,54.619998931884766
2024-12-23,54.849998474121094
2024-12-26,55.0099983215332
2024-12-27,54.7400016784668
2024-12-30,54.54999923706055
2025-01-02,54.25
2025-01-03,53.2400016784668
2025-01-06,52.560001373291016
2025-01-07,52.04999923706055
2025-01-08,51.54999923706055
2025-01-09,51.22999954223633
2025-01-10,51.52000045776367
2025-01-13,51.5099983215332
2025-01-14,51.849998474121094
2025-01-15,52.599998474121094
2025-01-16,52.66999816894531
2025-01-17,54.4900016784668
2025-01-20,54.290000915527344
2025-01-21,54.02000045776367
2025-01-22,52.65999984741211
2025-01-23,52.31999969482422
2025-01-24,53.029998779296875
2025-01-27,53.959999084472656
2025-01-28,52.650001525878906
2025-01-29,52.79999923706055
2025-01-30,55.029998779296875
2025-01-31,54.16999816894531
2025-02-03,54.209999084472656
2025-02-04,54.02000045776367
2025-02-05,54.310001373291016
2025-02-06,55.130001068115234
2025-02-07,54.83000183105469
2025-02-10,55.400001525878906
2025-02-11,55.15999984741211
2025-02-12,54.790000915527344
2025-02-13,54.86000061035156
2025-02-14,55.66999816894531
2025-02-17,55.369998931884766
2025-02-18,55.7400016784668
2025-02-19,55.689998626708984
2025-02-20,57.7400016784668
2025-02-21,58.15999984741211
2025-02-24,57.630001068115234
2025-02-25,57.06999969482422
2025-02-26,56.720001220703125
2025-02-27,56.29999923706055
2025-02-28,55.150001525878906
2025-03-05,55.59000015258789
2025-03-06,56.20000076293945
2025-03-07,57.02000045776367
2025-03-10,53.9900016784668
2025-03-11,54.439998626708984
2025-03-12,53.7599983215332
2025-03-13,54.5
2025-03-14,56.290000915527344
2025-03-17,57.099998474121094
2025-03-18,57.52000045776367
2025-03-19,57.41999816894531
2025-03-20,57.2400016784668
2025-03-21,57.45000076293945
2025-03-24,57.150001525878906
2025-03-25,57.34000015258789
2025-03-26,57.689998626708984
2025-03-27,58.150001525878906
2025-03-28,57.560001373291016
2025-03-31,56.70000076293945
2025-04-01,57.189998626708984
2025-04-02,56.93000030517578
2025-04-03,54.869998931884766
2025-04-04,52.68000030517578
2025-04-07,52.04999923706055
2025-04-08,49.20000076293945
2025-04-09,51.849998474121094
2025-04-10,52.779998779296875
2025-04-11,53.65999984741211
2025-04-14,54.36000061035156
2025-04-15,53.810001373291016
2025-04-16,52.560001373291016
2025-04-17,52.880001068115234
2025-04-22,53.81999969482422
2025-04-23,54.459999084472656
2025-04-24,55.310001373291016
2025-04-25,53.849998474121094
2025-04-28,54.040000915527344
2025-04-29,53.84000015258789
2025-04-30,52.86000061035156
2025-05-02,52.79999923706055
2025-05-05,52.959999084472656
2025-05-06,53.0
2025-05-07,52.900001525878906
2025-05-08,52.7400016784668
2025-05-09,52.95000076293945
2025-05-12,54.279998779296875
2025-05-13,55.16999816894531
2025-05-14,54.900001525878906
2025-05-15,55.45000076293945
2025-05-16,55.4900016784668
2025-05-19,55.34000015258789
2025-05-20,55.349998474121094
2025-05-21,54.63999938964844
2025-05-22,54.22999954223633
2025-05-23,54.31999969482422
2025-05-26,54.0099983215332
2025-05-27,53.84000015258789
2025-05-28,53.40999984741211
2025-05-29,53.45000076293945
2025-05-30,52.099998474121094
2025-06-02,52.560001373291016
2025-06-03,52.529998779296875
2025-06-04,52.77000045776367
2025-06-05,52.90999984741211
2025-06-06,52.97999954223633
2025-06-09,53.290000915527344
2025-06-10,53.650001525878906
2025-06-11,53.18000030517578
2025-06-12,52.83000183105469
2025-06-13,52.130001068115234
2025-06-16,53.83000183105469
2025-06-17,51.40999984741211
2025-06-18,51.2400016784668
2025-06-20,49.91999816894531
2025-06-23,50.54999923706055
2025-06-24,50.540000915527344
2025-06-25,50.47999954223633
2025-06-26,52.0
2025-06-27,52.869998931884766
2025-06-30,52.650001525878906
2025-07-01,53.36000061035156
2025-07-02,55.29999923706055
2025-07-03,55.040000915527344
2025-07-04,55.20000076293945
2025-07-07,54.38999938964844
2025-07-08,54.58000183105469
2025-07-09,54.040000915527344
2025-07-10,55.279998779296875
2025-07-11,56.0
2025-07-14,55.36000061035156
2025-07-15,53.90999984741211
2025-07-16,54.400001525878906
2025-07-17,54.29999923706055
2025-07-18,54.560001373291016
2025-07-21,56.04999923706055
2025-07-22,57.5
2025-07-23,57.41999816894531
2025-07-24,56.529998779296875
2025-07-25,55.70000076293945
2025-07-28,55.15999984741211
2025-07-29,54.81999969482422
2025-07-30,53.84000015258789
2025-07-31,53.459999084472656
2025-08-01,53.75
2025-08-04,54.18000030517578
2025-08-05,54.11000061035156
2025-08-06,53.77000045776367
2025-08-07,54.15999984741211
2025-08-08,55.38999938964844
2025-08-11,55.33000183105469
2025-08-12,55.90999984741211
2025-08-13,54.09000015258789
2025-08-14,53.41999816894531
2025-08-15,53.31999969482422
2025-08-18,53.20000076293945
2025-08-19,53.2400016784668
2025-08-20,53.0
2025-08-21,53.45000076293945
2025-08-22,54.790000915527344
2025-08-25,54.91999816894531
2025-08-26,55.40999984741211
2025-08-27,55.380001068115234
2025-08-28,55.400001525878906
2025-08-29,55.560001373291016
2025-09-01,55.599998474121094
2025-09-02,55.38999938964844
2025-09-03,55.599998474121094
2025-09-04,55.709999084472656
2025-09-05,56.220001220703125
2025-09-08,56.36000061035156
2025-09-09,56.189998626708984
2025-09-10,56.58000183105469
2025-09-11,57.02000045776367
2025-09-12,57.0
2025-09-15,57.5
2025-09-16,57.70000076293945
2025-09-17,57.79999923706055
2025-09-18,57.689998626708984
2025-09-19,57.91999816894531
2025-09-22,58.0
2025-09-23,57.66999816894531
2025-09-24,57.88999938964844
2025-09-25,58.209999084472656
2025-09-26,57.09000015258789
2025-09-29,57.279998779296875
2025-09-30,57.58000183105469
2025-10-01,58.310001373291016
2025-10-02,58.70000076293945
2025-10-03,58.59000015258789
2025-10-06,59.59000015258789
2025-10-07,58.75
2025-10-08,59.20000076293945
2025-10-09,59.11000061035156
2025-10-10,58.869998931884766
2025-10-13,59.75
2025-10-14,59.75
2025-10-15,60.86000061035156
2025-10-16,60.29999923706055
2025-10-17,60.130001068115234
2025-10-20,60.900001525878906
2025-10-21,60.79999923706055
2025-10-22,61.880001068115234
2025-10-23,61.7599983215332
2025-10-24,61.72999954223633
2025-10-27,61.65999984741211
2025-10-28,62.20000076293945
2025-10-29,63.33000183105469
2025-10-30,63.810001373291016
2025-10-31,65.26000213623047
2025-11-03,65.3499984741211
2025-11-04,64.62000274658203
2025-11-05,65.7300033569336
2025-11-06,65.5
2025-11-07,64.77999877929688
2025-11-10,65.20999908447266
2025-11-11,65.04000091552734
2025-11-12,65.76000213623047
2025-11-13,65.66999816894531
2025-11-14,65.2699966430664
2025-11-17,65.22000122070312
2025-11-18,65.0199966430664
2025-11-19,64.94999694824219
2025-11-21,65.16000366210938
2025-11-24,65.08999633789062
2025-11-25,65.5999984741211
2025-11-26,66.58000183105469
2025-11-27,66.33000183105469
2025-11-28,67.4000015258789
2025-12-01,67.91999816894531
2025-12-02,68.4800033569336
2025-12-03,70.69000244140625
2025-12-04,71.91999816894531
2025-12-05,70.22000122070312
2025-12-08,69.73999786376953
2025-12-09,69.77999877929688
2025-12-10,71.05999755859375
2025-12-11,72.0
2025-12-12,68.61000061035156
2025-12-15,69.02999877929688
2025-12-16,69.29000091552734
2025-12-17,70.16999816894531
2025-12-18,70.3499984741211
2025-12-19,70.8499984741211
2025-12-22,72.91999816894531
2025-12-23,72.9000015258789
2025-12-26,73.12000274658203
2025-12-29,72.12000274658203
2025-12-30,71.95999908447266
2026-01-02,72.37999725341797
2026-01-05,73.12000274658203
2026-01-06,75.87000274658203
2026-01-07,76.31999969482422
2026-01-08,75.58000183105469
2026-01-09,74.72000122070312
2026-01-12,74.73999786376953
2026-01-13,75.3499984741211
2026-01-14,78.91999816894531
2026-01-15,78.8499984741211
2026-01-16,78.87999725341797
2026-01-19,78.56999969482422
2026-01-20,80.08000183105469
2026-01-21,82.5
2026-01-22,82.9800033569336
2026-01-23,85.0199966430664
2026-01-26,83.06999969482422
2026-01-27,84.9000015258789
2026-01-28,86.97000122070312
2026-01-29,87.41000366210938
2026-01-30,84.31999969482422
2026-02-02,84.81999969482422
2026-02-03,88.98999786376953
2026-02-04,89.43000030517578
2026-02-05,86.44999694824219
2026-02-06,85.62999725341797
2026-02-09,87.30999755859375
2026-02-10,87.05000305175781
2026-02-11,90.08999633789062
2026-02-12,89.2300033569336
2026-02-13,87.02999877929688
2026-02-18,83.91999816894531
2026-02-19,83.45999908447266
2026-02-20,86.80999755859375
2026-02-23,87.38999938964844
2026-02-24,87.7300033569336
2026-02-25,89.97000122070312
2026-02-26,89.20999908447266
2026-02-27,88.47000122070312
2026-03-02,88.16000366210938
2026-03-03,84.4800033569336
2026-03-04,84.08999633789062
2026-03-05,81.29000091552734
2026-03-06,78.86000061035156
2026-03-09,79.26000213623047
2026-03-10,80.55999755859375
2026-03-11,79.8499984741211
2026-03-12,79.23999786376953
2026-03-13,78.30000305175781
2026-03-16,78.83999633789062
2026-03-17,78.95999908447266
2026-03-18,77.12999725341797
2026-03-19,76.62999725341797
2026-03-20,75.55000305175781
2026-03-23,77.48999786376953
2026-03-24,78.0999984741211
2026-03-25,79.55000305175781
2026-03-26,78.91000366210938
2026-03-27,79.0
2026-03-30,79.5
2026-03-31,82.4800033569336
2026-04-01,83.0
2026-04-02,83.55000305175781
2026-04-06,83.08999633789062
2026-04-07,83.69000244140625
2026-04-08,85.58999633789062
2026-04-09,84.69000244140625
2026-04-10,85.58999633789062
2026-04-13,87.36000061035156
2026-04-14,88.30000305175781
2026-04-15,88.44000244140625
2026-04-16,87.44000244140625
2026-04-17,89.75
2026-04-20,88.7300033569336
2026-04-22,87.22000122070312
2026-04-23,85.97000122070312
2026-04-24,85.87000274658203
2026-04-27,85.5
2026-04-28,84.38999938964844
2026-04-29,79.44000244140625
2026-04-30,81.18000030517578
2026-05-04,78.66000366210938
2026-05-05,78.38999938964844
2026-05-06,81.2300033569336
2026-05-07,80.06999969482422
2026-05-08,80.80000305175781
2026-05-11,83.44999694824219
2026-05-12,83.25
2026-05-13,84.30000305175781
2026-05-14,82.87000274658203
2026-05-15,83.5
2026-05-18,81.83000183105469
2026-05-19,81.0199966430664
2026-05-20,82.0
2026-05-21,82.62999725341797
2026-05-22,83.0999984741211
2026-05-25,83.58999633789062
2026-05-26,83.06999969482422
2026-05-27,83.44999694824219
2026-05-28,83.95999908447266
2026-05-29,82.81999969482422
2026-06-01,81.69999694824219
2026-06-02,85.0
2026-06-03,81.79000091552734
2026-06-05,78.69999694824219
2026-06-08,78.06999969482422
2026-06-09,78.5
2026-06-10,77.69999694824219
2026-06-11,78.80000305175781
2026-06-12,79.16999816894531
2026-06-15,81.16000366210938
2026-06-16,81.44000244140625
2026-06-17,79.77999877929688
2026-06-18,79.94000244140625
2026-06-19,80.75
